game_id,week_index,week_start,reviews_new,reviews_new_positive,reviews_new_negative,reviews_cumulative,peak_ccu,price_that_week,on_sale,discount_pct,est_units_week,est_revenue_week,event_note
1637320,0,2022-09-27,1417,1251,166,1417,,,,,,,
1637320,1,2022-10-04,598,540,58,2015,,,,,,,
1637320,2,2022-10-11,363,331,32,2378,,,,,,,
1637320,3,2022-10-18,359,328,31,2737,,,,,,,
1637320,4,2022-10-25,282,261,21,3019,,,,,,,
1637320,5,2022-10-31,165,155,10,3184,,,,,,,
1637320,6,2022-11-07,167,158,9,3351,,,,,,,
1637320,7,2022-11-14,159,145,14,3510,,,,,,,
1637320,8,2022-11-21,1102,1077,25,4612,,,,,,,
1637320,9,2022-11-28,180,163,17,4792,,,,,,,
1637320,10,2022-12-05,56,52,4,4848,,,,,,,
1637320,11,2022-12-12,60,47,13,4908,,,,,,,
1637320,12,2022-12-19,126,113,13,5034,,,,,,,
1637320,13,2022-12-26,176,151,25,5210,,,,,,,
1637320,14,2023-01-02,136,121,15,5346,,,,,,,
1637320,15,2023-01-09,76,66,10,5422,,,,,,,
1637320,16,2023-01-16,87,78,9,5509,,,,,,,
1637320,17,2023-01-23,118,113,5,5627,,,,,,,
1637320,18,2023-01-30,92,81,11,5719,,,,,,,
1637320,19,2023-02-06,49,42,7,5768,,,,,,,
1637320,20,2023-02-13,54,48,6,5822,,,,,,,
1637320,21,2023-02-20,40,35,5,5862,,,,,,,
1637320,22,2023-02-27,53,46,7,5915,,,,,,,
1637320,23,2023-03-06,68,62,6,5983,,,,,,,
1637320,24,2023-03-13,72,62,10,6055,,,,,,,
1637320,25,2023-03-20,75,63,12,6130,,,,,,,
1637320,26,2023-03-28,52,46,6,6182,,,,,,,
1637320,27,2023-04-04,65,61,4,6247,,,,,,,
1637320,28,2023-04-11,60,50,10,6307,,,,,,,
1637320,29,2023-04-18,99,78,21,6406,,,,,,,
1637320,30,2023-04-25,71,62,9,6477,,,,,,,
1637320,31,2023-05-02,76,73,3,6553,,,,,,,
1637320,32,2023-05-09,46,45,1,6599,,,,,,,
1637320,33,2023-05-16,39,39,0,6638,,,,,,,
1637320,34,2023-05-23,32,28,4,6670,,,,,,,
1637320,35,2023-05-30,32,31,1,6702,,,,,,,
1637320,36,2023-06-06,18,18,0,6720,,,,,,,
1637320,37,2023-06-13,20,16,4,6740,,,,,,,
1637320,38,2023-06-20,57,54,3,6797,,,,,,,
1637320,39,2023-06-27,90,86,4,6887,,,,,,,
1637320,40,2023-07-04,83,74,9,6970,,,,,,,
1637320,41,2023-07-11,73,70,3,7043,,,,,,,
1637320,42,2023-07-18,42,36,6,7085,,,,,,,
1637320,43,2023-07-25,48,45,3,7133,,,,,,,
1637320,44,2023-08-01,34,33,1,7167,,,,,,,
1637320,45,2023-08-08,36,34,2,7203,,,,,,,
1637320,46,2023-08-15,26,24,2,7229,,,,,,,
1637320,47,2023-08-22,27,27,0,7256,,,,,,,
1637320,48,2023-08-29,80,70,10,7336,,,,,,,
1637320,49,2023-09-05,50,46,4,7386,,,,,,,
1637320,50,2023-09-12,58,57,1,7444,,,,,,,
1637320,51,2023-09-19,37,36,1,7481,,,,,,,
1637320,52,2023-09-26,31,29,2,7512,,,,,,,
1637320,53,2023-10-03,367,332,35,7879,,,,,,,
1637320,54,2023-10-10,404,377,27,8283,,,,,,,
1637320,55,2023-10-17,153,146,7,8436,,,,,,,
1637320,56,2023-10-24,116,109,7,8552,,,,,,,
1637320,57,2023-10-30,74,68,6,8626,,,,,,,
1637320,58,2023-11-06,56,54,2,8682,,,,,,,
1637320,59,2023-11-13,61,58,3,8743,,,,,,,
1637320,60,2023-11-20,147,141,6,8890,,,,,,,
1637320,61,2023-11-27,105,99,6,8995,,,,,,,
1637320,62,2023-12-04,119,112,7,9114,,,,,,,
1637320,63,2023-12-11,111,100,11,9225,,,,,,,
1637320,64,2023-12-18,77,71,6,9302,,,,,,,
1637320,65,2023-12-25,116,107,9,9418,,,,,,,
1637320,66,2024-01-01,62,56,6,9480,,,,,,,
1637320,67,2024-01-08,73,70,3,9553,,,,,,,
1637320,68,2024-01-15,56,50,6,9609,,,,,,,
1637320,69,2024-01-22,42,42,0,9651,,,,,,,
1637320,70,2024-01-29,38,37,1,9689,,,,,,,
1637320,71,2024-02-05,103,98,5,9792,,,,,,,
1637320,72,2024-02-12,101,96,5,9893,,,,,,,
1637320,73,2024-02-19,63,57,6,9956,,,,,,,
1637320,74,2024-02-26,59,56,3,10015,,,,,,,
1637320,75,2024-03-04,39,39,0,10054,,,,,,,
1637320,76,2024-03-11,60,56,4,10114,,,,,,,
1637320,77,2024-03-18,58,54,4,10172,,,,,,,
1637320,78,2024-03-25,47,45,2,10219,,,,,,,
1637320,79,2024-04-02,44,43,1,10263,,,,,,,
1637320,80,2024-04-09,63,60,3,10326,,,,,,,
1637320,81,2024-04-16,55,52,3,10381,,,,,,,
1637320,82,2024-04-23,29,26,3,10410,,,,,,,
1637320,83,2024-04-30,33,30,3,10443,,,,,,,
1637320,84,2024-05-07,45,43,2,10488,,,,,,,
1637320,85,2024-05-14,39,35,4,10527,,,,,,,
1637320,86,2024-05-21,95,83,12,10622,,,,,,,
1637320,87,2024-05-28,94,86,8,10716,,,,,,,
1637320,88,2024-06-04,55,51,4,10771,,,,,,,
1637320,89,2024-06-11,43,39,4,10814,,,,,,,
1637320,90,2024-06-18,48,44,4,10862,,,,,,,
1637320,91,2024-06-25,46,43,3,10908,,,,,,,
1637320,92,2024-07-02,77,75,2,10985,,,,,,,
1637320,93,2024-07-09,103,98,5,11088,,,,,,,
1637320,94,2024-07-16,77,72,5,11165,,,,,,,
1637320,95,2024-07-23,200,191,9,11365,,,,,,,
1637320,96,2024-07-30,438,406,32,11803,,,,,,,
1637320,97,2024-08-06,249,239,10,12052,,,,,,,
1637320,98,2024-08-13,153,146,7,12205,,,,,,,
1637320,99,2024-08-20,115,112,3,12320,,,,,,,
1637320,100,2024-08-27,86,81,5,12406,,,,,,,
1637320,101,2024-09-03,152,144,8,12558,,,,,,,
1637320,102,2024-09-10,130,121,9,12688,,,,,,,
1637320,103,2024-09-17,97,91,6,12785,,,,,,,
1637320,104,2024-09-24,74,71,3,12859,,,,,,,
1637320,105,2024-10-01,129,121,8,12988,,,,,,,
1637320,106,2024-10-08,118,106,12,13106,,,,,,,
1637320,107,2024-10-15,161,147,14,13267,,,,,,,
1637320,108,2024-10-22,132,122,10,13399,,,,,,,
1637320,109,2024-10-28,104,91,13,13503,,,,,,,
1637320,110,2024-11-04,101,94,7,13604,,,,,,,
1637320,111,2024-11-11,66,62,4,13670,,,,,,,
1637320,112,2024-11-18,65,55,10,13735,,,,,,,
1637320,113,2024-11-25,234,222,12,13969,,,,,,,
1637320,114,2024-12-02,142,131,11,14111,,,,,,,
1637320,115,2024-12-09,87,79,8,14198,,,,,,,
1637320,116,2024-12-16,97,87,10,14295,,,,,,,
1637320,117,2024-12-23,130,121,9,14425,,,,,,,
1637320,118,2024-12-30,122,118,4,14547,,,,,,,
1637320,119,2025-01-06,90,84,6,14637,,,,,,,
1637320,120,2025-01-13,78,72,6,14715,,,,,,,
1637320,121,2025-01-20,79,74,5,14794,,,,,,,
1637320,122,2025-01-27,51,50,1,14845,,,,,,,
1637320,123,2025-02-03,73,72,1,14918,,,,,,,
1637320,124,2025-02-10,56,51,5,14974,,,,,,,
1637320,125,2025-02-17,81,80,1,15055,,,,,,,
1637320,126,2025-02-24,98,90,8,15153,,,,,,,
1637320,127,2025-03-03,67,63,4,15220,,,,,,,
1637320,128,2025-03-10,94,87,7,15314,,,,,,,
1637320,129,2025-03-17,88,85,3,15402,,,,,,,
1637320,130,2025-03-24,58,56,2,15460,,,,,,,
1637320,131,2025-04-01,42,37,5,15502,,,,,,,
1637320,132,2025-04-08,89,83,6,15591,,,,,,,
1637320,133,2025-04-15,95,88,7,15686,,,,,,,
1637320,134,2025-04-22,61,51,10,15747,,,,,,,
1637320,135,2025-04-29,59,53,6,15806,,,,,,,
1637320,136,2025-05-06,31,29,2,15837,,,,,,,
1637320,137,2025-05-13,49,48,1,15886,,,,,,,
1637320,138,2025-05-20,56,49,7,15942,,,,,,,
1637320,139,2025-05-27,77,75,2,16019,,,,,,,
1637320,140,2025-06-03,61,56,5,16080,,,,,,,
1637320,141,2025-06-10,55,50,5,16135,,,,,,,
1637320,142,2025-06-17,48,46,2,16183,,,,,,,
1637320,143,2025-06-24,49,48,1,16232,,,,,,,
1637320,144,2025-07-01,57,55,2,16289,,,,,,,
1637320,145,2025-07-08,63,59,4,16352,,,,,,,
1637320,146,2025-07-15,62,58,4,16414,,,,,,,
1637320,147,2025-07-22,60,52,8,16474,,,,,,,
1637320,148,2025-07-29,63,55,8,16537,,,,,,,
1637320,149,2025-08-05,64,57,7,16601,,,,,,,
1637320,150,2025-08-12,49,47,2,16650,,,,,,,
1637320,151,2025-08-19,79,73,6,16729,,,,,,,
1637320,152,2025-08-26,63,62,1,16792,,,,,,,
1637320,153,2025-09-02,50,49,1,16842,,,,,,,
1637320,154,2025-09-09,52,51,1,16894,,,,,,,
1637320,155,2025-09-16,71,68,3,16965,,,,,,,
1637320,156,2025-09-23,49,44,5,17014,,,,,,,
1637320,157,2025-09-30,58,55,3,17072,,,,,,,
1637320,158,2025-10-07,44,40,4,17116,,,,,,,
1637320,159,2025-10-14,41,35,6,17157,,,,,,,
1637320,160,2025-10-21,30,29,1,17187,,,,,,,
1637320,161,2025-10-27,36,34,2,17223,,,,,,,
1637320,162,2025-11-03,27,25,2,17250,,,,,,,
1637320,163,2025-11-10,68,63,5,17318,,,,,,,
1637320,164,2025-11-17,83,79,4,17401,,,,,,,
1637320,165,2025-11-24,108,104,4,17509,,,,,,,
1637320,166,2025-12-01,50,47,3,17559,,,,,,,
1637320,167,2025-12-08,38,35,3,17597,,,,,,,
1637320,168,2025-12-15,47,42,5,17644,,,,,,,
1637320,169,2025-12-22,65,62,3,17709,,,,,,,
1637320,170,2025-12-29,60,59,1,17769,,,,,,,
1637320,171,2026-01-05,323,273,50,18092,,,,,,,
1637320,172,2026-01-12,200,185,15,18292,,,,,,,
1637320,173,2026-01-19,97,90,7,18389,,,,,,,
1637320,174,2026-01-26,85,74,11,18474,,,,,,,
1637320,175,2026-02-02,48,47,1,18522,,,,,,,
1637320,176,2026-02-09,51,47,4,18573,,,,,,,
1637320,177,2026-02-16,61,56,5,18634,,,,,,,
1637320,178,2026-02-23,45,42,3,18679,,,,,,,
1637320,179,2026-03-02,67,65,2,18746,,,,,,,
1637320,180,2026-03-09,198,172,26,18944,,,,,,,
1637320,181,2026-03-16,129,122,7,19073,,,,,,,
1637320,182,2026-03-23,87,81,6,19160,,,,,,,
1637320,183,2026-03-31,65,60,5,19225,,,,,,,
1637320,184,2026-04-07,117,107,10,19342,,,,,,,
1637320,185,2026-04-14,580,527,53,19922,,,,,,,
1637320,186,2026-04-21,375,343,32,20297,,,,,,,
1637320,187,2026-04-28,232,219,13,20529,,,,,,,
1637320,188,2026-05-05,121,118,3,20650,,,,,,,
1637320,189,2026-05-12,117,107,10,20767,,,,,,,
1637320,190,2026-05-19,103,96,7,20870,,,,,,,
1637320,191,2026-05-26,68,65,3,20938,,,,,,,
1637320,192,2026-06-02,168,150,18,21106,,,,,,,
1637320,193,2026-06-09,159,146,13,21265,,,,,,,
1637320,194,2026-06-16,118,109,9,21383,,,,,,,
1637320,195,2026-06-23,95,88,7,21478,,,,,,,
1637320,196,2026-06-30,117,106,11,21595,,,,,,,
1637320,197,2026-07-07,95,92,3,21690,,,,,,,
1637320,198,2026-07-14,83,77,6,21773,,,,,,,
1637320,199,2026-07-21,119,110,9,21892,,,,,,,
1637320,200,2026-07-28,104,98,6,21996,,,,,,,
1637320,201,2026-08-04,56,49,7,22052,,,,,,,
252410,0,2013-12-05,165,162,3,165,,,,,,,
252410,1,2013-12-12,60,59,1,225,,,,,,,
252410,2,2013-12-19,71,68,3,296,,,,,,,
252410,3,2013-12-26,84,82,2,380,,,,,,,
252410,4,2014-01-02,39,37,2,419,,,,,,,
252410,5,2014-01-09,21,19,2,440,,,,,,,
252410,6,2014-01-16,14,13,1,454,,,,,,,
252410,7,2014-01-23,8,8,0,462,,,,,,,
252410,8,2014-01-30,10,9,1,472,,,,,,,
252410,9,2014-02-06,14,13,1,486,,,,,,,
252410,10,2014-02-13,36,34,2,522,,,,,,,
252410,11,2014-02-20,57,55,2,579,,,,,,,
252410,12,2014-02-27,21,20,1,600,,,,,,,
252410,13,2014-03-06,10,9,1,610,,,,,,,
252410,14,2014-03-13,7,7,0,617,,,,,,,
252410,15,2014-03-20,2,2,0,619,,,,,,,
252410,16,2014-03-27,6,6,0,625,,,,,,,
252410,17,2014-04-03,5,5,0,630,,,,,,,
252410,18,2014-04-10,8,8,0,638,,,,,,,
252410,19,2014-04-17,8,8,0,646,,,,,,,
252410,20,2014-04-24,24,23,1,670,,,,,,,
252410,21,2014-05-01,28,26,2,698,,,,,,,
252410,22,2014-05-08,13,11,2,711,,,,,,,
252410,23,2014-05-15,12,12,0,723,,,,,,,
252410,24,2014-05-22,7,7,0,730,,,,,,,
252410,25,2014-05-29,2,2,0,732,,,,,,,
252410,26,2014-06-05,7,7,0,739,,,,,,,
252410,27,2014-06-12,3,3,0,742,,,,,,,
252410,28,2014-06-19,12,12,0,754,,,,,,,
252410,29,2014-06-26,187,173,14,941,,,,,,,
252410,30,2014-07-03,41,39,2,982,,,,,,,
252410,31,2014-07-10,19,18,1,1001,,,,,,,
252410,32,2014-07-17,12,12,0,1013,,,,,,,
252410,33,2014-07-24,20,19,1,1033,,,,,,,
252410,34,2014-07-31,6,6,0,1039,,,,,,,
252410,35,2014-08-07,9,8,1,1048,,,,,,,
252410,36,2014-08-14,9,8,1,1057,,,,,,,
252410,37,2014-08-21,3,3,0,1060,,,,,,,
252410,38,2014-08-28,2,2,0,1062,,,,,,,
252410,39,2014-09-04,21,18,3,1083,,,,,,,
252410,40,2014-09-11,140,128,12,1223,,,,,,,
252410,41,2014-09-18,105,98,7,1328,,,,,,,
252410,42,2014-09-25,74,70,4,1402,,,,,,,
252410,43,2014-10-02,52,49,3,1454,,,,,,,
252410,44,2014-10-09,32,27,5,1486,,,,,,,
252410,45,2014-10-16,19,18,1,1505,,,,,,,
252410,46,2014-10-23,25,21,4,1530,,,,,,,
252410,47,2014-10-30,23,20,3,1553,,,,,,,
252410,48,2014-11-06,78,75,3,1631,,,,,,,
252410,49,2014-11-13,62,57,5,1693,,,,,,,
252410,50,2014-11-20,31,26,5,1724,,,,,,,
252410,51,2014-11-27,25,24,1,1749,,,,,,,
252410,52,2014-12-04,34,30,4,1783,,,,,,,
252410,53,2014-12-11,58,54,4,1841,,,,,,,
252410,54,2014-12-18,43,38,5,1884,,,,,,,
252410,55,2014-12-25,33,31,2,1917,,,,,,,
252410,56,2015-01-01,27,25,2,1944,,,,,,,
252410,57,2015-01-08,15,14,1,1959,,,,,,,
252410,58,2015-01-15,18,17,1,1977,,,,,,,
252410,59,2015-01-22,17,16,1,1994,,,,,,,
252410,60,2015-01-29,12,12,0,2006,,,,,,,
252410,61,2015-02-05,8,8,0,2014,,,,,,,
252410,62,2015-02-12,13,12,1,2027,,,,,,,
252410,63,2015-02-19,11,11,0,2038,,,,,,,
252410,64,2015-02-26,7,7,0,2045,,,,,,,
252410,65,2015-03-05,9,9,0,2054,,,,,,,
252410,66,2015-03-12,6,6,0,2060,,,,,,,
252410,67,2015-03-19,7,6,1,2067,,,,,,,
252410,68,2015-03-26,7,5,2,2074,,,,,,,
252410,69,2015-04-02,8,6,2,2082,,,,,,,
252410,70,2015-04-09,8,6,2,2090,,,,,,,
252410,71,2015-04-16,6,5,1,2096,,,,,,,
252410,72,2015-04-23,14,13,1,2110,,,,,,,
252410,73,2015-04-30,17,15,2,2127,,,,,,,
252410,74,2015-05-07,16,15,1,2143,,,,,,,
252410,75,2015-05-14,15,14,1,2158,,,,,,,
252410,76,2015-05-21,12,9,3,2170,,,,,,,
252410,77,2015-05-28,11,10,1,2181,,,,,,,
252410,78,2015-06-04,9,8,1,2190,,,,,,,
252410,79,2015-06-11,16,13,3,2206,,,,,,,
252410,80,2015-06-18,15,12,3,2221,,,,,,,
252410,81,2015-06-25,9,9,0,2230,,,,,,,
252410,82,2015-07-02,12,12,0,2242,,,,,,,
252410,83,2015-07-09,7,6,1,2249,,,,,,,
252410,84,2015-07-16,14,13,1,2263,,,,,,,
252410,85,2015-07-23,6,6,0,2269,,,,,,,
252410,86,2015-07-30,9,8,1,2278,,,,,,,
252410,87,2015-08-06,6,5,1,2284,,,,,,,
252410,88,2015-08-13,7,6,1,2291,,,,,,,
252410,89,2015-08-20,5,5,0,2296,,,,,,,
252410,90,2015-08-27,5,5,0,2301,,,,,,,
252410,91,2015-09-03,2,2,0,2303,,,,,,,
252410,92,2015-09-10,3,3,0,2306,,,,,,,
252410,93,2015-09-17,4,4,0,2310,,,,,,,
252410,94,2015-09-24,11,11,0,2321,,,,,,,
252410,95,2015-10-01,7,5,2,2328,,,,,,,
252410,96,2015-10-08,5,4,1,2333,,,,,,,
252410,97,2015-10-15,6,6,0,2339,,,,,,,
252410,98,2015-10-22,6,6,0,2345,,,,,,,
252410,99,2015-10-29,1,1,0,2346,,,,,,,
252410,100,2015-11-05,7,7,0,2353,,,,,,,
252410,101,2015-11-12,6,6,0,2359,,,,,,,
252410,102,2015-11-19,6,5,1,2365,,,,,,,
252410,103,2015-11-26,6,6,0,2371,,,,,,,
252410,104,2015-12-03,8,8,0,2379,,,,,,,
252410,105,2015-12-10,10,10,0,2389,,,,,,,
252410,106,2015-12-17,4,4,0,2393,,,,,,,
252410,107,2015-12-24,13,12,1,2406,,,,,,,
252410,108,2015-12-31,5,5,0,2411,,,,,,,
252410,109,2016-01-07,5,4,1,2416,,,,,,,
252410,110,2016-01-14,7,6,1,2423,,,,,,,
252410,111,2016-01-21,4,4,0,2427,,,,,,,
252410,112,2016-01-28,6,6,0,2433,,,,,,,
252410,113,2016-02-04,10,9,1,2443,,,,,,,
252410,114,2016-02-11,6,5,1,2449,,,,,,,
252410,115,2016-02-18,4,3,1,2453,,,,,,,
252410,116,2016-02-25,9,8,1,2462,,,,,,,
252410,117,2016-03-03,6,6,0,2468,,,,,,,
252410,118,2016-03-10,2,2,0,2470,,,,,,,
252410,119,2016-03-17,4,4,0,2474,,,,,,,
252410,120,2016-03-24,3,3,0,2477,,,,,,,
252410,121,2016-03-31,5,4,1,2482,,,,,,,
252410,122,2016-04-07,10,9,1,2492,,,,,,,
252410,123,2016-04-14,31,29,2,2523,,,,,,,
252410,124,2016-04-21,6,6,0,2529,,,,,,,
252410,125,2016-04-28,12,12,0,2541,,,,,,,
252410,126,2016-05-05,4,4,0,2545,,,,,,,
252410,127,2016-05-12,7,6,1,2552,,,,,,,
252410,128,2016-05-19,4,3,1,2556,,,,,,,
252410,129,2016-05-26,12,11,1,2568,,,,,,,
252410,130,2016-06-02,4,4,0,2572,,,,,,,
252410,131,2016-06-09,5,5,0,2577,,,,,,,
252410,132,2016-06-16,10,9,1,2587,,,,,,,
252410,133,2016-06-23,17,17,0,2604,,,,,,,
252410,134,2016-06-30,22,22,0,2626,,,,,,,
252410,135,2016-07-07,14,12,2,2640,,,,,,,
252410,136,2016-07-14,11,9,2,2651,,,,,,,
252410,137,2016-07-21,4,4,0,2655,,,,,,,
252410,138,2016-07-28,3,3,0,2658,,,,,,,
252410,139,2016-08-04,2,2,0,2660,,,,,,,
252410,140,2016-08-11,4,4,0,2664,,,,,,,
252410,141,2016-08-18,4,4,0,2668,,,,,,,
252410,142,2016-08-25,6,6,0,2674,,,,,,,
252410,143,2016-09-01,5,5,0,2679,,,,,,,
252410,144,2016-09-08,7,6,1,2686,,,,,,,
252410,145,2016-09-15,2,2,0,2688,,,,,,,
252410,146,2016-09-22,23,20,3,2711,,,,,,,
252410,147,2016-09-29,6,6,0,2717,,,,,,,
252410,148,2016-10-06,13,13,0,2730,,,,,,,
252410,149,2016-10-13,4,4,0,2734,,,,,,,
252410,150,2016-10-20,4,4,0,2738,,,,,,,
252410,151,2016-10-27,8,7,1,2746,,,,,,,
252410,152,2016-11-03,2,2,0,2748,,,,,,,
252410,153,2016-11-10,4,4,0,2752,,,,,,,
252410,154,2016-11-17,10,10,0,2762,,,,,,,
252410,155,2016-11-24,41,40,1,2803,,,,,,,
252410,156,2016-12-01,7,7,0,2810,,,,,,,
252410,157,2016-12-08,6,3,3,2816,,,,,,,
252410,158,2016-12-15,4,4,0,2820,,,,,,,
252410,159,2016-12-22,33,32,1,2853,,,,,,,
252410,160,2016-12-29,15,15,0,2868,,,,,,,
252410,161,2017-01-05,11,9,2,2879,,,,,,,
252410,162,2017-01-12,11,11,0,2890,,,,,,,
252410,163,2017-01-19,8,8,0,2898,,,,,,,
252410,164,2017-01-26,5,5,0,2903,,,,,,,
252410,165,2017-02-02,12,10,2,2915,,,,,,,
252410,166,2017-02-09,5,4,1,2920,,,,,,,
252410,167,2017-02-16,4,4,0,2924,,,,,,,
252410,168,2017-02-23,11,11,0,2935,,,,,,,
252410,169,2017-03-02,8,8,0,2943,,,,,,,
252410,170,2017-03-09,6,6,0,2949,,,,,,,
252410,171,2017-03-16,17,17,0,2966,,,,,,,
252410,172,2017-03-23,30,29,1,2996,,,,,,,
252410,173,2017-03-30,4,4,0,3000,,,,,,,
252410,174,2017-04-06,9,9,0,3009,,,,,,,
252410,175,2017-04-13,7,6,1,3016,,,,,,,
252410,176,2017-04-20,6,6,0,3022,,,,,,,
252410,177,2017-04-27,8,7,1,3030,,,,,,,
252410,178,2017-05-04,3,2,1,3033,,,,,,,
252410,179,2017-05-11,0,0,0,3033,,,,,,,
252410,180,2017-05-18,8,8,0,3041,,,,,,,
252410,181,2017-05-25,7,5,2,3048,,,,,,,
252410,182,2017-06-01,21,20,1,3069,,,,,,,
252410,183,2017-06-08,30,29,1,3099,,,,,,,
252410,184,2017-06-15,11,10,1,3110,,,,,,,
252410,185,2017-06-22,23,21,2,3133,,,,,,,
252410,186,2017-06-29,25,24,1,3158,,,,,,,
252410,187,2017-07-06,16,15,1,3174,,,,,,,
252410,188,2017-07-13,12,11,1,3186,,,,,,,
252410,189,2017-07-20,7,6,1,3193,,,,,,,
252410,190,2017-07-27,5,5,0,3198,,,,,,,
252410,191,2017-08-03,5,5,0,3203,,,,,,,
252410,192,2017-08-10,2,2,0,3205,,,,,,,
252410,193,2017-08-17,4,4,0,3209,,,,,,,
252410,194,2017-08-24,9,9,0,3218,,,,,,,
252410,195,2017-08-31,5,4,1,3223,,,,,,,
252410,196,2017-09-07,12,11,1,3235,,,,,,,
252410,197,2017-09-14,8,8,0,3243,,,,,,,
252410,198,2017-09-21,21,20,1,3264,,,,,,,
252410,199,2017-09-28,18,18,0,3282,,,,,,,
252410,200,2017-10-05,10,9,1,3292,,,,,,,
252410,201,2017-10-12,15,13,2,3307,,,,,,,
252410,202,2017-10-19,4,3,1,3311,,,,,,,
252410,203,2017-10-26,5,4,1,3316,,,,,,,
252410,204,2017-11-02,12,11,1,3328,,,,,,,
252410,205,2017-11-09,6,6,0,3334,,,,,,,
252410,206,2017-11-16,47,45,2,3381,,,,,,,
252410,207,2017-11-23,134,131,3,3515,,,,,,,
252410,208,2017-11-30,25,23,2,3540,,,,,,,
252410,209,2017-12-07,14,13,1,3554,,,,,,,
252410,210,2017-12-14,7,7,0,3561,,,,,,,
252410,211,2017-12-21,34,27,7,3595,,,,,,,
252410,212,2017-12-28,35,31,4,3630,,,,,,,
252410,213,2018-01-04,14,12,2,3644,,,,,,,
252410,214,2018-01-11,11,10,1,3655,,,,,,,
252410,215,2018-01-18,12,11,1,3667,,,,,,,
252410,216,2018-01-25,5,5,0,3672,,,,,,,
252410,217,2018-02-01,7,6,1,3679,,,,,,,
252410,218,2018-02-08,3,2,1,3682,,,,,,,
252410,219,2018-02-15,9,8,1,3691,,,,,,,
252410,220,2018-02-22,6,6,0,3697,,,,,,,
252410,221,2018-03-01,4,4,0,3701,,,,,,,
252410,222,2018-03-08,6,6,0,3707,,,,,,,
252410,223,2018-03-15,29,26,3,3736,,,,,,,
252410,224,2018-03-22,17,16,1,3753,,,,,,,
252410,225,2018-03-29,13,13,0,3766,,,,,,,
252410,226,2018-04-05,8,8,0,3774,,,,,,,
252410,227,2018-04-12,10,10,0,3784,,,,,,,
252410,228,2018-04-19,5,4,1,3789,,,,,,,
252410,229,2018-04-26,8,7,1,3797,,,,,,,
252410,230,2018-05-03,6,4,2,3803,,,,,,,
252410,231,2018-05-10,6,5,1,3809,,,,,,,
252410,232,2018-05-17,5,2,3,3814,,,,,,,
252410,233,2018-05-24,23,22,1,3837,,,,,,,
252410,234,2018-05-31,26,26,0,3863,,,,,,,
252410,235,2018-06-07,20,18,2,3883,,,,,,,
252410,236,2018-06-14,8,8,0,3891,,,,,,,
252410,237,2018-06-21,5,4,1,3896,,,,,,,
252410,238,2018-06-28,5,4,1,3901,,,,,,,
252410,239,2018-07-05,10,9,1,3911,,,,,,,
252410,240,2018-07-12,8,8,0,3919,,,,,,,
252410,241,2018-07-19,4,4,0,3923,,,,,,,
252410,242,2018-07-26,5,4,1,3928,,,,,,,
252410,243,2018-08-02,2,2,0,3930,,,,,,,
252410,244,2018-08-09,3,3,0,3933,,,,,,,
252410,245,2018-08-16,3,2,1,3936,,,,,,,
252410,246,2018-08-23,1,1,0,3937,,,,,,,
252410,247,2018-08-30,3,3,0,3940,,,,,,,
252410,248,2018-09-06,3,3,0,3943,,,,,,,
252410,249,2018-09-13,1,1,0,3944,,,,,,,
252410,250,2018-09-20,4,4,0,3948,,,,,,,
252410,251,2018-09-27,2,2,0,3950,,,,,,,
252410,252,2018-10-04,4,4,0,3954,,,,,,,
252410,253,2018-10-11,2,2,0,3956,,,,,,,
252410,254,2018-10-18,6,5,1,3962,,,,,,,
252410,255,2018-10-25,1,1,0,3963,,,,,,,
252410,256,2018-11-01,7,6,1,3970,,,,,,,
252410,257,2018-11-08,6,5,1,3976,,,,,,,
252410,258,2018-11-15,6,6,0,3982,,,,,,,
252410,259,2018-11-22,34,33,1,4016,,,,,,,
252410,260,2018-11-29,5,5,0,4021,,,,,,,
252410,261,2018-12-06,6,4,2,4027,,,,,,,
252410,262,2018-12-13,2,2,0,4029,,,,,,,
252410,263,2018-12-20,5,3,2,4034,,,,,,,
252410,264,2018-12-27,9,8,1,4043,,,,,,,
252410,265,2019-01-03,7,7,0,4050,,,,,,,
252410,266,2019-01-10,10,9,1,4060,,,,,,,
252410,267,2019-01-17,6,5,1,4066,,,,,,,
252410,268,2019-01-24,5,5,0,4071,,,,,,,
252410,269,2019-01-31,0,0,0,4071,,,,,,,
252410,270,2019-02-07,8,8,0,4079,,,,,,,
252410,271,2019-02-14,5,5,0,4084,,,,,,,
252410,272,2019-02-21,6,6,0,4090,,,,,,,
252410,273,2019-02-28,3,3,0,4093,,,,,,,
252410,274,2019-03-07,13,12,1,4106,,,,,,,
252410,275,2019-03-14,10,9,1,4116,,,,,,,
252410,276,2019-03-21,8,8,0,4124,,,,,,,
252410,277,2019-03-28,6,6,0,4130,,,,,,,
252410,278,2019-04-04,6,6,0,4136,,,,,,,
252410,279,2019-04-11,2,2,0,4138,,,,,,,
252410,280,2019-04-18,1,1,0,4139,,,,,,,
252410,281,2019-04-25,2,2,0,4141,,,,,,,
252410,282,2019-05-02,6,5,1,4147,,,,,,,
252410,283,2019-05-09,1,0,1,4148,,,,,,,
252410,284,2019-05-16,2,2,0,4150,,,,,,,
252410,285,2019-05-23,4,3,1,4154,,,,,,,
252410,286,2019-05-30,20,18,2,4174,,,,,,,
252410,287,2019-06-06,15,12,3,4189,,,,,,,
252410,288,2019-06-13,6,5,1,4195,,,,,,,
252410,289,2019-06-20,3,3,0,4198,,,,,,,
252410,290,2019-06-27,61,60,1,4259,,,,,,,
252410,291,2019-07-04,15,15,0,4274,,,,,,,
252410,292,2019-07-11,6,5,1,4280,,,,,,,
252410,293,2019-07-18,5,5,0,4285,,,,,,,
252410,294,2019-07-25,5,2,3,4290,,,,,,,
252410,295,2019-08-01,3,3,0,4293,,,,,,,
252410,296,2019-08-08,3,2,1,4296,,,,,,,
252410,297,2019-08-15,6,5,1,4302,,,,,,,
252410,298,2019-08-22,5,4,1,4307,,,,,,,
252410,299,2019-08-29,1,1,0,4308,,,,,,,
252410,300,2019-09-05,2,2,0,4310,,,,,,,
252410,301,2019-09-12,3,3,0,4313,,,,,,,
252410,302,2019-09-19,1,1,0,4314,,,,,,,
252410,303,2019-09-26,1,1,0,4315,,,,,,,
252410,304,2019-10-03,0,0,0,4315,,,,,,,
252410,305,2019-10-10,5,4,1,4320,,,,,,,
252410,306,2019-10-17,2,2,0,4322,,,,,,,
252410,307,2019-10-24,0,0,0,4322,,,,,,,
252410,308,2019-10-31,15,12,3,4337,,,,,,,
252410,309,2019-11-07,6,6,0,4343,,,,,,,
252410,310,2019-11-14,5,5,0,4348,,,,,,,
252410,311,2019-11-21,4,4,0,4352,,,,,,,
252410,312,2019-11-28,12,12,0,4364,,,,,,,
252410,313,2019-12-05,5,5,0,4369,,,,,,,
252410,314,2019-12-12,5,5,0,4374,,,,,,,
252410,315,2019-12-19,8,7,1,4382,,,,,,,
252410,316,2019-12-26,17,17,0,4399,,,,,,,
252410,317,2020-01-02,9,8,1,4408,,,,,,,
252410,318,2020-01-09,4,4,0,4412,,,,,,,
252410,319,2020-01-16,3,3,0,4415,,,,,,,
252410,320,2020-01-23,5,5,0,4420,,,,,,,
252410,321,2020-01-30,9,9,0,4429,,,,,,,
252410,322,2020-02-06,7,7,0,4436,,,,,,,
252410,323,2020-02-13,6,6,0,4442,,,,,,,
252410,324,2020-02-20,3,3,0,4445,,,,,,,
252410,325,2020-02-27,9,9,0,4454,,,,,,,
252410,326,2020-03-05,7,7,0,4461,,,,,,,
252410,327,2020-03-12,5,5,0,4466,,,,,,,
252410,328,2020-03-19,12,12,0,4478,,,,,,,
252410,329,2020-03-26,21,20,1,4499,,,,,,,
252410,330,2020-04-02,10,10,0,4509,,,,,,,
252410,331,2020-04-09,9,8,1,4518,,,,,,,
252410,332,2020-04-16,9,8,1,4527,,,,,,,
252410,333,2020-04-23,6,5,1,4533,,,,,,,
252410,334,2020-04-30,4,4,0,4537,,,,,,,
252410,335,2020-05-07,13,11,2,4550,,,,,,,
252410,336,2020-05-14,7,7,0,4557,,,,,,,
252410,337,2020-05-21,8,6,2,4565,,,,,,,
252410,338,2020-05-28,4,4,0,4569,,,,,,,
252410,339,2020-06-04,6,5,1,4575,,,,,,,
252410,340,2020-06-11,5,5,0,4580,,,,,,,
252410,341,2020-06-18,0,0,0,4580,,,,,,,
252410,342,2020-06-25,12,12,0,4592,,,,,,,
252410,343,2020-07-02,11,11,0,4603,,,,,,,
252410,344,2020-07-09,9,9,0,4612,,,,,,,
252410,345,2020-07-16,7,6,1,4619,,,,,,,
252410,346,2020-07-23,4,2,2,4623,,,,,,,
252410,347,2020-07-30,10,9,1,4633,,,,,,,
252410,348,2020-08-06,7,7,0,4640,,,,,,,
252410,349,2020-08-13,4,4,0,4644,,,,,,,
252410,350,2020-08-20,6,6,0,4650,,,,,,,
252410,351,2020-08-27,11,9,2,4661,,,,,,,
252410,352,2020-09-03,22,22,0,4683,,,,,,,
252410,353,2020-09-10,14,13,1,4697,,,,,,,
252410,354,2020-09-17,7,7,0,4704,,,,,,,
252410,355,2020-09-24,4,4,0,4708,,,,,,,
252410,356,2020-10-01,7,7,0,4715,,,,,,,
252410,357,2020-10-08,4,3,1,4719,,,,,,,
252410,358,2020-10-15,3,3,0,4722,,,,,,,
252410,359,2020-10-22,5,5,0,4727,,,,,,,
252410,360,2020-10-29,4,4,0,4731,,,,,,,
252410,361,2020-11-05,6,5,1,4737,,,,,,,
252410,362,2020-11-12,2,2,0,4739,,,,,,,
252410,363,2020-11-19,2,2,0,4741,,,,,,,
252410,364,2020-11-26,9,8,1,4750,,,,,,,
252410,365,2020-12-03,7,7,0,4757,,,,,,,
252410,366,2020-12-10,4,4,0,4761,,,,,,,
252410,367,2020-12-17,9,9,0,4770,,,,,,,
252410,368,2020-12-24,6,5,1,4776,,,,,,,
252410,369,2020-12-31,15,12,3,4791,,,,,,,
252410,370,2021-01-07,6,6,0,4797,,,,,,,
252410,371,2021-01-14,5,5,0,4802,,,,,,,
252410,372,2021-01-21,9,9,0,4811,,,,,,,
252410,373,2021-01-28,7,7,0,4818,,,,,,,
252410,374,2021-02-04,2,2,0,4820,,,,,,,
252410,375,2021-02-11,15,14,1,4835,,,,,,,
252410,376,2021-02-18,9,7,2,4844,,,,,,,
252410,377,2021-02-25,11,10,1,4855,,,,,,,
252410,378,2021-03-04,9,9,0,4864,,,,,,,
252410,379,2021-03-11,4,4,0,4868,,,,,,,
252410,380,2021-03-18,8,8,0,4876,,,,,,,
252410,381,2021-03-25,12,10,2,4888,,,,,,,
252410,382,2021-04-01,10,10,0,4898,,,,,,,
252410,383,2021-04-08,15,15,0,4913,,,,,,,
252410,384,2021-04-15,12,11,1,4925,,,,,,,
252410,385,2021-04-22,4,4,0,4929,,,,,,,
252410,386,2021-04-29,6,6,0,4935,,,,,,,
252410,387,2021-05-06,5,4,1,4940,,,,,,,
252410,388,2021-05-13,6,6,0,4946,,,,,,,
252410,389,2021-05-20,5,5,0,4951,,,,,,,
252410,390,2021-05-27,6,6,0,4957,,,,,,,
252410,391,2021-06-03,21,21,0,4978,,,,,,,
252410,392,2021-06-10,9,9,0,4987,,,,,,,
252410,393,2021-06-17,4,4,0,4991,,,,,,,
252410,394,2021-06-24,10,10,0,5001,,,,,,,
252410,395,2021-07-01,15,14,1,5016,,,,,,,
252410,396,2021-07-08,11,11,0,5027,,,,,,,
252410,397,2021-07-15,9,9,0,5036,,,,,,,
252410,398,2021-07-22,6,6,0,5042,,,,,,,
252410,399,2021-07-29,10,9,1,5052,,,,,,,
252410,400,2021-08-05,15,15,0,5067,,,,,,,
252410,401,2021-08-12,10,10,0,5077,,,,,,,
252410,402,2021-08-19,8,7,1,5085,,,,,,,
252410,403,2021-08-26,4,4,0,5089,,,,,,,
252410,404,2021-09-02,5,5,0,5094,,,,,,,
252410,405,2021-09-09,6,6,0,5100,,,,,,,
252410,406,2021-09-16,3,3,0,5103,,,,,,,
252410,407,2021-09-23,14,14,0,5117,,,,,,,
252410,408,2021-09-30,14,14,0,5131,,,,,,,
252410,409,2021-10-07,8,8,0,5139,,,,,,,
252410,410,2021-10-14,5,5,0,5144,,,,,,,
252410,411,2021-10-21,0,0,0,5144,,,,,,,
252410,412,2021-10-28,9,8,1,5153,,,,,,,
252410,413,2021-11-04,12,12,0,5165,,,,,,,
252410,414,2021-11-11,91,85,6,5256,,,,,,,
252410,415,2021-11-18,48,46,2,5304,,,,,,,
252410,416,2021-11-25,59,58,1,5363,,,,,,,
252410,417,2021-12-02,22,20,2,5385,,,,,,,
252410,418,2021-12-09,24,23,1,5409,,,,,,,
252410,419,2021-12-16,22,21,1,5431,,,,,,,
252410,420,2021-12-23,22,22,0,5453,,,,,,,
252410,421,2021-12-30,22,22,0,5475,,,,,,,
252410,422,2022-01-06,10,10,0,5485,,,,,,,
252410,423,2022-01-13,8,8,0,5493,,,,,,,
252410,424,2022-01-20,16,15,1,5509,,,,,,,
252410,425,2022-01-27,17,15,2,5526,,,,,,,
252410,426,2022-02-03,9,9,0,5535,,,,,,,
252410,427,2022-02-10,21,20,1,5556,,,,,,,
252410,428,2022-02-17,7,7,0,5563,,,,,,,
252410,429,2022-02-24,15,14,1,5578,,,,,,,
252410,430,2022-03-03,54,52,2,5632,,,,,,,
252410,431,2022-03-10,17,15,2,5649,,,,,,,
252410,432,2022-03-17,16,15,1,5665,,,,,,,
252410,433,2022-03-24,8,7,1,5673,,,,,,,
252410,434,2022-03-31,7,7,0,5680,,,,,,,
252410,435,2022-04-07,12,12,0,5692,,,,,,,
252410,436,2022-04-14,7,6,1,5699,,,,,,,
252410,437,2022-04-21,16,15,1,5715,,,,,,,
252410,438,2022-04-28,8,8,0,5723,,,,,,,
252410,439,2022-05-05,8,8,0,5731,,,,,,,
252410,440,2022-05-12,9,8,1,5740,,,,,,,
252410,441,2022-05-19,11,11,0,5751,,,,,,,
252410,442,2022-05-26,15,15,0,5766,,,,,,,
252410,443,2022-06-02,9,9,0,5775,,,,,,,
252410,444,2022-06-09,8,8,0,5783,,,,,,,
252410,445,2022-06-16,10,10,0,5793,,,,,,,
252410,446,2022-06-23,9,8,1,5802,,,,,,,
252410,447,2022-06-30,12,12,0,5814,,,,,,,
252410,448,2022-07-07,11,11,0,5825,,,,,,,
252410,449,2022-07-14,7,7,0,5832,,,,,,,
252410,450,2022-07-21,20,16,4,5852,,,,,,,
252410,451,2022-07-28,24,24,0,5876,,,,,,,
252410,452,2022-08-04,9,8,1,5885,,,,,,,
252410,453,2022-08-11,6,5,1,5891,,,,,,,
252410,454,2022-08-18,8,7,1,5899,,,,,,,
252410,455,2022-08-25,5,5,0,5904,,,,,,,
252410,456,2022-09-01,7,7,0,5911,,,,,,,
252410,457,2022-09-08,6,6,0,5917,,,,,,,
252410,458,2022-09-15,7,7,0,5924,,,,,,,
252410,459,2022-09-22,9,9,0,5933,,,,,,,
252410,460,2022-09-29,5,5,0,5938,,,,,,,
252410,461,2022-10-06,13,13,0,5951,,,,,,,
252410,462,2022-10-13,6,6,0,5957,,,,,,,
252410,463,2022-10-20,6,4,2,5963,,,,,,,
252410,464,2022-10-27,5,5,0,5968,,,,,,,
252410,465,2022-11-03,6,5,1,5974,,,,,,,
252410,466,2022-11-10,5,5,0,5979,,,,,,,
252410,467,2022-11-17,14,13,1,5993,,,,,,,
252410,468,2022-11-24,14,13,1,6007,,,,,,,
252410,469,2022-12-01,8,7,1,6015,,,,,,,
252410,470,2022-12-08,6,6,0,6021,,,,,,,
252410,471,2022-12-15,7,6,1,6028,,,,,,,
252410,472,2022-12-22,19,17,2,6047,,,,,,,
252410,473,2022-12-29,19,16,3,6066,,,,,,,
252410,474,2023-01-05,12,9,3,6078,,,,,,,
252410,475,2023-01-12,10,9,1,6088,,,,,,,
252410,476,2023-01-19,27,23,4,6115,,,,,,,
252410,477,2023-01-26,68,62,6,6183,,,,,,,
252410,478,2023-02-02,22,21,1,6205,,,,,,,
252410,479,2023-02-09,15,13,2,6220,,,,,,,
252410,480,2023-02-16,15,15,0,6235,,,,,,,
252410,481,2023-02-23,7,7,0,6242,,,,,,,
252410,482,2023-03-02,7,7,0,6249,,,,,,,
252410,483,2023-03-09,6,5,1,6255,,,,,,,
252410,484,2023-03-16,8,8,0,6263,,,,,,,
252410,485,2023-03-23,11,11,0,6274,,,,,,,
252410,486,2023-03-30,23,22,1,6297,,,,,,,
252410,487,2023-04-06,7,6,1,6304,,,,,,,
252410,488,2023-04-13,7,7,0,6311,,,,,,,
252410,489,2023-04-20,3,3,0,6314,,,,,,,
252410,490,2023-04-27,2,2,0,6316,,,,,,,
252410,491,2023-05-04,22,22,0,6338,,,,,,,
252410,492,2023-05-11,21,20,1,6359,,,,,,,
252410,493,2023-05-18,17,16,1,6376,,,,,,,
252410,494,2023-05-25,11,11,0,6387,,,,,,,
252410,495,2023-06-01,6,6,0,6393,,,,,,,
252410,496,2023-06-08,5,5,0,6398,,,,,,,
252410,497,2023-06-15,13,13,0,6411,,,,,,,
252410,498,2023-06-22,36,33,3,6447,,,,,,,
252410,499,2023-06-29,19,19,0,6466,,,,,,,
252410,500,2023-07-06,24,23,1,6490,,,,,,,
252410,501,2023-07-13,19,18,1,6509,,,,,,,
252410,502,2023-07-20,11,10,1,6520,,,,,,,
252410,503,2023-07-27,18,17,1,6538,,,,,,,
252410,504,2023-08-03,23,23,0,6561,,,,,,,
252410,505,2023-08-10,22,21,1,6583,,,,,,,
252410,506,2023-08-17,10,10,0,6593,,,,,,,
252410,507,2023-08-24,10,9,1,6603,,,,,,,
252410,508,2023-08-31,7,7,0,6610,,,,,,,
252410,509,2023-09-07,11,11,0,6621,,,,,,,
252410,510,2023-09-14,12,12,0,6633,,,,,,,
252410,511,2023-09-21,7,7,0,6640,,,,,,,
252410,512,2023-09-28,6,6,0,6646,,,,,,,
252410,513,2023-10-05,9,8,1,6655,,,,,,,
252410,514,2023-10-12,8,7,1,6663,,,,,,,
252410,515,2023-10-19,11,11,0,6674,,,,,,,
252410,516,2023-10-26,10,10,0,6684,,,,,,,
252410,517,2023-11-02,12,12,0,6696,,,,,,,
252410,518,2023-11-09,9,8,1,6705,,,,,,,
252410,519,2023-11-16,10,9,1,6715,,,,,,,
252410,520,2023-11-23,12,12,0,6727,,,,,,,
252410,521,2023-11-30,17,17,0,6744,,,,,,,
252410,522,2023-12-07,18,18,0,6762,,,,,,,
252410,523,2023-12-14,11,10,1,6773,,,,,,,
252410,524,2023-12-21,9,9,0,6782,,,,,,,
252410,525,2023-12-28,10,10,0,6792,,,,,,,
252410,526,2024-01-04,11,10,1,6803,,,,,,,
252410,527,2024-01-11,10,10,0,6813,,,,,,,
252410,528,2024-01-18,13,11,2,6826,,,,,,,
252410,529,2024-01-25,12,11,1,6838,,,,,,,
252410,530,2024-02-01,9,9,0,6847,,,,,,,
252410,531,2024-02-08,8,8,0,6855,,,,,,,
252410,532,2024-02-15,5,4,1,6860,,,,,,,
252410,533,2024-02-22,3,3,0,6863,,,,,,,
252410,534,2024-02-29,19,18,1,6882,,,,,,,
252410,535,2024-03-07,26,24,2,6908,,,,,,,
252410,536,2024-03-14,17,16,1,6925,,,,,,,
252410,537,2024-03-21,25,24,1,6950,,,,,,,
252410,538,2024-03-28,15,12,3,6965,,,,,,,
252410,539,2024-04-04,8,8,0,6973,,,,,,,
252410,540,2024-04-11,5,4,1,6978,,,,,,,
252410,541,2024-04-18,2,2,0,6980,,,,,,,
252410,542,2024-04-25,94,91,3,7074,,,,,,,
252410,543,2024-05-02,81,79,2,7155,,,,,,,
252410,544,2024-05-09,41,41,0,7196,,,,,,,
252410,545,2024-05-16,29,29,0,7225,,,,,,,
252410,546,2024-05-23,24,23,1,7249,,,,,,,
252410,547,2024-05-30,14,14,0,7263,,,,,,,
252410,548,2024-06-06,13,13,0,7276,,,,,,,
252410,549,2024-06-13,23,22,1,7299,,,,,,,
252410,550,2024-06-20,30,26,4,7329,,,,,,,
252410,551,2024-06-27,22,19,3,7351,,,,,,,
252410,552,2024-07-04,16,13,3,7367,,,,,,,
252410,553,2024-07-11,15,14,1,7382,,,,,,,
252410,554,2024-07-18,11,10,1,7393,,,,,,,
252410,555,2024-07-25,12,10,2,7405,,,,,,,
252410,556,2024-08-01,19,17,2,7424,,,,,,,
252410,557,2024-08-08,30,29,1,7454,,,,,,,
252410,558,2024-08-15,14,13,1,7468,,,,,,,
252410,559,2024-08-22,13,13,0,7481,,,,,,,
252410,560,2024-08-29,14,14,0,7495,,,,,,,
252410,561,2024-09-05,7,7,0,7502,,,,,,,
252410,562,2024-09-12,6,6,0,7508,,,,,,,
252410,563,2024-09-19,3,3,0,7511,,,,,,,
252410,564,2024-09-26,11,11,0,7522,,,,,,,
252410,565,2024-10-03,19,18,1,7541,,,,,,,
252410,566,2024-10-10,37,34,3,7578,,,,,,,
252410,567,2024-10-17,20,19,1,7598,,,,,,,
252410,568,2024-10-24,21,20,1,7619,,,,,,,
252410,569,2024-10-31,11,11,0,7630,,,,,,,
252410,570,2024-11-07,9,8,1,7639,,,,,,,
252410,571,2024-11-14,13,13,0,7652,,,,,,,
252410,572,2024-11-21,20,17,3,7672,,,,,,,
252410,573,2024-11-28,25,24,1,7697,,,,,,,
252410,574,2024-12-05,26,25,1,7723,,,,,,,
252410,575,2024-12-12,19,19,0,7742,,,,,,,
252410,576,2024-12-19,22,21,1,7764,,,,,,,
252410,577,2024-12-26,23,20,3,7787,,,,,,,
252410,578,2025-01-02,23,20,3,7810,,,,,,,
252410,579,2025-01-09,13,12,1,7823,,,,,,,
252410,580,2025-01-16,14,12,2,7837,,,,,,,
252410,581,2025-01-23,16,15,1,7853,,,,,,,
252410,582,2025-01-30,17,17,0,7870,,,,,,,
252410,583,2025-02-06,8,7,1,7878,,,,,,,
252410,584,2025-02-13,12,10,2,7890,,,,,,,
252410,585,2025-02-20,8,8,0,7898,,,,,,,
252410,586,2025-02-27,4,4,0,7902,,,,,,,
252410,587,2025-03-06,10,10,0,7912,,,,,,,
252410,588,2025-03-13,9,9,0,7921,,,,,,,
252410,589,2025-03-20,12,12,0,7933,,,,,,,
252410,590,2025-03-27,13,12,1,7946,,,,,,,
252410,591,2025-04-03,13,13,0,7959,,,,,,,
252410,592,2025-04-10,10,9,1,7969,,,,,,,
252410,593,2025-04-17,12,11,1,7981,,,,,,,
252410,594,2025-04-24,10,9,1,7991,,,,,,,
252410,595,2025-05-01,12,12,0,8003,,,,,,,
252410,596,2025-05-08,25,22,3,8028,,,,,,,
252410,597,2025-05-15,30,29,1,8058,,,,,,,
252410,598,2025-05-22,17,17,0,8075,,,,,,,
252410,599,2025-05-29,15,14,1,8090,,,,,,,
252410,600,2025-06-05,12,12,0,8102,,,,,,,
252410,601,2025-06-12,9,9,0,8111,,,,,,,
252410,602,2025-06-19,289,248,41,8400,,,,,,,
252410,603,2025-06-26,512,481,31,8912,,,,,,,
252410,604,2025-07-03,203,192,11,9115,,,,,,,
252410,605,2025-07-10,111,103,8,9226,,,,,,,
252410,606,2025-07-17,116,106,10,9342,,,,,,,
252410,607,2025-07-24,73,66,7,9415,,,,,,,
252410,608,2025-07-31,69,66,3,9484,,,,,,,
252410,609,2025-08-07,52,51,1,9536,,,,,,,
252410,610,2025-08-14,61,57,4,9597,,,,,,,
252410,611,2025-08-21,57,54,3,9654,,,,,,,
252410,612,2025-08-28,44,43,1,9698,,,,,,,
252410,613,2025-09-04,29,26,3,9727,,,,,,,
252410,614,2025-09-11,44,42,2,9771,,,,,,,
252410,615,2025-09-18,35,30,5,9806,,,,,,,
252410,616,2025-09-25,41,39,2,9847,,,,,,,
252410,617,2025-10-02,33,32,1,9880,,,,,,,
252410,618,2025-10-09,41,38,3,9921,,,,,,,
252410,619,2025-10-16,33,32,1,9954,,,,,,,
252410,620,2025-10-23,37,34,3,9991,,,,,,,
252410,621,2025-10-30,25,23,2,10016,,,,,,,
252410,622,2025-11-06,21,18,3,10037,,,,,,,
252410,623,2025-11-13,28,26,2,10065,,,,,,,
252410,624,2025-11-20,41,38,3,10106,,,,,,,
252410,625,2025-11-27,36,34,2,10142,,,,,,,
252410,626,2025-12-04,28,25,3,10170,,,,,,,
252410,627,2025-12-11,32,28,4,10202,,,,,,,
252410,628,2025-12-18,36,35,1,10238,,,,,,,
252410,629,2025-12-25,36,34,2,10274,,,,,,,
252410,630,2026-01-01,32,30,2,10306,,,,,,,
252410,631,2026-01-08,18,17,1,10324,,,,,,,
252410,632,2026-01-15,34,31,3,10358,,,,,,,
252410,633,2026-01-22,27,24,3,10385,,,,,,,
252410,634,2026-01-29,21,20,1,10406,,,,,,,
252410,635,2026-02-05,30,29,1,10436,,,,,,,
252410,636,2026-02-12,19,17,2,10455,,,,,,,
252410,637,2026-02-19,24,21,3,10479,,,,,,,
252410,638,2026-02-26,19,17,2,10498,,,,,,,
252410,639,2026-03-05,23,22,1,10521,,,,,,,
252410,640,2026-03-12,34,33,1,10555,,,,,,,
252410,641,2026-03-19,22,19,3,10577,,,,,,,
252410,642,2026-03-26,33,30,3,10610,,,,,,,
252410,643,2026-04-02,19,17,2,10629,,,,,,,
252410,644,2026-04-09,26,23,3,10655,,,,,,,
252410,645,2026-04-16,13,11,2,10668,,,,,,,
252410,646,2026-04-23,27,27,0,10695,,,,,,,
252410,647,2026-04-30,16,15,1,10711,,,,,,,
252410,648,2026-05-07,18,16,2,10729,,,,,,,
252410,649,2026-05-14,21,20,1,10750,,,,,,,
252410,650,2026-05-21,24,23,1,10774,,,,,,,
252410,651,2026-05-28,15,9,6,10789,,,,,,,
252410,652,2026-06-04,17,15,2,10806,,,,,,,
252410,653,2026-06-11,29,28,1,10835,,,,,,,
252410,654,2026-06-18,20,20,0,10855,,,,,,,
252410,655,2026-06-25,20,18,2,10875,,,,,,,
252410,656,2026-07-02,5,5,0,10880,,,,,,,
252410,657,2026-07-09,20,19,1,10900,,,,,,,
252410,658,2026-07-16,16,16,0,10916,,,,,,,
252410,659,2026-07-23,19,18,1,10935,,,,,,,
252410,660,2026-07-30,25,22,3,10960,,,,,,,
252410,661,2026-08-06,4,4,0,10964,,,,,,,
571310,0,2017-09-22,211,209,2,211,,,,,,,
571310,1,2017-09-29,81,80,1,292,,,,,,,
571310,2,2017-10-06,45,42,3,337,,,,,,,
571310,3,2017-10-13,31,30,1,368,,,,,,,
571310,4,2017-10-20,17,16,1,385,,,,,,,
571310,5,2017-10-27,16,16,0,401,,,,,,,
571310,6,2017-11-02,6,6,0,407,,,,,,,
571310,7,2017-11-09,14,14,0,421,,,,,,,
571310,8,2017-11-16,60,60,0,481,,,,,,,
571310,9,2017-11-23,103,102,1,584,,,,,,,
571310,10,2017-11-30,14,12,2,598,,,,,,,
571310,11,2017-12-07,20,20,0,618,,,,,,,
571310,12,2017-12-14,9,9,0,627,,,,,,,
571310,13,2017-12-21,60,57,3,687,,,,,,,
571310,14,2017-12-28,54,52,2,741,,,,,,,
571310,15,2018-01-04,28,27,1,769,,,,,,,
571310,16,2018-01-11,24,23,1,793,,,,,,,
571310,17,2018-01-18,20,20,0,813,,,,,,,
571310,18,2018-01-25,11,11,0,824,,,,,,,
571310,19,2018-02-01,8,8,0,832,,,,,,,
571310,20,2018-02-08,6,5,1,838,,,,,,,
571310,21,2018-02-15,12,11,1,850,,,,,,,
571310,22,2018-02-22,11,11,0,861,,,,,,,
571310,23,2018-03-01,7,7,0,868,,,,,,,
571310,24,2018-03-08,8,7,1,876,,,,,,,
571310,25,2018-03-15,25,21,4,901,,,,,,,
571310,26,2018-03-22,16,16,0,917,,,,,,,
571310,27,2018-03-30,16,13,3,933,,,,,,,
571310,28,2018-04-06,10,10,0,943,,,,,,,
571310,29,2018-04-13,10,10,0,953,,,,,,,
571310,30,2018-04-20,5,5,0,958,,,,,,,
571310,31,2018-04-27,5,4,1,963,,,,,,,
571310,32,2018-05-04,6,4,2,969,,,,,,,
571310,33,2018-05-11,3,3,0,972,,,,,,,
571310,34,2018-05-18,2,2,0,974,,,,,,,
571310,35,2018-05-25,27,26,1,1001,,,,,,,
571310,36,2018-06-01,28,26,2,1029,,,,,,,
571310,37,2018-06-08,10,10,0,1039,,,,,,,
571310,38,2018-06-15,10,10,0,1049,,,,,,,
571310,39,2018-06-22,14,14,0,1063,,,,,,,
571310,40,2018-06-29,13,12,1,1076,,,,,,,
571310,41,2018-07-06,9,9,0,1085,,,,,,,
571310,42,2018-07-13,10,10,0,1095,,,,,,,
571310,43,2018-07-20,2,2,0,1097,,,,,,,
571310,44,2018-07-27,4,4,0,1101,,,,,,,
571310,45,2018-08-03,6,6,0,1107,,,,,,,
571310,46,2018-08-10,1,1,0,1108,,,,,,,
571310,47,2018-08-17,1,1,0,1109,,,,,,,
571310,48,2018-08-24,3,3,0,1112,,,,,,,
571310,49,2018-08-31,2,2,0,1114,,,,,,,
571310,50,2018-09-07,3,2,1,1117,,,,,,,
571310,51,2018-09-14,2,2,0,1119,,,,,,,
571310,52,2018-09-21,3,3,0,1122,,,,,,,
571310,53,2018-09-28,2,2,0,1124,,,,,,,
571310,54,2018-10-05,5,4,1,1129,,,,,,,
571310,55,2018-10-12,1,1,0,1130,,,,,,,
571310,56,2018-10-19,2,2,0,1132,,,,,,,
571310,57,2018-10-26,5,5,0,1137,,,,,,,
571310,58,2018-11-01,14,13,1,1151,,,,,,,
571310,59,2018-11-08,8,7,1,1159,,,,,,,
571310,60,2018-11-15,38,37,1,1197,,,,,,,
571310,61,2018-11-22,51,51,0,1248,,,,,,,
571310,62,2018-11-29,6,6,0,1254,,,,,,,
571310,63,2018-12-06,6,6,0,1260,,,,,,,
571310,64,2018-12-13,5,5,0,1265,,,,,,,
571310,65,2018-12-20,16,15,1,1281,,,,,,,
571310,66,2018-12-27,17,16,1,1298,,,,,,,
571310,67,2019-01-03,15,15,0,1313,,,,,,,
571310,68,2019-01-10,9,8,1,1322,,,,,,,
571310,69,2019-01-17,5,4,1,1327,,,,,,,
571310,70,2019-01-24,5,5,0,1332,,,,,,,
571310,71,2019-01-31,0,0,0,1332,,,,,,,
571310,72,2019-02-07,12,9,3,1344,,,,,,,
571310,73,2019-02-14,3,3,0,1347,,,,,,,
571310,74,2019-02-21,3,3,0,1350,,,,,,,
571310,75,2019-02-28,5,5,0,1355,,,,,,,
571310,76,2019-03-07,9,9,0,1364,,,,,,,
571310,77,2019-03-14,10,9,1,1374,,,,,,,
571310,78,2019-03-21,7,7,0,1381,,,,,,,
571310,79,2019-03-28,8,8,0,1389,,,,,,,
571310,80,2019-04-05,4,4,0,1393,,,,,,,
571310,81,2019-04-12,3,3,0,1396,,,,,,,
571310,82,2019-04-19,3,3,0,1399,,,,,,,
571310,83,2019-04-26,6,6,0,1405,,,,,,,
571310,84,2019-05-03,3,3,0,1408,,,,,,,
571310,85,2019-05-10,7,5,2,1415,,,,,,,
571310,86,2019-05-17,2,2,0,1417,,,,,,,
571310,87,2019-05-24,5,5,0,1422,,,,,,,
571310,88,2019-05-31,21,19,2,1443,,,,,,,
571310,89,2019-06-07,24,23,1,1467,,,,,,,
571310,90,2019-06-14,10,9,1,1477,,,,,,,
571310,91,2019-06-21,6,6,0,1483,,,,,,,
571310,92,2019-06-28,85,84,1,1568,,,,,,,
571310,93,2019-07-05,17,16,1,1585,,,,,,,
571310,94,2019-07-12,4,4,0,1589,,,,,,,
571310,95,2019-07-19,9,9,0,1598,,,,,,,
571310,96,2019-07-26,1,1,0,1599,,,,,,,
571310,97,2019-08-02,3,3,0,1602,,,,,,,
571310,98,2019-08-09,5,5,0,1607,,,,,,,
571310,99,2019-08-16,2,2,0,1609,,,,,,,
571310,100,2019-08-23,5,5,0,1614,,,,,,,
571310,101,2019-08-30,5,5,0,1619,,,,,,,
571310,102,2019-09-06,0,0,0,1619,,,,,,,
571310,103,2019-09-13,5,5,0,1624,,,,,,,
571310,104,2019-09-20,3,3,0,1627,,,,,,,
571310,105,2019-09-27,1,1,0,1628,,,,,,,
571310,106,2019-10-04,2,2,0,1630,,,,,,,
571310,107,2019-10-11,2,2,0,1632,,,,,,,
571310,108,2019-10-18,0,0,0,1632,,,,,,,
571310,109,2019-10-25,3,3,0,1635,,,,,,,
571310,110,2019-10-31,9,9,0,1644,,,,,,,
571310,111,2019-11-07,12,11,1,1656,,,,,,,
571310,112,2019-11-14,8,8,0,1664,,,,,,,
571310,113,2019-11-21,11,11,0,1675,,,,,,,
571310,114,2019-11-28,15,15,0,1690,,,,,,,
571310,115,2019-12-05,4,4,0,1694,,,,,,,
571310,116,2019-12-12,8,8,0,1702,,,,,,,
571310,117,2019-12-19,11,11,0,1713,,,,,,,
571310,118,2019-12-26,31,29,2,1744,,,,,,,
571310,119,2020-01-02,8,8,0,1752,,,,,,,
571310,120,2020-01-09,6,6,0,1758,,,,,,,
571310,121,2020-01-16,6,6,0,1764,,,,,,,
571310,122,2020-01-23,14,14,0,1778,,,,,,,
571310,123,2020-01-30,6,6,0,1784,,,,,,,
571310,124,2020-02-06,5,5,0,1789,,,,,,,
571310,125,2020-02-13,3,3,0,1792,,,,,,,
571310,126,2020-02-20,2,2,0,1794,,,,,,,
571310,127,2020-02-27,5,5,0,1799,,,,,,,
571310,128,2020-03-05,12,12,0,1811,,,,,,,
571310,129,2020-03-12,5,5,0,1816,,,,,,,
571310,130,2020-03-19,23,21,2,1839,,,,,,,
571310,131,2020-03-26,17,17,0,1856,,,,,,,
571310,132,2020-04-03,9,9,0,1865,,,,,,,
571310,133,2020-04-10,12,12,0,1877,,,,,,,
571310,134,2020-04-17,9,9,0,1886,,,,,,,
571310,135,2020-04-24,3,3,0,1889,,,,,,,
571310,136,2020-05-01,7,7,0,1896,,,,,,,
571310,137,2020-05-08,6,6,0,1902,,,,,,,
571310,138,2020-05-15,4,3,1,1906,,,,,,,
571310,139,2020-05-22,7,6,1,1913,,,,,,,
571310,140,2020-05-29,0,0,0,1913,,,,,,,
571310,141,2020-06-05,3,3,0,1916,,,,,,,
571310,142,2020-06-12,4,4,0,1920,,,,,,,
571310,143,2020-06-19,1,1,0,1921,,,,,,,
571310,144,2020-06-26,20,19,1,1941,,,,,,,
571310,145,2020-07-03,12,12,0,1953,,,,,,,
571310,146,2020-07-10,19,19,0,1972,,,,,,,
571310,147,2020-07-17,15,14,1,1987,,,,,,,
571310,148,2020-07-24,7,7,0,1994,,,,,,,
571310,149,2020-07-31,13,13,0,2007,,,,,,,
571310,150,2020-08-07,6,5,1,2013,,,,,,,
571310,151,2020-08-14,7,7,0,2020,,,,,,,
571310,152,2020-08-21,6,6,0,2026,,,,,,,
571310,153,2020-08-28,19,19,0,2045,,,,,,,
571310,154,2020-09-04,15,13,2,2060,,,,,,,
571310,155,2020-09-11,7,7,0,2067,,,,,,,
571310,156,2020-09-18,9,9,0,2076,,,,,,,
571310,157,2020-09-25,10,10,0,2086,,,,,,,
571310,158,2020-10-02,5,5,0,2091,,,,,,,
571310,159,2020-10-09,6,6,0,2097,,,,,,,
571310,160,2020-10-16,5,5,0,2102,,,,,,,
571310,161,2020-10-23,2,2,0,2104,,,,,,,
571310,162,2020-10-29,8,7,1,2112,,,,,,,
571310,163,2020-11-05,6,6,0,2118,,,,,,,
571310,164,2020-11-12,5,5,0,2123,,,,,,,
571310,165,2020-11-19,7,7,0,2130,,,,,,,
571310,166,2020-11-26,16,16,0,2146,,,,,,,
571310,167,2020-12-03,12,11,1,2158,,,,,,,
571310,168,2020-12-10,9,8,1,2167,,,,,,,
571310,169,2020-12-17,6,5,1,2173,,,,,,,
571310,170,2020-12-24,12,10,2,2185,,,,,,,
571310,171,2020-12-31,21,19,2,2206,,,,,,,
571310,172,2021-01-07,10,10,0,2216,,,,,,,
571310,173,2021-01-14,8,8,0,2224,,,,,,,
571310,174,2021-01-21,12,12,0,2236,,,,,,,
571310,175,2021-01-28,7,6,1,2243,,,,,,,
571310,176,2021-02-04,4,4,0,2247,,,,,,,
571310,177,2021-02-11,10,10,0,2257,,,,,,,
571310,178,2021-02-18,7,7,0,2264,,,,,,,
571310,179,2021-02-25,7,7,0,2271,,,,,,,
571310,180,2021-03-04,2,2,0,2273,,,,,,,
571310,181,2021-03-11,6,5,1,2279,,,,,,,
571310,182,2021-03-18,15,15,0,2294,,,,,,,
571310,183,2021-03-25,15,15,0,2309,,,,,,,
571310,184,2021-04-02,13,10,3,2322,,,,,,,
571310,185,2021-04-09,5,5,0,2327,,,,,,,
571310,186,2021-04-16,6,5,1,2333,,,,,,,
571310,187,2021-04-23,4,3,1,2337,,,,,,,
571310,188,2021-04-30,7,7,0,2344,,,,,,,
571310,189,2021-05-07,6,6,0,2350,,,,,,,
571310,190,2021-05-14,2,2,0,2352,,,,,,,
571310,191,2021-05-21,5,5,0,2357,,,,,,,
571310,192,2021-05-28,10,10,0,2367,,,,,,,
571310,193,2021-06-04,23,21,2,2390,,,,,,,
571310,194,2021-06-11,10,10,0,2400,,,,,,,
571310,195,2021-06-18,9,9,0,2409,,,,,,,
571310,196,2021-06-25,17,17,0,2426,,,,,,,
571310,197,2021-07-02,24,23,1,2450,,,,,,,
571310,198,2021-07-09,14,13,1,2464,,,,,,,
571310,199,2021-07-16,6,6,0,2470,,,,,,,
571310,200,2021-07-23,12,12,0,2482,,,,,,,
571310,201,2021-07-30,13,13,0,2495,,,,,,,
571310,202,2021-08-06,19,19,0,2514,,,,,,,
571310,203,2021-08-13,22,19,3,2536,,,,,,,
571310,204,2021-08-20,9,9,0,2545,,,,,,,
571310,205,2021-08-27,9,9,0,2554,,,,,,,
571310,206,2021-09-03,6,5,1,2560,,,,,,,
571310,207,2021-09-10,4,4,0,2564,,,,,,,
571310,208,2021-09-17,8,8,0,2572,,,,,,,
571310,209,2021-09-24,16,16,0,2588,,,,,,,
571310,210,2021-10-01,8,8,0,2596,,,,,,,
571310,211,2021-10-08,4,4,0,2600,,,,,,,
571310,212,2021-10-15,3,2,1,2603,,,,,,,
571310,213,2021-10-22,4,3,1,2607,,,,,,,
571310,214,2021-10-29,4,4,0,2611,,,,,,,
571310,215,2021-11-04,106,96,10,2717,,,,,,,
571310,216,2021-11-11,542,517,25,3259,,,,,,,
571310,217,2021-11-18,248,240,8,3507,,,,,,,
571310,218,2021-11-25,174,171,3,3681,,,,,,,
571310,219,2021-12-02,94,89,5,3775,,,,,,,
571310,220,2021-12-09,75,70,5,3850,,,,,,,
571310,221,2021-12-16,64,63,1,3914,,,,,,,
571310,222,2021-12-23,52,48,4,3966,,,,,,,
571310,223,2021-12-30,53,50,3,4019,,,,,,,
571310,224,2022-01-06,29,28,1,4048,,,,,,,
571310,225,2022-01-13,39,38,1,4087,,,,,,,
571310,226,2022-01-20,36,34,2,4123,,,,,,,
571310,227,2022-01-27,34,34,0,4157,,,,,,,
571310,228,2022-02-03,28,26,2,4185,,,,,,,
571310,229,2022-02-10,27,27,0,4212,,,,,,,
571310,230,2022-02-17,23,22,1,4235,,,,,,,
571310,231,2022-02-24,41,36,5,4276,,,,,,,
571310,232,2022-03-03,55,50,5,4331,,,,,,,
571310,233,2022-03-10,31,30,1,4362,,,,,,,
571310,234,2022-03-17,26,24,2,4388,,,,,,,
571310,235,2022-03-24,22,21,1,4410,,,,,,,
571310,236,2022-04-01,21,20,1,4431,,,,,,,
571310,237,2022-04-08,28,28,0,4459,,,,,,,
571310,238,2022-04-15,35,32,3,4494,,,,,,,
571310,239,2022-04-22,30,29,1,4524,,,,,,,
571310,240,2022-04-29,28,27,1,4552,,,,,,,
571310,241,2022-05-06,27,27,0,4579,,,,,,,
571310,242,2022-05-13,15,14,1,4594,,,,,,,
571310,243,2022-05-20,23,23,0,4617,,,,,,,
571310,244,2022-05-27,31,31,0,4648,,,,,,,
571310,245,2022-06-03,19,19,0,4667,,,,,,,
571310,246,2022-06-10,22,21,1,4689,,,,,,,
571310,247,2022-06-17,21,21,0,4710,,,,,,,
571310,248,2022-06-24,18,16,2,4728,,,,,,,
571310,249,2022-07-01,21,21,0,4749,,,,,,,
571310,250,2022-07-08,21,19,2,4770,,,,,,,
571310,251,2022-07-15,23,22,1,4793,,,,,,,
571310,252,2022-07-22,25,24,1,4818,,,,,,,
571310,253,2022-07-29,36,36,0,4854,,,,,,,
571310,254,2022-08-05,18,18,0,4872,,,,,,,
571310,255,2022-08-12,14,13,1,4886,,,,,,,
571310,256,2022-08-19,8,7,1,4894,,,,,,,
571310,257,2022-08-26,12,9,3,4906,,,,,,,
571310,258,2022-09-02,9,8,1,4915,,,,,,,
571310,259,2022-09-09,18,17,1,4933,,,,,,,
571310,260,2022-09-16,19,16,3,4952,,,,,,,
571310,261,2022-09-23,14,14,0,4966,,,,,,,
571310,262,2022-09-30,16,15,1,4982,,,,,,,
571310,263,2022-10-07,19,18,1,5001,,,,,,,
571310,264,2022-10-14,19,18,1,5020,,,,,,,
571310,265,2022-10-21,11,11,0,5031,,,,,,,
571310,266,2022-10-28,14,11,3,5045,,,,,,,
571310,267,2022-11-03,13,13,0,5058,,,,,,,
571310,268,2022-11-10,4,4,0,5062,,,,,,,
571310,269,2022-11-17,31,30,1,5093,,,,,,,
571310,270,2022-11-24,27,24,3,5120,,,,,,,
571310,271,2022-12-01,14,14,0,5134,,,,,,,
571310,272,2022-12-08,15,15,0,5149,,,,,,,
571310,273,2022-12-15,7,7,0,5156,,,,,,,
571310,274,2022-12-22,21,21,0,5177,,,,,,,
571310,275,2022-12-29,25,25,0,5202,,,,,,,
571310,276,2023-01-05,17,16,1,5219,,,,,,,
571310,277,2023-01-12,23,22,1,5242,,,,,,,
571310,278,2023-01-19,25,23,2,5267,,,,,,,
571310,279,2023-01-26,56,55,1,5323,,,,,,,
571310,280,2023-02-02,28,25,3,5351,,,,,,,
571310,281,2023-02-09,15,15,0,5366,,,,,,,
571310,282,2023-02-16,25,25,0,5391,,,,,,,
571310,283,2023-02-23,7,7,0,5398,,,,,,,
571310,284,2023-03-02,9,9,0,5407,,,,,,,
571310,285,2023-03-09,17,15,2,5424,,,,,,,
571310,286,2023-03-16,21,21,0,5445,,,,,,,
571310,287,2023-03-23,23,22,1,5468,,,,,,,
571310,288,2023-03-31,22,21,1,5490,,,,,,,
571310,289,2023-04-07,19,17,2,5509,,,,,,,
571310,290,2023-04-14,11,10,1,5520,,,,,,,
571310,291,2023-04-21,9,9,0,5529,,,,,,,
571310,292,2023-04-28,19,18,1,5548,,,,,,,
571310,293,2023-05-05,28,26,2,5576,,,,,,,
571310,294,2023-05-12,17,15,2,5593,,,,,,,
571310,295,2023-05-19,17,15,2,5610,,,,,,,
571310,296,2023-05-26,20,20,0,5630,,,,,,,
571310,297,2023-06-02,9,8,1,5639,,,,,,,
571310,298,2023-06-09,11,11,0,5650,,,,,,,
571310,299,2023-06-16,19,18,1,5669,,,,,,,
571310,300,2023-06-23,21,21,0,5690,,,,,,,
571310,301,2023-06-30,18,17,1,5708,,,,,,,
571310,302,2023-07-07,25,22,3,5733,,,,,,,
571310,303,2023-07-14,22,20,2,5755,,,,,,,
571310,304,2023-07-21,14,13,1,5769,,,,,,,
571310,305,2023-07-28,11,11,0,5780,,,,,,,
571310,306,2023-08-04,16,15,1,5796,,,,,,,
571310,307,2023-08-11,16,15,1,5812,,,,,,,
571310,308,2023-08-18,16,15,1,5828,,,,,,,
571310,309,2023-08-25,9,9,0,5837,,,,,,,
571310,310,2023-09-01,9,9,0,5846,,,,,,,
571310,311,2023-09-08,12,12,0,5858,,,,,,,
571310,312,2023-09-15,13,13,0,5871,,,,,,,
571310,313,2023-09-22,11,11,0,5882,,,,,,,
571310,314,2023-09-29,10,10,0,5892,,,,,,,
571310,315,2023-10-06,14,14,0,5906,,,,,,,
571310,316,2023-10-13,11,11,0,5917,,,,,,,
571310,317,2023-10-20,17,16,1,5934,,,,,,,
571310,318,2023-10-27,22,22,0,5956,,,,,,,
571310,319,2023-11-02,23,22,1,5979,,,,,,,
571310,320,2023-11-09,12,11,1,5991,,,,,,,
571310,321,2023-11-16,13,12,1,6004,,,,,,,
571310,322,2023-11-23,22,21,1,6026,,,,,,,
571310,323,2023-11-30,20,18,2,6046,,,,,,,
571310,324,2023-12-07,12,12,0,6058,,,,,,,
571310,325,2023-12-14,14,13,1,6072,,,,,,,
571310,326,2023-12-21,15,14,1,6087,,,,,,,
571310,327,2023-12-28,18,17,1,6105,,,,,,,
571310,328,2024-01-04,11,11,0,6116,,,,,,,
571310,329,2024-01-11,13,13,0,6129,,,,,,,
571310,330,2024-01-18,15,14,1,6144,,,,,,,
571310,331,2024-01-25,11,11,0,6155,,,,,,,
571310,332,2024-02-01,11,11,0,6166,,,,,,,
571310,333,2024-02-08,11,10,1,6177,,,,,,,
571310,334,2024-02-15,6,6,0,6183,,,,,,,
571310,335,2024-02-22,11,11,0,6194,,,,,,,
571310,336,2024-02-29,6,4,2,6200,,,,,,,
571310,337,2024-03-07,22,22,0,6222,,,,,,,
571310,338,2024-03-14,15,13,2,6237,,,,,,,
571310,339,2024-03-21,8,7,1,6245,,,,,,,
571310,340,2024-03-28,6,6,0,6251,,,,,,,
571310,341,2024-04-05,11,11,0,6262,,,,,,,
571310,342,2024-04-12,10,9,1,6272,,,,,,,
571310,343,2024-04-19,20,16,4,6292,,,,,,,
571310,344,2024-04-26,111,103,8,6403,,,,,,,
571310,345,2024-05-03,66,66,0,6469,,,,,,,
571310,346,2024-05-10,48,47,1,6517,,,,,,,
571310,347,2024-05-17,28,27,1,6545,,,,,,,
571310,348,2024-05-24,22,21,1,6567,,,,,,,
571310,349,2024-05-31,11,11,0,6578,,,,,,,
571310,350,2024-06-07,21,21,0,6599,,,,,,,
571310,351,2024-06-14,30,29,1,6629,,,,,,,
571310,352,2024-06-21,23,22,1,6652,,,,,,,
571310,353,2024-06-28,29,28,1,6681,,,,,,,
571310,354,2024-07-05,24,22,2,6705,,,,,,,
571310,355,2024-07-12,12,12,0,6717,,,,,,,
571310,356,2024-07-19,27,25,2,6744,,,,,,,
571310,357,2024-07-26,15,15,0,6759,,,,,,,
571310,358,2024-08-02,23,21,2,6782,,,,,,,
571310,359,2024-08-09,23,23,0,6805,,,,,,,
571310,360,2024-08-16,13,11,2,6818,,,,,,,
571310,361,2024-08-23,14,14,0,6832,,,,,,,
571310,362,2024-08-30,9,8,1,6841,,,,,,,
571310,363,2024-09-06,14,13,1,6855,,,,,,,
571310,364,2024-09-13,15,14,1,6870,,,,,,,
571310,365,2024-09-20,14,14,0,6884,,,,,,,
571310,366,2024-09-27,12,12,0,6896,,,,,,,
571310,367,2024-10-04,16,15,1,6912,,,,,,,
571310,368,2024-10-11,33,27,6,6945,,,,,,,
571310,369,2024-10-18,32,30,2,6977,,,,,,,
571310,370,2024-10-25,17,16,1,6994,,,,,,,
571310,371,2024-10-31,15,15,0,7009,,,,,,,
571310,372,2024-11-07,15,14,1,7024,,,,,,,
571310,373,2024-11-14,8,7,1,7032,,,,,,,
571310,374,2024-11-21,15,13,2,7047,,,,,,,
571310,375,2024-11-28,19,19,0,7066,,,,,,,
571310,376,2024-12-05,22,20,2,7088,,,,,,,
571310,377,2024-12-12,26,25,1,7114,,,,,,,
571310,378,2024-12-19,28,28,0,7142,,,,,,,
571310,379,2024-12-26,24,22,2,7166,,,,,,,
571310,380,2025-01-02,26,25,1,7192,,,,,,,
571310,381,2025-01-09,21,20,1,7213,,,,,,,
571310,382,2025-01-16,16,16,0,7229,,,,,,,
571310,383,2025-01-23,12,12,0,7241,,,,,,,
571310,384,2025-01-30,10,10,0,7251,,,,,,,
571310,385,2025-02-06,13,11,2,7264,,,,,,,
571310,386,2025-02-13,12,12,0,7276,,,,,,,
571310,387,2025-02-20,13,10,3,7289,,,,,,,
571310,388,2025-02-27,18,17,1,7307,,,,,,,
571310,389,2025-03-06,12,10,2,7319,,,,,,,
571310,390,2025-03-13,12,12,0,7331,,,,,,,
571310,391,2025-03-20,19,18,1,7350,,,,,,,
571310,392,2025-03-27,20,17,3,7370,,,,,,,
571310,393,2025-04-04,16,16,0,7386,,,,,,,
571310,394,2025-04-11,14,14,0,7400,,,,,,,
571310,395,2025-04-18,9,8,1,7409,,,,,,,
571310,396,2025-04-25,7,7,0,7416,,,,,,,
571310,397,2025-05-02,12,12,0,7428,,,,,,,
571310,398,2025-05-09,21,20,1,7449,,,,,,,
571310,399,2025-05-16,20,20,0,7469,,,,,,,
571310,400,2025-05-23,22,22,0,7491,,,,,,,
571310,401,2025-05-30,11,11,0,7502,,,,,,,
571310,402,2025-06-06,13,12,1,7515,,,,,,,
571310,403,2025-06-13,10,10,0,7525,,,,,,,
571310,404,2025-06-20,78,69,9,7603,,,,,,,
571310,405,2025-06-27,155,144,11,7758,,,,,,,
571310,406,2025-07-04,107,101,6,7865,,,,,,,
571310,407,2025-07-11,67,63,4,7932,,,,,,,
571310,408,2025-07-18,42,40,2,7974,,,,,,,
571310,409,2025-07-25,44,44,0,8018,,,,,,,
571310,410,2025-08-01,33,32,1,8051,,,,,,,
571310,411,2025-08-08,19,18,1,8070,,,,,,,
571310,412,2025-08-15,25,24,1,8095,,,,,,,
571310,413,2025-08-22,28,28,0,8123,,,,,,,
571310,414,2025-08-29,34,33,1,8157,,,,,,,
571310,415,2025-09-05,16,15,1,8173,,,,,,,
571310,416,2025-09-12,24,24,0,8197,,,,,,,
571310,417,2025-09-19,21,21,0,8218,,,,,,,
571310,418,2025-09-26,20,19,1,8238,,,,,,,
571310,419,2025-10-03,25,24,1,8263,,,,,,,
571310,420,2025-10-10,42,40,2,8305,,,,,,,
571310,421,2025-10-17,31,31,0,8336,,,,,,,
571310,422,2025-10-24,29,28,1,8365,,,,,,,
571310,423,2025-10-30,23,22,1,8388,,,,,,,
571310,424,2025-11-06,14,14,0,8402,,,,,,,
571310,425,2025-11-13,13,10,3,8415,,,,,,,
571310,426,2025-11-20,14,13,1,8429,,,,,,,
571310,427,2025-11-27,31,28,3,8460,,,,,,,
571310,428,2025-12-04,19,18,1,8479,,,,,,,
571310,429,2025-12-11,20,19,1,8499,,,,,,,
571310,430,2025-12-18,25,24,1,8524,,,,,,,
571310,431,2025-12-25,24,23,1,8548,,,,,,,
571310,432,2026-01-01,22,21,1,8570,,,,,,,
571310,433,2026-01-08,18,17,1,8588,,,,,,,
571310,434,2026-01-15,20,20,0,8608,,,,,,,
571310,435,2026-01-22,27,26,1,8635,,,,,,,
571310,436,2026-01-29,18,16,2,8653,,,,,,,
571310,437,2026-02-05,26,25,1,8679,,,,,,,
571310,438,2026-02-12,17,15,2,8696,,,,,,,
571310,439,2026-02-19,17,15,2,8713,,,,,,,
571310,440,2026-02-26,21,20,1,8734,,,,,,,
571310,441,2026-03-05,21,19,2,8755,,,,,,,
571310,442,2026-03-12,19,19,0,8774,,,,,,,
571310,443,2026-03-19,20,19,1,8794,,,,,,,
571310,444,2026-03-26,16,14,2,8810,,,,,,,
571310,445,2026-04-03,15,15,0,8825,,,,,,,
571310,446,2026-04-10,21,21,0,8846,,,,,,,
571310,447,2026-04-17,17,15,2,8863,,,,,,,
571310,448,2026-04-24,18,18,0,8881,,,,,,,
571310,449,2026-05-01,13,13,0,8894,,,,,,,
571310,450,2026-05-08,12,12,0,8906,,,,,,,
571310,451,2026-05-15,17,16,1,8923,,,,,,,
571310,452,2026-05-22,18,17,1,8941,,,,,,,
571310,453,2026-05-29,13,13,0,8954,,,,,,,
571310,454,2026-06-05,13,12,1,8967,,,,,,,
571310,455,2026-06-12,18,18,0,8985,,,,,,,
571310,456,2026-06-19,9,9,0,8994,,,,,,,
571310,457,2026-06-26,19,18,1,9013,,,,,,,
571310,458,2026-07-03,12,12,0,9025,,,,,,,
571310,459,2026-07-10,9,9,0,9034,,,,,,,
571310,460,2026-07-17,6,4,2,9040,,,,,,,
571310,461,2026-07-24,15,14,1,9055,,,,,,,
571310,462,2026-07-31,8,8,0,9063,,,,,,,
571310,463,2026-08-07,4,3,1,9067,,,,,,,
1106840,0,2020-05-08,999,840,159,999,,,,,,,
1106840,1,2020-05-15,358,289,69,1357,,,,,,,
1106840,2,2020-05-22,226,177,49,1583,,,,,,,
1106840,3,2020-05-29,142,117,25,1725,,,,,,,
1106840,4,2020-06-05,88,73,15,1813,,,,,,,
1106840,5,2020-06-12,86,74,12,1899,,,,,,,
1106840,6,2020-06-19,49,46,3,1948,,,,,,,
1106840,7,2020-06-26,70,61,9,2018,,,,,,,
1106840,8,2020-07-03,53,46,7,2071,,,,,,,
1106840,9,2020-07-10,89,78,11,2160,,,,,,,
1106840,10,2020-07-17,132,102,30,2292,,,,,,,
1106840,11,2020-07-24,98,86,12,2390,,,,,,,
1106840,12,2020-07-31,54,45,9,2444,,,,,,,
1106840,13,2020-08-07,51,43,8,2495,,,,,,,
1106840,14,2020-08-14,34,28,6,2529,,,,,,,
1106840,15,2020-08-21,59,49,10,2588,,,,,,,
1106840,16,2020-08-28,30,28,2,2618,,,,,,,
1106840,17,2020-09-04,59,55,4,2677,,,,,,,
1106840,18,2020-09-11,101,94,7,2778,,,,,,,
1106840,19,2020-09-18,88,82,6,2866,,,,,,,
1106840,20,2020-09-25,69,62,7,2935,,,,,,,
1106840,21,2020-10-02,53,51,2,2988,,,,,,,
1106840,22,2020-10-09,51,49,2,3039,,,,,,,
1106840,23,2020-10-16,77,70,7,3116,,,,,,,
1106840,24,2020-10-23,123,108,15,3239,,,,,,,
1106840,25,2020-10-29,51,46,5,3290,,,,,,,
1106840,26,2020-11-05,64,59,5,3354,,,,,,,
1106840,27,2020-11-12,46,40,6,3400,,,,,,,
1106840,28,2020-11-19,164,162,2,3564,,,,,,,
1106840,29,2020-11-26,143,141,2,3707,,,,,,,
1106840,30,2020-12-03,37,36,1,3744,,,,,,,
1106840,31,2020-12-10,34,33,1,3778,,,,,,,
1106840,32,2020-12-17,37,35,2,3815,,,,,,,
1106840,33,2020-12-24,53,51,2,3868,,,,,,,
1106840,34,2020-12-31,65,61,4,3933,,,,,,,
1106840,35,2021-01-07,72,63,9,4005,,,,,,,
1106840,36,2021-01-14,257,227,30,4262,,,,,,,
1106840,37,2021-01-21,145,134,11,4407,,,,,,,
1106840,38,2021-01-28,87,78,9,4494,,,,,,,
1106840,39,2021-02-04,79,72,7,4573,,,,,,,
1106840,40,2021-02-11,179,159,20,4752,,,,,,,
1106840,41,2021-02-18,122,110,12,4874,,,,,,,
1106840,42,2021-02-25,94,83,11,4968,,,,,,,
1106840,43,2021-03-04,94,88,6,5062,,,,,,,
1106840,44,2021-03-11,110,92,18,5172,,,,,,,
1106840,45,2021-03-18,75,71,4,5247,,,,,,,
1106840,46,2021-03-25,64,57,7,5311,,,,,,,
1106840,47,2021-04-02,80,75,5,5391,,,,,,,
1106840,48,2021-04-09,51,48,3,5442,,,,,,,
1106840,49,2021-04-16,37,34,3,5479,,,,,,,
1106840,50,2021-04-23,33,32,1,5512,,,,,,,
1106840,51,2021-04-30,42,34,8,5554,,,,,,,
1106840,52,2021-05-07,104,95,9,5658,,,,,,,
1106840,53,2021-05-14,62,57,5,5720,,,,,,,
1106840,54,2021-05-21,56,50,6,5776,,,,,,,
1106840,55,2021-05-28,71,62,9,5847,,,,,,,
1106840,56,2021-06-04,84,74,10,5931,,,,,,,
1106840,57,2021-06-11,54,46,8,5985,,,,,,,
1106840,58,2021-06-18,60,53,7,6045,,,,,,,
1106840,59,2021-06-25,63,51,12,6108,,,,,,,
1106840,60,2021-07-02,93,86,7,6201,,,,,,,
1106840,61,2021-07-09,57,52,5,6258,,,,,,,
1106840,62,2021-07-16,52,48,4,6310,,,,,,,
1106840,63,2021-07-23,50,46,4,6360,,,,,,,
1106840,64,2021-07-30,56,49,7,6416,,,,,,,
1106840,65,2021-08-06,61,55,6,6477,,,,,,,
1106840,66,2021-08-13,67,61,6,6544,,,,,,,
1106840,67,2021-08-20,46,41,5,6590,,,,,,,
1106840,68,2021-08-27,52,44,8,6642,,,,,,,
1106840,69,2021-09-03,56,52,4,6698,,,,,,,
1106840,70,2021-09-10,52,47,5,6750,,,,,,,
1106840,71,2021-09-17,101,90,11,6851,,,,,,,
1106840,72,2021-09-24,65,60,5,6916,,,,,,,
1106840,73,2021-10-01,71,63,8,6987,,,,,,,
1106840,74,2021-10-08,54,53,1,7041,,,,,,,
1106840,75,2021-10-15,52,47,5,7093,,,,,,,
1106840,76,2021-10-22,56,49,7,7149,,,,,,,
1106840,77,2021-10-29,61,56,5,7210,,,,,,,
1106840,78,2021-11-04,151,131,20,7361,,,,,,,
1106840,79,2021-11-11,136,126,10,7497,,,,,,,
1106840,80,2021-11-18,142,133,9,7639,,,,,,,
1106840,81,2021-11-25,145,128,17,7784,,,,,,,
1106840,82,2021-12-02,101,92,9,7885,,,,,,,
1106840,83,2021-12-09,76,71,5,7961,,,,,,,
1106840,84,2021-12-16,51,44,7,8012,,,,,,,
1106840,85,2021-12-23,75,70,5,8087,,,,,,,
1106840,86,2021-12-30,84,70,14,8171,,,,,,,
1106840,87,2022-01-06,87,70,17,8258,,,,,,,
1106840,88,2022-01-13,73,66,7,8331,,,,,,,
1106840,89,2022-01-20,70,64,6,8401,,,,,,,
1106840,90,2022-01-27,62,55,7,8463,,,,,,,
1106840,91,2022-02-03,73,68,5,8536,,,,,,,
1106840,92,2022-02-10,53,48,5,8589,,,,,,,
1106840,93,2022-02-17,76,65,11,8665,,,,,,,
1106840,94,2022-02-24,62,57,5,8727,,,,,,,
1106840,95,2022-03-03,46,44,2,8773,,,,,,,
1106840,96,2022-03-10,65,60,5,8838,,,,,,,
1106840,97,2022-03-17,41,36,5,8879,,,,,,,
1106840,98,2022-03-24,48,43,5,8927,,,,,,,
1106840,99,2022-04-01,81,77,4,9008,,,,,,,
1106840,100,2022-04-08,85,82,3,9093,,,,,,,
1106840,101,2022-04-15,68,67,1,9161,,,,,,,
1106840,102,2022-04-22,43,42,1,9204,,,,,,,
1106840,103,2022-04-29,40,36,4,9244,,,,,,,
1106840,104,2022-05-06,575,442,133,9819,,,,,,,
1106840,105,2022-05-13,782,635,147,10601,,,,,,,
1106840,106,2022-05-20,479,419,60,11080,,,,,,,
1106840,107,2022-05-27,296,253,43,11376,,,,,,,
1106840,108,2022-06-03,229,200,29,11605,,,,,,,
1106840,109,2022-06-10,156,142,14,11761,,,,,,,
1106840,110,2022-06-17,138,120,18,11899,,,,,,,
1106840,111,2022-06-24,143,126,17,12042,,,,,,,
1106840,112,2022-07-01,142,122,20,12184,,,,,,,
1106840,113,2022-07-08,128,120,8,12312,,,,,,,
1106840,114,2022-07-15,97,88,9,12409,,,,,,,
1106840,115,2022-07-22,89,78,11,12498,,,,,,,
1106840,116,2022-07-29,75,63,12,12573,,,,,,,
1106840,117,2022-08-05,102,84,18,12675,,,,,,,
1106840,118,2022-08-12,100,93,7,12775,,,,,,,
1106840,119,2022-08-19,84,80,4,12859,,,,,,,
1106840,120,2022-08-26,83,69,14,12942,,,,,,,
1106840,121,2022-09-02,97,85,12,13039,,,,,,,
1106840,122,2022-09-09,84,81,3,13123,,,,,,,
1106840,123,2022-09-16,88,81,7,13211,,,,,,,
1106840,124,2022-09-23,111,104,7,13322,,,,,,,
1106840,125,2022-09-30,84,77,7,13406,,,,,,,
1106840,126,2022-10-07,67,63,4,13473,,,,,,,
1106840,127,2022-10-14,88,81,7,13561,,,,,,,
1106840,128,2022-10-21,79,73,6,13640,,,,,,,
1106840,129,2022-10-28,88,79,9,13728,,,,,,,
1106840,130,2022-11-03,66,61,5,13794,,,,,,,
1106840,131,2022-11-10,69,64,5,13863,,,,,,,
1106840,132,2022-11-17,81,74,7,13944,,,,,,,
1106840,133,2022-11-24,91,78,13,14035,,,,,,,
1106840,134,2022-12-01,67,62,5,14102,,,,,,,
1106840,135,2022-12-08,219,207,12,14321,,,,,,,
1106840,136,2022-12-15,126,109,17,14447,,,,,,,
1106840,137,2022-12-22,145,126,19,14592,,,,,,,
1106840,138,2022-12-29,115,105,10,14707,,,,,,,
1106840,139,2023-01-05,54,50,4,14761,,,,,,,
1106840,140,2023-01-12,57,52,5,14818,,,,,,,
1106840,141,2023-01-19,63,59,4,14881,,,,,,,
1106840,142,2023-01-26,77,66,11,14958,,,,,,,
1106840,143,2023-02-02,86,78,8,15044,,,,,,,
1106840,144,2023-02-09,57,50,7,15101,,,,,,,
1106840,145,2023-02-16,57,51,6,15158,,,,,,,
1106840,146,2023-02-23,44,37,7,15202,,,,,,,
1106840,147,2023-03-02,44,40,4,15246,,,,,,,
1106840,148,2023-03-09,39,34,5,15285,,,,,,,
1106840,149,2023-03-16,47,39,8,15332,,,,,,,
1106840,150,2023-03-23,46,42,4,15378,,,,,,,
1106840,151,2023-03-31,54,46,8,15432,,,,,,,
1106840,152,2023-04-07,55,50,5,15487,,,,,,,
1106840,153,2023-04-14,256,193,63,15743,,,,,,,
1106840,154,2023-04-21,159,126,33,15902,,,,,,,
1106840,155,2023-04-28,255,231,24,16157,,,,,,,
1106840,156,2023-05-05,145,126,19,16302,,,,,,,
1106840,157,2023-05-12,90,84,6,16392,,,,,,,
1106840,158,2023-05-19,79,66,13,16471,,,,,,,
1106840,159,2023-05-26,83,70,13,16554,,,,,,,
1106840,160,2023-06-02,74,58,16,16628,,,,,,,
1106840,161,2023-06-09,71,56,15,16699,,,,,,,
1106840,162,2023-06-16,76,69,7,16775,,,,,,,
1106840,163,2023-06-23,82,74,8,16857,,,,,,,
1106840,164,2023-06-30,93,73,20,16950,,,,,,,
1106840,165,2023-07-07,86,65,21,17036,,,,,,,
1106840,166,2023-07-14,61,50,11,17097,,,,,,,
1106840,167,2023-07-21,81,73,8,17178,,,,,,,
1106840,168,2023-07-28,72,66,6,17250,,,,,,,
1106840,169,2023-08-04,71,64,7,17321,,,,,,,
1106840,170,2023-08-11,64,56,8,17385,,,,,,,
1106840,171,2023-08-18,51,42,9,17436,,,,,,,
1106840,172,2023-08-25,61,57,4,17497,,,,,,,
1106840,173,2023-09-01,30,29,1,17527,,,,,,,
1106840,174,2023-09-08,44,38,6,17571,,,,,,,
1106840,175,2023-09-15,45,40,5,17616,,,,,,,
1106840,176,2023-09-22,75,68,7,17691,,,,,,,
1106840,177,2023-09-29,66,58,8,17757,,,,,,,
1106840,178,2023-10-06,55,50,5,17812,,,,,,,
1106840,179,2023-10-13,52,47,5,17864,,,,,,,
1106840,180,2023-10-20,58,52,6,17922,,,,,,,
1106840,181,2023-10-27,57,46,11,17979,,,,,,,
1106840,182,2023-11-02,55,45,10,18034,,,,,,,
1106840,183,2023-11-09,67,56,11,18101,,,,,,,
1106840,184,2023-11-16,68,60,8,18169,,,,,,,
1106840,185,2023-11-23,84,73,11,18253,,,,,,,
1106840,186,2023-11-30,41,35,6,18294,,,,,,,
1106840,187,2023-12-07,44,38,6,18338,,,,,,,
1106840,188,2023-12-14,65,58,7,18403,,,,,,,
1106840,189,2023-12-21,75,67,8,18478,,,,,,,
1106840,190,2023-12-28,122,108,14,18600,,,,,,,
1106840,191,2024-01-04,107,73,34,18707,,,,,,,
1106840,192,2024-01-11,85,68,17,18792,,,,,,,
1106840,193,2024-01-18,67,58,9,18859,,,,,,,
1106840,194,2024-01-25,56,49,7,18915,,,,,,,
1106840,195,2024-02-01,78,71,7,18993,,,,,,,
1106840,196,2024-02-08,57,49,8,19050,,,,,,,
1106840,197,2024-02-15,42,36,6,19092,,,,,,,
1106840,198,2024-02-22,47,43,4,19139,,,,,,,
1106840,199,2024-02-29,74,59,15,19213,,,,,,,
1106840,200,2024-03-07,43,39,4,19256,,,,,,,
1106840,201,2024-03-14,77,67,10,19333,,,,,,,
1106840,202,2024-03-21,79,69,10,19412,,,,,,,
1106840,203,2024-03-28,90,82,8,19502,,,,,,,
1106840,204,2024-04-05,374,304,70,19876,,,,,,,
1106840,205,2024-04-12,220,187,33,20096,,,,,,,
1106840,206,2024-04-19,163,147,16,20259,,,,,,,
1106840,207,2024-04-26,145,127,18,20404,,,,,,,
1106840,208,2024-05-03,173,155,18,20577,,,,,,,
1106840,209,2024-05-10,148,128,20,20725,,,,,,,
1106840,210,2024-05-17,142,116,26,20867,,,,,,,
1106840,211,2024-05-24,90,74,16,20957,,,,,,,
1106840,212,2024-05-31,79,71,8,21036,,,,,,,
1106840,213,2024-06-07,71,62,9,21107,,,,,,,
1106840,214,2024-06-14,61,55,6,21168,,,,,,,
1106840,215,2024-06-21,56,47,9,21224,,,,,,,
1106840,216,2024-06-28,77,69,8,21301,,,,,,,
1106840,217,2024-07-05,65,54,11,21366,,,,,,,
1106840,218,2024-07-12,73,59,14,21439,,,,,,,
1106840,219,2024-07-19,97,78,19,21536,,,,,,,
1106840,220,2024-07-26,58,55,3,21594,,,,,,,
1106840,221,2024-08-02,58,53,5,21652,,,,,,,
1106840,222,2024-08-09,49,44,5,21701,,,,,,,
1106840,223,2024-08-16,61,54,7,21762,,,,,,,
1106840,224,2024-08-23,38,36,2,21800,,,,,,,
1106840,225,2024-08-30,40,35,5,21840,,,,,,,
1106840,226,2024-09-06,132,65,67,21972,,,,,,,
1106840,227,2024-09-13,125,88,37,22097,,,,,,,
1106840,228,2024-09-20,56,47,9,22153,,,,,,,
1106840,229,2024-09-27,61,52,9,22214,,,,,,,
1106840,230,2024-10-04,51,44,7,22265,,,,,,,
1106840,231,2024-10-11,66,58,8,22331,,,,,,,
1106840,232,2024-10-18,74,69,5,22405,,,,,,,
1106840,233,2024-10-25,48,41,7,22453,,,,,,,
1106840,234,2024-10-31,39,38,1,22492,,,,,,,
1106840,235,2024-11-07,49,45,4,22541,,,,,,,
1106840,236,2024-11-14,53,49,4,22594,,,,,,,
1106840,237,2024-11-21,63,55,8,22657,,,,,,,
1106840,238,2024-11-28,106,90,16,22763,,,,,,,
1106840,239,2024-12-05,37,34,3,22800,,,,,,,
1106840,240,2024-12-12,76,61,15,22876,,,,,,,
1106840,241,2024-12-19,105,84,21,22981,,,,,,,
1106840,242,2024-12-26,109,96,13,23090,,,,,,,
1106840,243,2025-01-02,76,67,9,23166,,,,,,,
1106840,244,2025-01-09,71,64,7,23237,,,,,,,
1106840,245,2025-01-16,63,55,8,23300,,,,,,,
1106840,246,2025-01-23,45,38,7,23345,,,,,,,
1106840,247,2025-01-30,52,47,5,23397,,,,,,,
1106840,248,2025-02-06,54,47,7,23451,,,,,,,
1106840,249,2025-02-13,90,75,15,23541,,,,,,,
1106840,250,2025-02-20,78,67,11,23619,,,,,,,
1106840,251,2025-02-27,90,70,20,23709,,,,,,,
1106840,252,2025-03-06,188,133,55,23897,,,,,,,
1106840,253,2025-03-13,137,104,33,24034,,,,,,,
1106840,254,2025-03-20,91,73,18,24125,,,,,,,
1106840,255,2025-03-27,62,51,11,24187,,,,,,,
1106840,256,2025-04-04,47,35,12,24234,,,,,,,
1106840,257,2025-04-11,66,49,17,24300,,,,,,,
1106840,258,2025-04-18,89,73,16,24389,,,,,,,
1106840,259,2025-04-25,58,47,11,24447,,,,,,,
1106840,260,2025-05-02,45,40,5,24492,,,,,,,
1106840,261,2025-05-09,38,32,6,24530,,,,,,,
1106840,262,2025-05-16,43,40,3,24573,,,,,,,
1106840,263,2025-05-23,46,41,5,24619,,,,,,,
1106840,264,2025-05-30,37,31,6,24656,,,,,,,
1106840,265,2025-06-06,40,35,5,24696,,,,,,,
1106840,266,2025-06-13,49,41,8,24745,,,,,,,
1106840,267,2025-06-20,67,46,21,24812,,,,,,,
1106840,268,2025-06-27,97,81,16,24909,,,,,,,
1106840,269,2025-07-04,62,48,14,24971,,,,,,,
1106840,270,2025-07-11,57,47,10,25028,,,,,,,
1106840,271,2025-07-18,56,48,8,25084,,,,,,,
1106840,272,2025-07-25,38,28,10,25122,,,,,,,
1106840,273,2025-08-01,46,40,6,25168,,,,,,,
1106840,274,2025-08-08,39,34,5,25207,,,,,,,
1106840,275,2025-08-15,43,35,8,25250,,,,,,,
1106840,276,2025-08-22,49,39,10,25299,,,,,,,
1106840,277,2025-08-29,63,52,11,25362,,,,,,,
1106840,278,2025-09-05,47,38,9,25409,,,,,,,
1106840,279,2025-09-12,46,44,2,25455,,,,,,,
1106840,280,2025-09-19,47,40,7,25502,,,,,,,
1106840,281,2025-09-26,48,33,15,25550,,,,,,,
1106840,282,2025-10-03,51,40,11,25601,,,,,,,
1106840,283,2025-10-10,30,22,8,25631,,,,,,,
1106840,284,2025-10-17,34,29,5,25665,,,,,,,
1106840,285,2025-10-24,32,27,5,25697,,,,,,,
1106840,286,2025-10-30,36,32,4,25733,,,,,,,
1106840,287,2025-11-06,38,33,5,25771,,,,,,,
1106840,288,2025-11-13,62,44,18,25833,,,,,,,
1106840,289,2025-11-20,51,46,5,25884,,,,,,,
1106840,290,2025-11-27,42,36,6,25926,,,,,,,
1106840,291,2025-12-04,46,36,10,25972,,,,,,,
1106840,292,2025-12-11,36,31,5,26008,,,,,,,
1106840,293,2025-12-18,54,42,12,26062,,,,,,,
1106840,294,2025-12-25,86,59,27,26148,,,,,,,
1106840,295,2026-01-01,87,67,20,26235,,,,,,,
1106840,296,2026-01-08,39,33,6,26274,,,,,,,
1106840,297,2026-01-15,72,52,20,26346,,,,,,,
1106840,298,2026-01-22,91,78,13,26437,,,,,,,
1106840,299,2026-01-29,69,59,10,26506,,,,,,,
1106840,300,2026-02-05,63,52,11,26569,,,,,,,
1106840,301,2026-02-12,51,44,7,26620,,,,,,,
1106840,302,2026-02-19,50,38,12,26670,,,,,,,
1106840,303,2026-02-26,59,49,10,26729,,,,,,,
1106840,304,2026-03-05,66,54,12,26795,,,,,,,
1106840,305,2026-03-12,42,34,8,26837,,,,,,,
1106840,306,2026-03-19,57,47,10,26894,,,,,,,
1106840,307,2026-03-26,51,44,7,26945,,,,,,,
1106840,308,2026-04-03,41,34,7,26986,,,,,,,
1106840,309,2026-04-10,37,29,8,27023,,,,,,,
1106840,310,2026-04-17,30,27,3,27053,,,,,,,
1106840,311,2026-04-24,30,27,3,27083,,,,,,,
1106840,312,2026-05-01,37,28,9,27120,,,,,,,
1106840,313,2026-05-08,323,202,121,27443,,,,,,,
1106840,314,2026-05-15,206,161,45,27649,,,,,,,
1106840,315,2026-05-22,88,71,17,27737,,,,,,,
1106840,316,2026-05-29,72,63,9,27809,,,,,,,
1106840,317,2026-06-05,90,74,16,27899,,,,,,,
1106840,318,2026-06-12,41,31,10,27940,,,,,,,
1106840,319,2026-06-19,39,31,8,27979,,,,,,,
1106840,320,2026-06-26,87,63,24,28066,,,,,,,
1106840,321,2026-07-03,81,56,25,28147,,,,,,,
1106840,322,2026-07-10,64,50,14,28211,,,,,,,
1106840,323,2026-07-17,42,30,12,28253,,,,,,,
1106840,324,2026-07-24,48,35,13,28301,,,,,,,
1106840,325,2026-07-31,28,21,7,28329,,,,,,,
1106840,326,2026-08-07,12,8,4,28341,,,,,,,
1621690,-129,2022-03-07,2725,2554,171,2725,,,,,,,
1621690,-128,2022-03-14,2752,2490,262,5477,,,,,,,
1621690,-127,2022-03-21,1537,1454,83,7014,,,,,,,
1621690,-126,2022-03-29,1157,991,166,8171,,,,,,,
1621690,-125,2022-04-05,657,586,71,8828,,,,,,,
1621690,-124,2022-04-12,563,516,47,9391,,,,,,,
1621690,-123,2022-04-19,458,414,44,9849,,,,,,,
1621690,-122,2022-04-26,345,316,29,10194,,,,,,,
1621690,-121,2022-05-03,274,253,21,10468,,,,,,,
1621690,-120,2022-05-10,254,238,16,10722,,,,,,,
1621690,-119,2022-05-17,221,215,6,10943,,,,,,,
1621690,-118,2022-05-24,147,135,12,11090,,,,,,,
1621690,-117,2022-05-31,165,149,16,11255,,,,,,,
1621690,-116,2022-06-07,174,152,22,11429,,,,,,,
1621690,-115,2022-06-14,380,351,29,11809,,,,,,,
1621690,-114,2022-06-21,300,269,31,12109,,,,,,,
1621690,-113,2022-06-28,361,337,24,12470,,,,,,,
1621690,-112,2022-07-05,297,270,27,12767,,,,,,,
1621690,-111,2022-07-12,228,215,13,12995,,,,,,,
1621690,-110,2022-07-19,203,181,22,13198,,,,,,,
1621690,-109,2022-07-26,168,158,10,13366,,,,,,,
1621690,-108,2022-08-02,172,154,18,13538,,,,,,,
1621690,-107,2022-08-09,153,133,20,13691,,,,,,,
1621690,-106,2022-08-16,136,124,12,13827,,,,,,,
1621690,-105,2022-08-23,112,104,8,13939,,,,,,,
1621690,-104,2022-08-30,105,99,6,14044,,,,,,,
1621690,-103,2022-09-06,82,78,4,14126,,,,,,,
1621690,-102,2022-09-13,124,117,7,14250,,,,,,,
1621690,-101,2022-09-20,148,140,8,14398,,,,,,,
1621690,-100,2022-09-27,194,182,12,14592,,,,,,,
1621690,-99,2022-10-04,122,116,6,14714,,,,,,,
1621690,-98,2022-10-11,94,85,9,14808,,,,,,,
1621690,-97,2022-10-18,98,96,2,14906,,,,,,,
1621690,-96,2022-10-25,111,104,7,15017,,,,,,,
1621690,-95,2022-10-31,102,94,8,15119,,,,,,,
1621690,-94,2022-11-07,308,283,25,15427,,,,,,,
1621690,-93,2022-11-14,270,248,22,15697,,,,,,,
1621690,-92,2022-11-21,3038,2998,40,18735,,,,,,,
1621690,-91,2022-11-28,369,348,21,19104,,,,,,,
1621690,-90,2022-12-05,172,157,15,19276,,,,,,,
1621690,-89,2022-12-12,152,139,13,19428,,,,,,,
1621690,-88,2022-12-19,146,135,11,19574,,,,,,,
1621690,-87,2022-12-26,251,230,21,19825,,,,,,,
1621690,-86,2023-01-02,240,224,16,20065,,,,,,,
1621690,-85,2023-01-09,176,157,19,20241,,,,,,,
1621690,-84,2023-01-16,138,119,19,20379,,,,,,,
1621690,-83,2023-01-23,116,106,10,20495,,,,,,,
1621690,-82,2023-01-30,109,98,11,20604,,,,,,,
1621690,-81,2023-02-06,155,143,12,20759,,,,,,,
1621690,-80,2023-02-13,226,208,18,20985,,,,,,,
1621690,-79,2023-02-20,185,174,11,21170,,,,,,,
1621690,-78,2023-02-27,172,155,17,21342,,,,,,,
1621690,-77,2023-03-06,137,125,12,21479,,,,,,,
1621690,-76,2023-03-13,180,166,14,21659,,,,,,,
1621690,-75,2023-03-20,217,196,21,21876,,,,,,,
1621690,-74,2023-03-28,166,154,12,22042,,,,,,,
1621690,-73,2023-04-04,260,224,36,22302,,,,,,,
1621690,-72,2023-04-11,187,165,22,22489,,,,,,,
1621690,-71,2023-04-18,142,128,14,22631,,,,,,,
1621690,-70,2023-04-25,121,115,6,22752,,,,,,,
1621690,-69,2023-05-02,113,104,9,22865,,,,,,,
1621690,-68,2023-05-09,257,246,11,23122,,,,,,,
1621690,-67,2023-05-16,403,373,30,23525,,,,,,,
1621690,-66,2023-05-23,266,245,21,23791,,,,,,,
1621690,-65,2023-05-30,169,156,13,23960,,,,,,,
1621690,-64,2023-06-06,136,123,13,24096,,,,,,,
1621690,-63,2023-06-13,134,123,11,24230,,,,,,,
1621690,-62,2023-06-20,114,103,11,24344,,,,,,,
1621690,-61,2023-06-27,129,119,10,24473,,,,,,,
1621690,-60,2023-07-04,175,163,12,24648,,,,,,,
1621690,-59,2023-07-11,137,120,17,24785,,,,,,,
1621690,-58,2023-07-18,86,76,10,24871,,,,,,,
1621690,-57,2023-07-25,96,91,5,24967,,,,,,,
1621690,-56,2023-08-01,77,75,2,25044,,,,,,,
1621690,-55,2023-08-08,68,60,8,25112,,,,,,,
1621690,-54,2023-08-15,94,86,8,25206,,,,,,,
1621690,-53,2023-08-22,92,86,6,25298,,,,,,,
1621690,-52,2023-08-29,66,59,7,25364,,,,,,,
1621690,-51,2023-09-05,66,63,3,25430,,,,,,,
1621690,-50,2023-09-12,66,64,2,25496,,,,,,,
1621690,-49,2023-09-19,108,103,5,25604,,,,,,,
1621690,-48,2023-09-26,185,166,19,25789,,,,,,,
1621690,-47,2023-10-03,386,362,24,26175,,,,,,,
1621690,-46,2023-10-10,281,268,13,26456,,,,,,,
1621690,-45,2023-10-17,201,194,7,26657,,,,,,,
1621690,-44,2023-10-24,143,129,14,26800,,,,,,,
1621690,-43,2023-10-30,105,93,12,26905,,,,,,,
1621690,-42,2023-11-06,103,100,3,27008,,,,,,,
1621690,-41,2023-11-13,91,86,5,27099,,,,,,,
1621690,-40,2023-11-20,645,631,14,27744,,,,,,,
1621690,-39,2023-11-27,198,188,10,27942,,,,,,,
1621690,-38,2023-12-04,104,99,5,28046,,,,,,,
1621690,-37,2023-12-11,99,92,7,28145,,,,,,,
1621690,-36,2023-12-18,131,129,2,28276,,,,,,,
1621690,-35,2023-12-25,189,174,15,28465,,,,,,,
1621690,-34,2024-01-01,178,171,7,28643,,,,,,,
1621690,-33,2024-01-08,133,127,6,28776,,,,,,,
1621690,-32,2024-01-15,131,126,5,28907,,,,,,,
1621690,-31,2024-01-22,65,63,2,28972,,,,,,,
1621690,-30,2024-01-29,151,141,10,29123,,,,,,,
1621690,-29,2024-02-05,148,136,12,29271,,,,,,,
1621690,-28,2024-02-12,102,98,4,29373,,,,,,,
1621690,-27,2024-02-19,92,85,7,29465,,,,,,,
1621690,-26,2024-02-26,83,77,6,29548,,,,,,,
1621690,-25,2024-03-04,121,109,12,29669,,,,,,,
1621690,-24,2024-03-11,257,234,23,29926,,,,,,,
1621690,-23,2024-03-18,181,168,13,30107,,,,,,,
1621690,-22,2024-03-25,119,106,13,30226,,,,,,,
1621690,-21,2024-04-02,71,66,5,30297,,,,,,,
1621690,-20,2024-04-09,80,73,7,30377,,,,,,,
1621690,-19,2024-04-16,91,84,7,30468,,,,,,,
1621690,-18,2024-04-23,104,96,8,30572,,,,,,,
1621690,-17,2024-04-30,96,90,6,30668,,,,,,,
1621690,-16,2024-05-07,90,83,7,30758,,,,,,,
1621690,-15,2024-05-14,100,93,7,30858,,,,,,,
1621690,-14,2024-05-21,85,78,7,30943,,,,,,,
1621690,-13,2024-05-28,125,116,9,31068,,,,,,,
1621690,-12,2024-06-04,125,119,6,31193,,,,,,,
1621690,-11,2024-06-11,100,91,9,31293,,,,,,,
1621690,-10,2024-06-18,93,85,8,31386,,,,,,,
1621690,-9,2024-06-25,130,122,8,31516,,,,,,,
1621690,-8,2024-07-02,138,126,12,31654,,,,,,,
1621690,-7,2024-07-09,140,127,13,31794,,,,,,,
1621690,-6,2024-07-16,94,91,3,31888,,,,,,,
1621690,-5,2024-07-23,80,77,3,31968,,,,,,,
1621690,-4,2024-07-30,80,77,3,32048,,,,,,,
1621690,-3,2024-08-06,86,79,7,32134,,,,,,,
1621690,-2,2024-08-13,102,94,8,32236,,,,,,,
1621690,-1,2024-08-20,1014,926,88,33250,,,,,,,
1621690,0,2024-08-27,1675,1523,152,34925,,,,,,,
1621690,1,2024-09-03,1705,1541,164,36630,,,,,,,
1621690,2,2024-09-10,1067,962,105,37697,,,,,,,
1621690,3,2024-09-17,903,846,57,38600,,,,,,,
1621690,4,2024-09-24,650,604,46,39250,,,,,,,
1621690,5,2024-10-01,435,395,40,39685,,,,,,,
1621690,6,2024-10-08,349,321,28,40034,,,,,,,
1621690,7,2024-10-15,308,276,32,40342,,,,,,,
1621690,8,2024-10-22,328,305,23,40670,,,,,,,
1621690,9,2024-10-28,398,352,46,41068,,,,,,,
1621690,10,2024-11-04,368,325,43,41436,,,,,,,
1621690,11,2024-11-11,352,324,28,41788,,,,,,,
1621690,12,2024-11-18,239,210,29,42027,,,,,,,
1621690,13,2024-11-25,5909,5854,55,47936,,,,,,,
1621690,14,2024-12-02,962,938,24,48898,,,,,,,
1621690,15,2024-12-09,215,197,18,49113,,,,,,,
1621690,16,2024-12-16,243,212,31,49356,,,,,,,
1621690,17,2024-12-23,283,253,30,49639,,,,,,,
1621690,18,2024-12-30,268,240,28,49907,,,,,,,
1621690,19,2025-01-06,236,212,24,50143,,,,,,,
1621690,20,2025-01-13,195,179,16,50338,,,,,,,
1621690,21,2025-01-20,184,166,18,50522,,,,,,,
1621690,22,2025-01-27,203,185,18,50725,,,,,,,
1621690,23,2025-02-03,230,204,26,50955,,,,,,,
1621690,24,2025-02-10,162,145,17,51117,,,,,,,
1621690,25,2025-02-17,184,163,21,51301,,,,,,,
1621690,26,2025-02-24,159,149,10,51460,,,,,,,
1621690,27,2025-03-03,185,175,10,51645,,,,,,,
1621690,28,2025-03-10,281,247,34,51926,,,,,,,
1621690,29,2025-03-17,284,261,23,52210,,,,,,,
1621690,30,2025-03-24,231,218,13,52441,,,,,,,
1621690,31,2025-04-01,228,216,12,52669,,,,,,,
1621690,32,2025-04-08,319,290,29,52988,,,,,,,
1621690,33,2025-04-15,224,210,14,53212,,,,,,,
1621690,34,2025-04-22,189,169,20,53401,,,,,,,
1621690,35,2025-04-29,163,146,17,53564,,,,,,,
1621690,36,2025-05-06,135,117,18,53699,,,,,,,
1621690,37,2025-05-13,141,125,16,53840,,,,,,,
1621690,38,2025-05-20,143,131,12,53983,,,,,,,
1621690,39,2025-05-27,163,145,18,54146,,,,,,,
1621690,40,2025-06-03,174,155,19,54320,,,,,,,
1621690,41,2025-06-10,146,135,11,54466,,,,,,,
1621690,42,2025-06-17,136,126,10,54602,,,,,,,
1621690,43,2025-06-24,118,108,10,54720,,,,,,,
1621690,44,2025-07-01,182,166,16,54902,,,,,,,
1621690,45,2025-07-08,173,156,17,55075,,,,,,,
1621690,46,2025-07-15,241,229,12,55316,,,,,,,
1621690,47,2025-07-22,219,201,18,55535,,,,,,,
1621690,48,2025-07-29,181,167,14,55716,,,,,,,
1621690,49,2025-08-05,148,142,6,55864,,,,,,,
1621690,50,2025-08-12,124,111,13,55988,,,,,,,
1621690,51,2025-08-19,174,160,14,56162,,,,,,,
1621690,52,2025-08-26,152,147,5,56314,,,,,,,
1621690,53,2025-09-02,104,97,7,56418,,,,,,,
1621690,54,2025-09-09,115,113,2,56533,,,,,,,
1621690,55,2025-09-16,116,107,9,56649,,,,,,,
1621690,56,2025-09-23,124,115,9,56773,,,,,,,
1621690,57,2025-09-30,207,190,17,56980,,,,,,,
1621690,58,2025-10-07,198,182,16,57178,,,,,,,
1621690,59,2025-10-14,138,129,9,57316,,,,,,,
1621690,60,2025-10-21,184,167,17,57500,,,,,,,
1621690,61,2025-10-27,205,193,12,57705,,,,,,,
1621690,62,2025-11-03,187,172,15,57892,,,,,,,
1621690,63,2025-11-10,130,120,10,58022,,,,,,,
1621690,64,2025-11-17,143,134,9,58165,,,,,,,
1621690,65,2025-11-24,605,594,11,58770,,,,,,,
1621690,66,2025-12-01,256,225,31,59026,,,,,,,
1621690,67,2025-12-08,308,289,19,59334,,,,,,,
1621690,68,2025-12-15,233,212,21,59567,,,,,,,
1621690,69,2025-12-22,275,261,14,59842,,,,,,,
1621690,70,2025-12-29,289,270,19,60131,,,,,,,
1621690,71,2026-01-05,223,211,12,60354,,,,,,,
1621690,72,2026-01-12,210,183,27,60564,,,,,,,
1621690,73,2026-01-19,194,182,12,60758,,,,,,,
1621690,74,2026-01-26,193,178,15,60951,,,,,,,
1621690,75,2026-02-02,156,141,15,61107,,,,,,,
1621690,76,2026-02-09,143,135,8,61250,,,,,,,
1621690,77,2026-02-16,198,180,18,61448,,,,,,,
1621690,78,2026-02-23,403,371,32,61851,,,,,,,
1621690,79,2026-03-02,388,354,34,62239,,,,,,,
1621690,80,2026-03-09,249,225,24,62488,,,,,,,
1621690,81,2026-03-16,213,199,14,62701,,,,,,,
1621690,82,2026-03-23,215,206,9,62916,,,,,,,
1621690,83,2026-03-31,196,175,21,63112,,,,,,,
1621690,84,2026-04-07,199,187,12,63311,,,,,,,
1621690,85,2026-04-14,219,204,15,63530,,,,,,,
1621690,86,2026-04-21,178,161,17,63708,,,,,,,
1621690,87,2026-04-28,161,146,15,63869,,,,,,,
1621690,88,2026-05-05,173,160,13,64042,,,,,,,
1621690,89,2026-05-12,134,113,21,64176,,,,,,,
1621690,90,2026-05-19,124,111,13,64300,,,,,,,
1621690,91,2026-05-26,146,131,15,64446,,,,,,,
1621690,92,2026-06-02,179,170,9,64625,,,,,,,
1621690,93,2026-06-09,162,144,18,64787,,,,,,,
1621690,94,2026-06-16,136,121,15,64923,,,,,,,
1621690,95,2026-06-23,139,132,7,65062,,,,,,,
1621690,96,2026-06-30,162,153,9,65224,,,,,,,
1621690,97,2026-07-07,132,121,11,65356,,,,,,,
1621690,98,2026-07-14,154,144,10,65510,,,,,,,
1621690,99,2026-07-21,141,133,8,65651,,,,,,,
1621690,100,2026-07-28,120,112,8,65771,,,,,,,
1621690,101,2026-08-04,98,92,6,65869,,,,,,,
881100,-56,2019-09-19,516,495,21,516,,,,,,,
881100,-55,2019-09-26,934,859,75,1450,,,,,,,
881100,-54,2019-10-03,372,335,37,1822,,,,,,,
881100,-53,2019-10-10,267,247,20,2089,,,,,,,
881100,-52,2019-10-17,230,214,16,2319,,,,,,,
881100,-51,2019-10-24,368,361,7,2687,,,,,,,
881100,-50,2019-10-30,1072,1058,14,3759,,,,,,,
881100,-49,2019-11-06,546,539,7,4305,,,,,,,
881100,-48,2019-11-13,341,333,8,4646,,,,,,,
881100,-47,2019-11-20,1434,1420,14,6080,,,,,,,
881100,-46,2019-11-27,1680,1669,11,7760,,,,,,,
881100,-45,2019-12-04,244,234,10,8004,,,,,,,
881100,-44,2019-12-11,159,155,4,8163,,,,,,,
881100,-43,2019-12-18,325,317,8,8488,,,,,,,
881100,-42,2019-12-25,360,339,21,8848,,,,,,,
881100,-41,2020-01-01,257,250,7,9105,,,,,,,
881100,-40,2020-01-08,266,260,6,9371,,,,,,,
881100,-39,2020-01-15,176,170,6,9547,,,,,,,
881100,-38,2020-01-22,222,214,8,9769,,,,,,,
881100,-37,2020-01-29,203,194,9,9972,,,,,,,
881100,-36,2020-02-05,160,153,7,10132,,,,,,,
881100,-35,2020-02-12,156,152,4,10288,,,,,,,
881100,-34,2020-02-19,208,197,11,10496,,,,,,,
881100,-33,2020-02-26,308,286,22,10804,,,,,,,
881100,-32,2020-03-04,155,150,5,10959,,,,,,,
881100,-31,2020-03-11,141,138,3,11100,,,,,,,
881100,-30,2020-03-18,124,119,5,11224,,,,,,,
881100,-29,2020-03-25,118,113,5,11342,,,,,,,
881100,-28,2020-04-02,93,91,2,11435,,,,,,,
881100,-27,2020-04-09,97,94,3,11532,,,,,,,
881100,-26,2020-04-16,83,79,4,11615,,,,,,,
881100,-25,2020-04-23,108,100,8,11723,,,,,,,
881100,-24,2020-04-30,126,121,5,11849,,,,,,,
881100,-23,2020-05-07,94,89,5,11943,,,,,,,
881100,-22,2020-05-14,92,85,7,12035,,,,,,,
881100,-21,2020-05-21,84,83,1,12119,,,,,,,
881100,-20,2020-05-28,111,107,4,12230,,,,,,,
881100,-19,2020-06-04,99,97,2,12329,,,,,,,
881100,-18,2020-06-11,69,68,1,12398,,,,,,,
881100,-17,2020-06-18,75,70,5,12473,,,,,,,
881100,-16,2020-06-25,206,198,8,12679,,,,,,,
881100,-15,2020-07-02,180,164,16,12859,,,,,,,
881100,-14,2020-07-09,171,162,9,13030,,,,,,,
881100,-13,2020-07-16,110,103,7,13140,,,,,,,
881100,-12,2020-07-23,136,130,6,13276,,,,,,,
881100,-11,2020-07-30,201,187,14,13477,,,,,,,
881100,-10,2020-08-06,333,311,22,13810,,,,,,,
881100,-9,2020-08-13,140,136,4,13950,,,,,,,
881100,-8,2020-08-20,104,99,5,14054,,,,,,,
881100,-7,2020-08-27,87,84,3,14141,,,,,,,
881100,-6,2020-09-03,104,100,4,14245,,,,,,,
881100,-5,2020-09-10,118,109,9,14363,,,,,,,
881100,-4,2020-09-17,91,86,5,14454,,,,,,,
881100,-3,2020-09-24,157,151,6,14611,,,,,,,
881100,-2,2020-10-01,93,91,2,14704,,,,,,,
881100,-1,2020-10-08,98,94,4,14802,,,,,,,
881100,0,2020-10-15,763,697,66,15565,,,,,,,
881100,1,2020-10-22,533,498,35,16098,,,,,,,
881100,2,2020-10-28,355,329,26,16453,,,,,,,
881100,3,2020-11-04,285,267,18,16738,,,,,,,
881100,4,2020-11-11,279,267,12,17017,,,,,,,
881100,5,2020-11-18,768,759,9,17785,,,,,,,
881100,6,2020-11-25,3812,3782,30,21597,,,,,,,
881100,7,2020-12-02,309,297,12,21906,,,,,,,
881100,8,2020-12-09,173,168,5,22079,,,,,,,
881100,9,2020-12-16,266,256,10,22345,,,,,,,
881100,10,2020-12-23,576,551,25,22921,,,,,,,
881100,11,2020-12-30,612,570,42,23533,,,,,,,
881100,12,2021-01-06,506,485,21,24039,,,,,,,
881100,13,2021-01-13,375,362,13,24414,,,,,,,
881100,14,2021-01-20,333,322,11,24747,,,,,,,
881100,15,2021-01-27,364,349,15,25111,,,,,,,
881100,16,2021-02-03,354,334,20,25465,,,,,,,
881100,17,2021-02-10,765,718,47,26230,,,,,,,
881100,18,2021-02-17,452,438,14,26682,,,,,,,
881100,19,2021-02-24,292,281,11,26974,,,,,,,
881100,20,2021-03-03,262,252,10,27236,,,,,,,
881100,21,2021-03-10,243,238,5,27479,,,,,,,
881100,22,2021-03-17,215,204,11,27694,,,,,,,
881100,23,2021-03-24,250,235,15,27944,,,,,,,
881100,24,2021-04-01,389,369,20,28333,,,,,,,
881100,25,2021-04-08,275,265,10,28608,,,,,,,
881100,26,2021-04-15,223,213,10,28831,,,,,,,
881100,27,2021-04-22,227,217,10,29058,,,,,,,
881100,28,2021-04-29,213,207,6,29271,,,,,,,
881100,29,2021-05-06,185,176,9,29456,,,,,,,
881100,30,2021-05-13,160,153,7,29616,,,,,,,
881100,31,2021-05-20,162,152,10,29778,,,,,,,
881100,32,2021-05-27,272,256,16,30050,,,,,,,
881100,33,2021-06-03,206,197,9,30256,,,,,,,
881100,34,2021-06-10,161,148,13,30417,,,,,,,
881100,35,2021-06-17,137,129,8,30554,,,,,,,
881100,36,2021-06-24,262,252,10,30816,,,,,,,
881100,37,2021-07-01,243,227,16,31059,,,,,,,
881100,38,2021-07-08,220,204,16,31279,,,,,,,
881100,39,2021-07-15,198,186,12,31477,,,,,,,
881100,40,2021-07-22,158,151,7,31635,,,,,,,
881100,41,2021-07-29,143,134,9,31778,,,,,,,
881100,42,2021-08-05,173,169,4,31951,,,,,,,
881100,43,2021-08-12,197,191,6,32148,,,,,,,
881100,44,2021-08-19,635,587,48,32783,,,,,,,
881100,45,2021-08-26,344,319,25,33127,,,,,,,
881100,46,2021-09-02,268,251,17,33395,,,,,,,
881100,47,2021-09-09,249,240,9,33644,,,,,,,
881100,48,2021-09-16,186,182,4,33830,,,,,,,
881100,49,2021-09-23,161,157,4,33991,,,,,,,
881100,50,2021-09-30,169,162,7,34160,,,,,,,
881100,51,2021-10-07,145,138,7,34305,,,,,,,
881100,52,2021-10-14,257,243,14,34562,,,,,,,
881100,53,2021-10-21,211,204,7,34773,,,,,,,
881100,54,2021-10-28,237,221,16,35010,,,,,,,
881100,55,2021-11-03,215,205,10,35225,,,,,,,
881100,56,2021-11-10,179,171,8,35404,,,,,,,
881100,57,2021-11-17,206,197,9,35610,,,,,,,
881100,58,2021-11-24,630,613,17,36240,,,,,,,
881100,59,2021-12-01,269,253,16,36509,,,,,,,
881100,60,2021-12-08,207,198,9,36716,,,,,,,
881100,61,2021-12-15,234,223,11,36950,,,,,,,
881100,62,2021-12-22,362,344,18,37312,,,,,,,
881100,63,2021-12-29,427,408,19,37739,,,,,,,
881100,64,2022-01-05,322,308,14,38061,,,,,,,
881100,65,2022-01-12,248,239,9,38309,,,,,,,
881100,66,2022-01-19,236,225,11,38545,,,,,,,
881100,67,2022-01-26,302,284,18,38847,,,,,,,
881100,68,2022-02-02,302,286,16,39149,,,,,,,
881100,69,2022-02-09,204,192,12,39353,,,,,,,
881100,70,2022-02-16,230,219,11,39583,,,,,,,
881100,71,2022-02-23,271,254,17,39854,,,,,,,
881100,72,2022-03-02,193,180,13,40047,,,,,,,
881100,73,2022-03-09,176,171,5,40223,,,,,,,
881100,74,2022-03-16,152,146,6,40375,,,,,,,
881100,75,2022-03-23,116,108,8,40491,,,,,,,
881100,76,2022-03-31,144,140,4,40635,,,,,,,
881100,77,2022-04-07,114,109,5,40749,,,,,,,
881100,78,2022-04-14,130,125,5,40879,,,,,,,
881100,79,2022-04-21,101,96,5,40980,,,,,,,
881100,80,2022-04-28,197,184,13,41177,,,,,,,
881100,81,2022-05-05,295,283,12,41472,,,,,,,
881100,82,2022-05-12,166,159,7,41638,,,,,,,
881100,83,2022-05-19,170,163,7,41808,,,,,,,
881100,84,2022-05-26,131,128,3,41939,,,,,,,
881100,85,2022-06-02,127,121,6,42066,,,,,,,
881100,86,2022-06-09,135,127,8,42201,,,,,,,
881100,87,2022-06-16,129,125,4,42330,,,,,,,
881100,88,2022-06-23,238,219,19,42568,,,,,,,
881100,89,2022-06-30,238,220,18,42806,,,,,,,
881100,90,2022-07-07,202,182,20,43008,,,,,,,
881100,91,2022-07-14,151,146,5,43159,,,,,,,
881100,92,2022-07-21,146,133,13,43305,,,,,,,
881100,93,2022-07-28,175,168,7,43480,,,,,,,
881100,94,2022-08-04,241,226,15,43721,,,,,,,
881100,95,2022-08-11,165,152,13,43886,,,,,,,
881100,96,2022-08-18,163,154,9,44049,,,,,,,
881100,97,2022-08-25,171,159,12,44220,,,,,,,
881100,98,2022-09-01,128,121,7,44348,,,,,,,
881100,99,2022-09-08,122,119,3,44470,,,,,,,
881100,100,2022-09-15,119,110,9,44589,,,,,,,
881100,101,2022-09-22,164,155,9,44753,,,,,,,
881100,102,2022-09-29,375,351,24,45128,,,,,,,
881100,103,2022-10-06,209,200,9,45337,,,,,,,
881100,104,2022-10-13,159,150,9,45496,,,,,,,
881100,105,2022-10-20,155,146,9,45651,,,,,,,
881100,106,2022-10-27,153,147,6,45804,,,,,,,
881100,107,2022-11-02,120,114,6,45924,,,,,,,
881100,108,2022-11-09,134,125,9,46058,,,,,,,
881100,109,2022-11-16,272,264,8,46330,,,,,,,
881100,110,2022-11-23,391,371,20,46721,,,,,,,
881100,111,2022-11-30,179,168,11,46900,,,,,,,
881100,112,2022-12-07,166,161,5,47066,,,,,,,
881100,113,2022-12-14,155,150,5,47221,,,,,,,
881100,114,2022-12-21,307,285,22,47528,,,,,,,
881100,115,2022-12-28,348,328,20,47876,,,,,,,
881100,116,2023-01-04,242,227,15,48118,,,,,,,
881100,117,2023-01-11,225,217,8,48343,,,,,,,
881100,118,2023-01-18,143,134,9,48486,,,,,,,
881100,119,2023-01-25,180,172,8,48666,,,,,,,
881100,120,2023-02-01,168,162,6,48834,,,,,,,
881100,121,2023-02-08,136,129,7,48970,,,,,,,
881100,122,2023-02-15,137,132,5,49107,,,,,,,
881100,123,2023-02-22,393,365,28,49500,,,,,,,
881100,124,2023-03-01,297,281,16,49797,,,,,,,
881100,125,2023-03-08,185,171,14,49982,,,,,,,
881100,126,2023-03-15,223,213,10,50205,,,,,,,
881100,127,2023-03-22,196,183,13,50401,,,,,,,
881100,128,2023-03-30,163,158,5,50564,,,,,,,
881100,129,2023-04-06,158,148,10,50722,,,,,,,
881100,130,2023-04-13,121,116,5,50843,,,,,,,
881100,131,2023-04-20,128,124,4,50971,,,,,,,
881100,132,2023-04-27,133,122,11,51104,,,,,,,
881100,133,2023-05-04,115,110,5,51219,,,,,,,
881100,134,2023-05-11,126,119,7,51345,,,,,,,
881100,135,2023-05-18,140,138,2,51485,,,,,,,
881100,136,2023-05-25,151,144,7,51636,,,,,,,
881100,137,2023-06-01,136,129,7,51772,,,,,,,
881100,138,2023-06-08,188,183,5,51960,,,,,,,
881100,139,2023-06-15,199,189,10,52159,,,,,,,
881100,140,2023-06-22,190,183,7,52349,,,,,,,
881100,141,2023-06-29,339,314,25,52688,,,,,,,
881100,142,2023-07-06,357,341,16,53045,,,,,,,
881100,143,2023-07-13,259,237,22,53304,,,,,,,
881100,144,2023-07-20,177,166,11,53481,,,,,,,
881100,145,2023-07-27,204,188,16,53685,,,,,,,
881100,146,2023-08-03,256,241,15,53941,,,,,,,
881100,147,2023-08-10,218,210,8,54159,,,,,,,
881100,148,2023-08-17,165,152,13,54324,,,,,,,
881100,149,2023-08-24,149,141,8,54473,,,,,,,
881100,150,2023-08-31,133,130,3,54606,,,,,,,
881100,151,2023-09-07,133,125,8,54739,,,,,,,
881100,152,2023-09-14,135,127,8,54874,,,,,,,
881100,153,2023-09-21,124,122,2,54998,,,,,,,
881100,154,2023-09-28,257,240,17,55255,,,,,,,
881100,155,2023-10-05,392,372,20,55647,,,,,,,
881100,156,2023-10-12,282,266,16,55929,,,,,,,
881100,157,2023-10-19,225,213,12,56154,,,,,,,
881100,158,2023-10-26,167,161,6,56321,,,,,,,
881100,159,2023-11-01,193,190,3,56514,,,,,,,
881100,160,2023-11-08,183,173,10,56697,,,,,,,
881100,161,2023-11-15,280,273,7,56977,,,,,,,
881100,162,2023-11-22,457,438,19,57434,,,,,,,
881100,163,2023-11-29,202,190,12,57636,,,,,,,
881100,164,2023-12-06,166,157,9,57802,,,,,,,
881100,165,2023-12-13,189,184,5,57991,,,,,,,
881100,166,2023-12-20,222,206,16,58213,,,,,,,
881100,167,2023-12-27,304,290,14,58517,,,,,,,
881100,168,2024-01-03,258,247,11,58775,,,,,,,
881100,169,2024-01-10,214,205,9,58989,,,,,,,
881100,170,2024-01-17,229,221,8,59218,,,,,,,
881100,171,2024-01-24,194,188,6,59412,,,,,,,
881100,172,2024-01-31,192,180,12,59604,,,,,,,
881100,173,2024-02-07,163,153,10,59767,,,,,,,
881100,174,2024-02-14,171,162,9,59938,,,,,,,
881100,175,2024-02-21,135,132,3,60073,,,,,,,
881100,176,2024-02-28,133,127,6,60206,,,,,,,
881100,177,2024-03-06,162,154,8,60368,,,,,,,
881100,178,2024-03-13,272,256,16,60640,,,,,,,
881100,179,2024-03-20,280,263,17,60920,,,,,,,
881100,180,2024-03-27,233,219,14,61153,,,,,,,
881100,181,2024-04-04,469,433,36,61622,,,,,,,
881100,182,2024-04-11,645,605,40,62267,,,,,,,
881100,183,2024-04-18,393,367,26,62660,,,,,,,
881100,184,2024-04-25,310,292,18,62970,,,,,,,
881100,185,2024-05-02,312,296,16,63282,,,,,,,
881100,186,2024-05-09,283,267,16,63565,,,,,,,
881100,187,2024-05-16,188,180,8,63753,,,,,,,
881100,188,2024-05-23,226,218,8,63979,,,,,,,
881100,189,2024-05-30,227,219,8,64206,,,,,,,
881100,190,2024-06-06,227,216,11,64433,,,,,,,
881100,191,2024-06-13,207,198,9,64640,,,,,,,
881100,192,2024-06-20,225,211,14,64865,,,,,,,
881100,193,2024-06-27,392,374,18,65257,,,,,,,
881100,194,2024-07-04,381,360,21,65638,,,,,,,
881100,195,2024-07-11,335,317,18,65973,,,,,,,
881100,196,2024-07-18,254,241,13,66227,,,,,,,
881100,197,2024-07-25,273,260,13,66500,,,,,,,
881100,198,2024-08-01,221,213,8,66721,,,,,,,
881100,199,2024-08-08,208,199,9,66929,,,,,,,
881100,200,2024-08-15,193,180,13,67122,,,,,,,
881100,201,2024-08-22,201,194,7,67323,,,,,,,
881100,202,2024-08-29,191,183,8,67514,,,,,,,
881100,203,2024-09-05,143,136,7,67657,,,,,,,
881100,204,2024-09-12,162,155,7,67819,,,,,,,
881100,205,2024-09-19,503,464,39,68322,,,,,,,
881100,206,2024-09-26,363,335,28,68685,,,,,,,
881100,207,2024-10-03,253,237,16,68938,,,,,,,
881100,208,2024-10-10,212,203,9,69150,,,,,,,
881100,209,2024-10-17,194,185,9,69344,,,,,,,
881100,210,2024-10-24,225,209,16,69569,,,,,,,
881100,211,2024-10-30,266,244,22,69835,,,,,,,
881100,212,2024-11-06,206,190,16,70041,,,,,,,
881100,213,2024-11-13,186,179,7,70227,,,,,,,
881100,214,2024-11-20,237,225,12,70464,,,,,,,
881100,215,2024-11-27,1023,1010,13,71487,,,,,,,
881100,216,2024-12-04,246,233,13,71733,,,,,,,
881100,217,2024-12-11,188,181,7,71921,,,,,,,
881100,218,2024-12-18,254,235,19,72175,,,,,,,
881100,219,2024-12-25,288,265,23,72463,,,,,,,
881100,220,2025-01-01,279,258,21,72742,,,,,,,
881100,221,2025-01-08,203,192,11,72945,,,,,,,
881100,222,2025-01-15,195,187,8,73140,,,,,,,
881100,223,2025-01-22,214,204,10,73354,,,,,,,
881100,224,2025-01-29,186,178,8,73540,,,,,,,
881100,225,2025-02-05,172,159,13,73712,,,,,,,
881100,226,2025-02-12,188,175,13,73900,,,,,,,
881100,227,2025-02-19,556,511,45,74456,,,,,,,
881100,228,2025-02-26,360,330,30,74816,,,,,,,
881100,229,2025-03-05,261,245,16,75077,,,,,,,
881100,230,2025-03-12,266,249,17,75343,,,,,,,
881100,231,2025-03-19,253,243,10,75596,,,,,,,
881100,232,2025-03-26,219,214,5,75815,,,,,,,
881100,233,2025-04-03,205,194,11,76020,,,,,,,
881100,234,2025-04-10,185,176,9,76205,,,,,,,
881100,235,2025-04-17,145,141,4,76350,,,,,,,
881100,236,2025-04-24,164,159,5,76514,,,,,,,
881100,237,2025-05-01,199,190,9,76713,,,,,,,
881100,238,2025-05-08,186,178,8,76899,,,,,,,
881100,239,2025-05-15,195,187,8,77094,,,,,,,
881100,240,2025-05-22,181,171,10,77275,,,,,,,
881100,241,2025-05-29,188,182,6,77463,,,,,,,
881100,242,2025-06-05,165,152,13,77628,,,,,,,
881100,243,2025-06-12,199,187,12,77827,,,,,,,
881100,244,2025-06-19,195,181,14,78022,,,,,,,
881100,245,2025-06-26,288,270,18,78310,,,,,,,
881100,246,2025-07-03,358,334,24,78668,,,,,,,
881100,247,2025-07-10,283,267,16,78951,,,,,,,
881100,248,2025-07-17,234,213,21,79185,,,,,,,
881100,249,2025-07-24,182,170,12,79367,,,,,,,
881100,250,2025-07-31,181,171,10,79548,,,,,,,
881100,251,2025-08-07,176,168,8,79724,,,,,,,
881100,252,2025-08-14,185,174,11,79909,,,,,,,
881100,253,2025-08-21,203,187,16,80112,,,,,,,
881100,254,2025-08-28,157,147,10,80269,,,,,,,
881100,255,2025-09-04,158,151,7,80427,,,,,,,
881100,256,2025-09-11,160,152,8,80587,,,,,,,
881100,257,2025-09-18,141,138,3,80728,,,,,,,
881100,258,2025-09-25,155,152,3,80883,,,,,,,
881100,259,2025-10-02,236,220,16,81119,,,,,,,
881100,260,2025-10-09,330,294,36,81449,,,,,,,
881100,261,2025-10-16,235,220,15,81684,,,,,,,
881100,262,2025-10-23,213,204,9,81897,,,,,,,
881100,263,2025-10-29,192,174,18,82089,,,,,,,
881100,264,2025-11-05,200,189,11,82289,,,,,,,
881100,265,2025-11-12,146,141,5,82435,,,,,,,
881100,266,2025-11-19,180,171,9,82615,,,,,,,
881100,267,2025-11-26,161,155,6,82776,,,,,,,
881100,268,2025-12-03,140,134,6,82916,,,,,,,
881100,269,2025-12-10,139,131,8,83055,,,,,,,
881100,270,2025-12-17,203,196,7,83258,,,,,,,
881100,271,2025-12-24,273,263,10,83531,,,,,,,
881100,272,2025-12-31,231,218,13,83762,,,,,,,
881100,273,2026-01-07,185,170,15,83947,,,,,,,
881100,274,2026-01-14,164,153,11,84111,,,,,,,
881100,275,2026-01-21,137,130,7,84248,,,,,,,
881100,276,2026-01-28,152,143,9,84400,,,,,,,
881100,277,2026-02-04,117,112,5,84517,,,,,,,
881100,278,2026-02-11,156,149,7,84673,,,,,,,
881100,279,2026-02-18,163,151,12,84836,,,,,,,
881100,280,2026-02-25,116,112,4,84952,,,,,,,
881100,281,2026-03-04,123,115,8,85075,,,,,,,
881100,282,2026-03-11,106,104,2,85181,,,,,,,
881100,283,2026-03-18,159,153,6,85340,,,,,,,
881100,284,2026-03-25,148,145,3,85488,,,,,,,
881100,285,2026-04-02,128,118,10,85616,,,,,,,
881100,286,2026-04-09,129,123,6,85745,,,,,,,
881100,287,2026-04-16,123,115,8,85868,,,,,,,
881100,288,2026-04-23,111,99,12,85979,,,,,,,
881100,289,2026-04-30,155,142,13,86134,,,,,,,
881100,290,2026-05-07,240,224,16,86374,,,,,,,
881100,291,2026-05-14,169,159,10,86543,,,,,,,
881100,292,2026-05-21,170,154,16,86713,,,,,,,
881100,293,2026-05-28,152,140,12,86865,,,,,,,
881100,294,2026-06-04,122,108,14,86987,,,,,,,
881100,295,2026-06-11,126,118,8,87113,,,,,,,
881100,296,2026-06-18,120,110,10,87233,,,,,,,
881100,297,2026-06-25,165,154,11,87398,,,,,,,
881100,298,2026-07-02,178,165,13,87576,,,,,,,
881100,299,2026-07-09,178,166,12,87754,,,,,,,
881100,300,2026-07-16,160,143,17,87914,,,,,,,
881100,301,2026-07-23,160,149,11,88074,,,,,,,
881100,302,2026-07-30,155,141,14,88229,,,,,,,
881100,303,2026-08-06,72,69,3,88301,,,,,,,
1457320,-69,2023-07-13,199,153,46,199,,,,,,,
1457320,-68,2023-07-20,347,264,83,546,,,,,,,
1457320,-67,2023-07-27,139,108,31,685,,,,,,,
1457320,-66,2023-08-03,60,50,10,745,,,,,,,
1457320,-65,2023-08-10,42,35,7,787,,,,,,,
1457320,-64,2023-08-17,30,23,7,817,,,,,,,
1457320,-63,2023-08-24,22,18,4,839,,,,,,,
1457320,-62,2023-08-31,33,24,9,872,,,,,,,
1457320,-61,2023-09-07,17,15,2,889,,,,,,,
1457320,-60,2023-09-14,9,9,0,898,,,,,,,
1457320,-59,2023-09-21,12,9,3,910,,,,,,,
1457320,-58,2023-09-28,12,10,2,922,,,,,,,
1457320,-57,2023-10-05,30,23,7,952,,,,,,,
1457320,-56,2023-10-12,24,20,4,976,,,,,,,
1457320,-55,2023-10-19,12,9,3,988,,,,,,,
1457320,-54,2023-10-26,10,7,3,998,,,,,,,
1457320,-53,2023-11-02,8,7,1,1006,,,,,,,
1457320,-52,2023-11-09,7,4,3,1013,,,,,,,
1457320,-51,2023-11-16,56,50,6,1069,,,,,,,
1457320,-50,2023-11-23,73,63,10,1142,,,,,,,
1457320,-49,2023-11-30,13,10,3,1155,,,,,,,
1457320,-48,2023-12-07,12,9,3,1167,,,,,,,
1457320,-47,2023-12-14,17,14,3,1184,,,,,,,
1457320,-46,2023-12-21,47,34,13,1231,,,,,,,
1457320,-45,2023-12-28,71,55,16,1302,,,,,,,
1457320,-44,2024-01-04,40,25,15,1342,,,,,,,
1457320,-43,2024-01-11,31,23,8,1373,,,,,,,
1457320,-42,2024-01-18,38,25,13,1411,,,,,,,
1457320,-41,2024-01-25,22,15,7,1433,,,,,,,
1457320,-40,2024-02-01,15,14,1,1448,,,,,,,
1457320,-39,2024-02-08,8,6,2,1456,,,,,,,
1457320,-38,2024-02-15,14,11,3,1470,,,,,,,
1457320,-37,2024-02-22,19,14,5,1489,,,,,,,
1457320,-36,2024-02-29,10,7,3,1499,,,,,,,
1457320,-35,2024-03-07,20,14,6,1519,,,,,,,
1457320,-34,2024-03-14,29,20,9,1548,,,,,,,
1457320,-33,2024-03-21,29,25,4,1577,,,,,,,
1457320,-32,2024-03-28,50,36,14,1627,,,,,,,
1457320,-31,2024-04-04,26,21,5,1653,,,,,,,
1457320,-30,2024-04-11,14,12,2,1667,,,,,,,
1457320,-29,2024-04-18,17,10,7,1684,,,,,,,
1457320,-28,2024-04-25,9,7,2,1693,,,,,,,
1457320,-27,2024-05-02,12,10,2,1705,,,,,,,
1457320,-26,2024-05-09,16,8,8,1721,,,,,,,
1457320,-25,2024-05-16,15,11,4,1736,,,,,,,
1457320,-24,2024-05-23,13,13,0,1749,,,,,,,
1457320,-23,2024-05-30,12,8,4,1761,,,,,,,
1457320,-22,2024-06-06,7,3,4,1768,,,,,,,
1457320,-21,2024-06-13,29,18,11,1797,,,,,,,
1457320,-20,2024-06-20,33,21,12,1830,,,,,,,
1457320,-19,2024-06-27,27,17,10,1857,,,,,,,
1457320,-18,2024-07-04,13,10,3,1870,,,,,,,
1457320,-17,2024-07-11,9,5,4,1879,,,,,,,
1457320,-16,2024-07-18,12,6,6,1891,,,,,,,
1457320,-15,2024-07-25,7,4,3,1898,,,,,,,
1457320,-14,2024-08-01,12,9,3,1910,,,,,,,
1457320,-13,2024-08-08,12,8,4,1922,,,,,,,
1457320,-12,2024-08-15,6,3,3,1928,,,,,,,
1457320,-11,2024-08-22,4,2,2,1932,,,,,,,
1457320,-10,2024-08-29,6,4,2,1938,,,,,,,
1457320,-9,2024-09-05,6,2,4,1944,,,,,,,
1457320,-8,2024-09-12,8,7,1,1952,,,,,,,
1457320,-7,2024-09-19,1,1,0,1953,,,,,,,
1457320,-6,2024-09-26,10,6,4,1963,,,,,,,
1457320,-5,2024-10-03,4,1,3,1967,,,,,,,
1457320,-4,2024-10-10,8,7,1,1975,,,,,,,
1457320,-3,2024-10-17,2,1,1,1977,,,,,,,
1457320,-2,2024-10-24,3,2,1,1980,,,,,,,
1457320,-1,2024-10-31,4,3,1,1984,,,,,,,
1457320,0,2024-11-07,144,61,83,2128,,,,,,,
1457320,1,2024-11-14,83,30,53,2211,,,,,,,
1457320,2,2024-11-21,56,34,22,2267,,,,,,,
1457320,3,2024-11-28,91,61,30,2358,,,,,,,
1457320,4,2024-12-05,33,12,21,2391,,,,,,,
1457320,5,2024-12-12,23,5,18,2414,,,,,,,
1457320,6,2024-12-19,25,14,11,2439,,,,,,,
1457320,7,2024-12-26,26,6,20,2465,,,,,,,
1457320,8,2025-01-02,33,12,21,2498,,,,,,,
1457320,9,2025-01-09,27,10,17,2525,,,,,,,
1457320,10,2025-01-16,24,10,14,2549,,,,,,,
1457320,11,2025-01-23,20,8,12,2569,,,,,,,
1457320,12,2025-01-30,16,7,9,2585,,,,,,,
1457320,13,2025-02-06,9,1,8,2594,,,,,,,
1457320,14,2025-02-13,17,7,10,2611,,,,,,,
1457320,15,2025-02-20,22,6,16,2633,,,,,,,
1457320,16,2025-02-27,16,8,8,2649,,,,,,,
1457320,17,2025-03-06,14,6,8,2663,,,,,,,
1457320,18,2025-03-13,12,4,8,2675,,,,,,,
1457320,19,2025-03-20,11,5,6,2686,,,,,,,
1457320,20,2025-03-27,9,3,6,2695,,,,,,,
1457320,21,2025-04-03,19,8,11,2714,,,,,,,
1457320,22,2025-04-10,10,6,4,2724,,,,,,,
1457320,23,2025-04-17,9,3,6,2733,,,,,,,
1457320,24,2025-04-24,12,5,7,2745,,,,,,,
1457320,25,2025-05-01,11,4,7,2756,,,,,,,
1457320,26,2025-05-08,18,10,8,2774,,,,,,,
1457320,27,2025-05-15,10,6,4,2784,,,,,,,
1457320,28,2025-05-22,9,5,4,2793,,,,,,,
1457320,29,2025-05-29,11,4,7,2804,,,,,,,
1457320,30,2025-06-05,10,5,5,2814,,,,,,,
1457320,31,2025-06-12,7,6,1,2821,,,,,,,
1457320,32,2025-06-19,11,4,7,2832,,,,,,,
1457320,33,2025-06-26,10,4,6,2842,,,,,,,
1457320,34,2025-07-03,9,6,3,2851,,,,,,,
1457320,35,2025-07-10,17,5,12,2868,,,,,,,
1457320,36,2025-07-17,26,15,11,2894,,,,,,,
1457320,37,2025-07-24,7,5,2,2901,,,,,,,
1457320,38,2025-07-31,12,8,4,2913,,,,,,,
1457320,39,2025-08-07,5,3,2,2918,,,,,,,
1457320,40,2025-08-14,3,1,2,2921,,,,,,,
1457320,41,2025-08-21,6,4,2,2927,,,,,,,
1457320,42,2025-08-28,8,5,3,2935,,,,,,,
1457320,43,2025-09-04,7,5,2,2942,,,,,,,
1457320,44,2025-09-11,3,2,1,2945,,,,,,,
1457320,45,2025-09-18,8,5,3,2953,,,,,,,
1457320,46,2025-09-25,3,2,1,2956,,,,,,,
1457320,47,2025-10-02,7,4,3,2963,,,,,,,
1457320,48,2025-10-09,14,9,5,2977,,,,,,,
1457320,49,2025-10-16,9,4,5,2986,,,,,,,
1457320,50,2025-10-23,7,2,5,2993,,,,,,,
1457320,51,2025-10-30,5,2,3,2998,,,,,,,
1457320,52,2025-11-06,10,4,6,3008,,,,,,,
1457320,53,2025-11-13,6,2,4,3014,,,,,,,
1457320,54,2025-11-20,12,3,9,3026,,,,,,,
1457320,55,2025-11-27,12,5,7,3038,,,,,,,
1457320,56,2025-12-04,15,8,7,3053,,,,,,,
1457320,57,2025-12-11,6,3,3,3059,,,,,,,
1457320,58,2025-12-18,8,6,2,3067,,,,,,,
1457320,59,2025-12-25,14,6,8,3081,,,,,,,
1457320,60,2026-01-01,17,8,9,3098,,,,,,,
1457320,61,2026-01-08,5,4,1,3103,,,,,,,
1457320,62,2026-01-15,10,7,3,3113,,,,,,,
1457320,63,2026-01-22,8,5,3,3121,,,,,,,
1457320,64,2026-01-29,11,7,4,3132,,,,,,,
1457320,65,2026-02-05,7,4,3,3139,,,,,,,
1457320,66,2026-02-12,7,2,5,3146,,,,,,,
1457320,67,2026-02-19,8,4,4,3154,,,,,,,
1457320,68,2026-02-26,8,6,2,3162,,,,,,,
1457320,69,2026-03-05,4,3,1,3166,,,,,,,
1457320,70,2026-03-12,3,1,2,3169,,,,,,,
1457320,71,2026-03-19,7,4,3,3176,,,,,,,
1457320,72,2026-03-26,1,1,0,3177,,,,,,,
1457320,73,2026-04-02,4,3,1,3181,,,,,,,
1457320,74,2026-04-09,4,2,2,3185,,,,,,,
1457320,75,2026-04-16,3,2,1,3188,,,,,,,
1457320,76,2026-04-23,2,2,0,3190,,,,,,,
1457320,77,2026-04-30,5,3,2,3195,,,,,,,
1457320,78,2026-05-07,0,0,0,3195,,,,,,,
1457320,79,2026-05-14,6,2,4,3201,,,,,,,
1457320,80,2026-05-21,1,1,0,3202,,,,,,,
1457320,81,2026-05-28,2,2,0,3204,,,,,,,
1457320,82,2026-06-04,3,2,1,3207,,,,,,,
1457320,83,2026-06-11,3,3,0,3210,,,,,,,
1457320,84,2026-06-18,1,1,0,3211,,,,,,,
1457320,85,2026-06-25,3,3,0,3214,,,,,,,
1457320,86,2026-07-02,5,2,3,3219,,,,,,,
1457320,87,2026-07-09,9,6,3,3228,,,,,,,
1457320,88,2026-07-16,7,5,2,3235,,,,,,,
1457320,89,2026-07-23,5,2,3,3240,,,,,,,
1457320,90,2026-07-30,3,2,1,3243,,,,,,,
1457320,91,2026-08-06,2,2,0,3245,,,,,,,
2392740,0,2023-11-15,4,2,2,4,,,,,,,
2392740,1,2023-11-22,2,2,0,6,,,,,,,
2392740,2,2023-11-29,1,0,1,7,,,,,,,
2392740,3,2023-12-06,1,1,0,8,,,,,,,
2392740,4,2023-12-13,1,1,0,9,,,,,,,
2392740,5,2023-12-20,0,0,0,9,,,,,,,
2392740,6,2023-12-27,1,1,0,10,,,,,,,
2392740,7,2024-01-03,0,0,0,10,,,,,,,
2392740,8,2024-01-10,1,0,1,11,,,,,,,
2392740,9,2024-01-17,0,0,0,11,,,,,,,
2392740,10,2024-01-24,0,0,0,11,,,,,,,
2392740,11,2024-01-31,1,1,0,12,,,,,,,
2392740,12,2024-02-07,0,0,0,12,,,,,,,
2392740,13,2024-02-14,0,0,0,12,,,,,,,
2392740,14,2024-02-21,0,0,0,12,,,,,,,
2392740,15,2024-02-28,0,0,0,12,,,,,,,
2392740,16,2024-03-06,0,0,0,12,,,,,,,
2392740,17,2024-03-13,0,0,0,12,,,,,,,
2392740,18,2024-03-20,0,0,0,12,,,,,,,
2392740,19,2024-03-27,0,0,0,12,,,,,,,
2392740,20,2024-04-03,0,0,0,12,,,,,,,
2392740,21,2024-04-10,0,0,0,12,,,,,,,
2392740,22,2024-04-17,1,1,0,13,,,,,,,
2392740,23,2024-04-24,0,0,0,13,,,,,,,
2392740,24,2024-05-01,0,0,0,13,,,,,,,
2392740,25,2024-05-08,0,0,0,13,,,,,,,
2392740,26,2024-05-15,0,0,0,13,,,,,,,
2392740,27,2024-05-22,0,0,0,13,,,,,,,
2392740,28,2024-05-29,0,0,0,13,,,,,,,
2392740,29,2024-06-05,0,0,0,13,,,,,,,
2392740,30,2024-06-12,0,0,0,13,,,,,,,
2392740,31,2024-06-19,0,0,0,13,,,,,,,
2392740,32,2024-06-26,0,0,0,13,,,,,,,
2392740,33,2024-07-03,0,0,0,13,,,,,,,
2392740,34,2024-07-10,0,0,0,13,,,,,,,
2392740,35,2024-07-17,0,0,0,13,,,,,,,
2392740,36,2024-07-24,0,0,0,13,,,,,,,
2392740,37,2024-07-31,0,0,0,13,,,,,,,
2392740,38,2024-08-07,0,0,0,13,,,,,,,
2392740,39,2024-08-14,0,0,0,13,,,,,,,
2392740,40,2024-08-21,0,0,0,13,,,,,,,
2392740,41,2024-08-28,0,0,0,13,,,,,,,
2392740,42,2024-09-04,0,0,0,13,,,,,,,
2392740,43,2024-09-11,0,0,0,13,,,,,,,
2392740,44,2024-09-18,0,0,0,13,,,,,,,
2392740,45,2024-09-25,0,0,0,13,,,,,,,
2392740,46,2024-10-02,0,0,0,13,,,,,,,
2392740,47,2024-10-09,0,0,0,13,,,,,,,
2392740,48,2024-10-16,1,0,1,14,,,,,,,
2392740,49,2024-10-23,0,0,0,14,,,,,,,
2392740,50,2024-10-30,0,0,0,14,,,,,,,
2392740,51,2024-11-06,0,0,0,14,,,,,,,
2392740,52,2024-11-13,0,0,0,14,,,,,,,
2392740,53,2024-11-20,0,0,0,14,,,,,,,
2392740,54,2024-11-27,0,0,0,14,,,,,,,
2392740,55,2024-12-04,1,1,0,15,,,,,,,
2392740,56,2024-12-11,0,0,0,15,,,,,,,
2392740,57,2024-12-18,0,0,0,15,,,,,,,
2392740,58,2024-12-25,2,1,1,17,,,,,,,
2392740,59,2025-01-01,0,0,0,17,,,,,,,
2392740,60,2025-01-08,0,0,0,17,,,,,,,
2392740,61,2025-01-15,1,1,0,18,,,,,,,
2392740,62,2025-01-22,1,1,0,19,,,,,,,
2392740,63,2025-01-29,0,0,0,19,,,,,,,
2392740,64,2025-02-05,0,0,0,19,,,,,,,
2392740,65,2025-02-12,0,0,0,19,,,,,,,
2392740,66,2025-02-19,1,1,0,20,,,,,,,
2392740,67,2025-02-26,1,1,0,21,,,,,,,
2392740,68,2025-03-05,0,0,0,21,,,,,,,
2392740,69,2025-03-12,2,1,1,23,,,,,,,
2392740,70,2025-03-19,0,0,0,23,,,,,,,
2392740,71,2025-03-26,0,0,0,23,,,,,,,
2392740,72,2025-04-02,0,0,0,23,,,,,,,
2392740,73,2025-04-09,0,0,0,23,,,,,,,
2392740,74,2025-04-16,1,0,1,24,,,,,,,
2392740,75,2025-04-23,0,0,0,24,,,,,,,
2392740,76,2025-04-30,0,0,0,24,,,,,,,
2392740,77,2025-05-07,0,0,0,24,,,,,,,
2392740,78,2025-05-14,0,0,0,24,,,,,,,
2392740,79,2025-05-21,0,0,0,24,,,,,,,
2392740,80,2025-05-28,0,0,0,24,,,,,,,
2392740,81,2025-06-04,0,0,0,24,,,,,,,
2392740,82,2025-06-11,0,0,0,24,,,,,,,
2392740,83,2025-06-18,1,1,0,25,,,,,,,
2392740,84,2025-06-25,0,0,0,25,,,,,,,
2392740,85,2025-07-02,1,0,1,26,,,,,,,
2392740,86,2025-07-09,0,0,0,26,,,,,,,
2392740,87,2025-07-16,0,0,0,26,,,,,,,
2392740,88,2025-07-23,0,0,0,26,,,,,,,
2392740,89,2025-07-30,0,0,0,26,,,,,,,
2392740,90,2025-08-06,1,1,0,27,,,,,,,
2392740,91,2025-08-13,0,0,0,27,,,,,,,
2392740,92,2025-08-20,0,0,0,27,,,,,,,
2392740,93,2025-08-27,1,1,0,28,,,,,,,
2392740,94,2025-09-03,1,1,0,29,,,,,,,
2392740,95,2025-09-10,0,0,0,29,,,,,,,
2392740,96,2025-09-17,0,0,0,29,,,,,,,
2392740,97,2025-09-24,0,0,0,29,,,,,,,
2392740,98,2025-10-01,1,1,0,30,,,,,,,
2392740,99,2025-10-08,0,0,0,30,,,,,,,
2392740,100,2025-10-15,0,0,0,30,,,,,,,
2392740,101,2025-10-22,0,0,0,30,,,,,,,
2392740,102,2025-10-29,0,0,0,30,,,,,,,
2392740,103,2025-11-05,0,0,0,30,,,,,,,
2392740,104,2025-11-12,0,0,0,30,,,,,,,
2392740,105,2025-11-19,0,0,0,30,,,,,,,
2392740,106,2025-11-26,0,0,0,30,,,,,,,
2392740,107,2025-12-03,0,0,0,30,,,,,,,
2392740,108,2025-12-10,2,2,0,32,,,,,,,
2392740,109,2025-12-17,0,0,0,32,,,,,,,
2392740,110,2025-12-24,0,0,0,32,,,,,,,
2392740,111,2025-12-31,0,0,0,32,,,,,,,
2392740,112,2026-01-07,0,0,0,32,,,,,,,
2392740,113,2026-01-14,0,0,0,32,,,,,,,
2392740,114,2026-01-21,0,0,0,32,,,,,,,
2392740,115,2026-01-28,0,0,0,32,,,,,,,
2392740,116,2026-02-04,0,0,0,32,,,,,,,
2392740,117,2026-02-11,1,0,1,33,,,,,,,
2392740,118,2026-02-18,0,0,0,33,,,,,,,
2392740,119,2026-02-25,0,0,0,33,,,,,,,
2392740,120,2026-03-04,0,0,0,33,,,,,,,
2392740,121,2026-03-11,0,0,0,33,,,,,,,
2392740,122,2026-03-18,0,0,0,33,,,,,,,
2392740,123,2026-03-25,0,0,0,33,,,,,,,
2392740,124,2026-04-01,0,0,0,33,,,,,,,
2392740,125,2026-04-08,0,0,0,33,,,,,,,
2392740,126,2026-04-15,1,1,0,34,,,,,,,
2392740,127,2026-04-22,0,0,0,34,,,,,,,
2392740,128,2026-04-29,0,0,0,34,,,,,,,
606150,0,2018-05-29,1039,779,260,1039,,,,,,,
606150,1,2018-06-05,293,228,65,1332,,,,,,,
606150,2,2018-06-12,130,93,37,1462,,,,,,,
606150,3,2018-06-19,84,66,18,1546,,,,,,,
606150,4,2018-06-26,66,56,10,1612,,,,,,,
606150,5,2018-07-03,60,46,14,1672,,,,,,,
606150,6,2018-07-10,53,44,9,1725,,,,,,,
606150,7,2018-07-17,105,81,24,1830,,,,,,,
606150,8,2018-07-24,67,41,26,1897,,,,,,,
606150,9,2018-07-31,153,117,36,2050,,,,,,,
606150,10,2018-08-07,58,45,13,2108,,,,,,,
606150,11,2018-08-14,33,27,6,2141,,,,,,,
606150,12,2018-08-21,22,18,4,2163,,,,,,,
606150,13,2018-08-28,24,21,3,2187,,,,,,,
606150,14,2018-09-04,20,17,3,2207,,,,,,,
606150,15,2018-09-11,11,3,8,2218,,,,,,,
606150,16,2018-09-18,13,8,5,2231,,,,,,,
606150,17,2018-09-25,13,10,3,2244,,,,,,,
606150,18,2018-10-02,10,8,2,2254,,,,,,,
606150,19,2018-10-09,78,59,19,2332,,,,,,,
606150,20,2018-10-16,59,47,12,2391,,,,,,,
606150,21,2018-10-23,27,21,6,2418,,,,,,,
606150,22,2018-10-29,35,26,9,2453,,,,,,,
606150,23,2018-11-05,41,33,8,2494,,,,,,,
606150,24,2018-11-12,19,16,3,2513,,,,,,,
606150,25,2018-11-19,355,345,10,2868,,,,,,,
606150,26,2018-11-26,52,46,6,2920,,,,,,,
606150,27,2018-12-03,13,13,0,2933,,,,,,,
606150,28,2018-12-10,11,10,1,2944,,,,,,,
606150,29,2018-12-17,43,35,8,2987,,,,,,,
606150,30,2018-12-24,52,42,10,3039,,,,,,,
606150,31,2018-12-31,45,39,6,3084,,,,,,,
606150,32,2019-01-07,27,20,7,3111,,,,,,,
606150,33,2019-01-14,17,16,1,3128,,,,,,,
606150,34,2019-01-21,9,7,2,3137,,,,,,,
606150,35,2019-01-28,12,7,5,3149,,,,,,,
606150,36,2019-02-04,32,28,4,3181,,,,,,,
606150,37,2019-02-11,104,77,27,3285,,,,,,,
606150,38,2019-02-18,49,41,8,3334,,,,,,,
606150,39,2019-02-25,21,16,5,3355,,,,,,,
606150,40,2019-03-04,20,14,6,3375,,,,,,,
606150,41,2019-03-11,12,10,2,3387,,,,,,,
606150,42,2019-03-18,18,15,3,3405,,,,,,,
606150,43,2019-03-25,13,7,6,3418,,,,,,,
606150,44,2019-04-02,16,13,3,3434,,,,,,,
606150,45,2019-04-09,47,40,7,3481,,,,,,,
606150,46,2019-04-16,32,26,6,3513,,,,,,,
606150,47,2019-04-23,23,15,8,3536,,,,,,,
606150,48,2019-04-30,20,15,5,3556,,,,,,,
606150,49,2019-05-07,14,13,1,3570,,,,,,,
606150,50,2019-05-14,7,4,3,3577,,,,,,,
606150,51,2019-05-21,12,9,3,3589,,,,,,,
606150,52,2019-05-28,111,87,24,3700,,,,,,,
606150,53,2019-06-04,68,37,31,3768,,,,,,,
606150,54,2019-06-11,82,56,26,3850,,,,,,,
606150,55,2019-06-18,39,29,10,3889,,,,,,,
606150,56,2019-06-25,873,826,47,4762,,,,,,,
606150,57,2019-07-02,520,492,28,5282,,,,,,,
606150,58,2019-07-09,64,49,15,5346,,,,,,,
606150,59,2019-07-16,41,27,14,5387,,,,,,,
606150,60,2019-07-23,82,63,19,5469,,,,,,,
606150,61,2019-07-30,61,39,22,5530,,,,,,,
606150,62,2019-08-06,36,30,6,5566,,,,,,,
606150,63,2019-08-13,24,16,8,5590,,,,,,,
606150,64,2019-08-20,18,11,7,5608,,,,,,,
606150,65,2019-08-27,25,19,6,5633,,,,,,,
606150,66,2019-09-03,22,14,8,5655,,,,,,,
606150,67,2019-09-10,22,19,3,5677,,,,,,,
606150,68,2019-09-17,19,11,8,5696,,,,,,,
606150,69,2019-09-24,13,8,5,5709,,,,,,,
606150,70,2019-10-01,19,13,6,5728,,,,,,,
606150,71,2019-10-08,82,52,30,5810,,,,,,,
606150,72,2019-10-15,39,28,11,5849,,,,,,,
606150,73,2019-10-22,38,30,8,5887,,,,,,,
606150,74,2019-10-28,99,90,9,5986,,,,,,,
606150,75,2019-11-04,68,58,10,6054,,,,,,,
606150,76,2019-11-11,53,50,3,6107,,,,,,,
606150,77,2019-11-18,44,39,5,6151,,,,,,,
606150,78,2019-11-25,147,139,8,6298,,,,,,,
606150,79,2019-12-02,90,80,10,6388,,,,,,,
606150,80,2019-12-09,65,57,8,6453,,,,,,,
606150,81,2019-12-16,67,61,6,6520,,,,,,,
606150,82,2019-12-23,90,82,8,6610,,,,,,,
606150,83,2019-12-30,98,86,12,6708,,,,,,,
606150,84,2020-01-06,47,39,8,6755,,,,,,,
606150,85,2020-01-13,36,32,4,6791,,,,,,,
606150,86,2020-01-20,37,33,4,6828,,,,,,,
606150,87,2020-01-27,42,34,8,6870,,,,,,,
606150,88,2020-02-03,36,29,7,6906,,,,,,,
606150,89,2020-02-10,127,113,14,7033,,,,,,,
606150,90,2020-02-17,105,93,12,7138,,,,,,,
606150,91,2020-02-24,53,45,8,7191,,,,,,,
606150,92,2020-03-02,48,43,5,7239,,,,,,,
606150,93,2020-03-09,39,33,6,7278,,,,,,,
606150,94,2020-03-16,57,50,7,7335,,,,,,,
606150,95,2020-03-23,42,35,7,7377,,,,,,,
606150,96,2020-03-31,35,31,4,7412,,,,,,,
606150,97,2020-04-07,34,33,1,7446,,,,,,,
606150,98,2020-04-14,37,33,4,7483,,,,,,,
606150,99,2020-04-21,40,35,5,7523,,,,,,,
606150,100,2020-04-28,46,38,8,7569,,,,,,,
606150,101,2020-05-05,38,32,6,7607,,,,,,,
606150,102,2020-05-12,36,25,11,7643,,,,,,,
606150,103,2020-05-19,32,29,3,7675,,,,,,,
606150,104,2020-05-26,80,69,11,7755,,,,,,,
606150,105,2020-06-02,256,216,40,8011,,,,,,,
606150,106,2020-06-09,146,120,26,8157,,,,,,,
606150,107,2020-06-16,93,72,21,8250,,,,,,,
606150,108,2020-06-23,90,82,8,8340,,,,,,,
606150,109,2020-06-30,133,118,15,8473,,,,,,,
606150,110,2020-07-07,81,76,5,8554,,,,,,,
606150,111,2020-07-14,52,48,4,8606,,,,,,,
606150,112,2020-07-21,44,38,6,8650,,,,,,,
606150,113,2020-07-28,50,40,10,8700,,,,,,,
606150,114,2020-08-04,31,27,4,8731,,,,,,,
606150,115,2020-08-11,39,33,6,8770,,,,,,,
606150,116,2020-08-18,47,38,9,8817,,,,,,,
606150,117,2020-08-25,40,36,4,8857,,,,,,,
606150,118,2020-09-01,25,21,4,8882,,,,,,,
606150,119,2020-09-08,22,18,4,8904,,,,,,,
606150,120,2020-09-15,27,23,4,8931,,,,,,,
606150,121,2020-09-22,15,10,5,8946,,,,,,,
606150,122,2020-09-29,27,24,3,8973,,,,,,,
606150,123,2020-10-06,21,19,2,8994,,,,,,,
606150,124,2020-10-13,21,20,1,9015,,,,,,,
606150,125,2020-10-20,20,17,3,9035,,,,,,,
606150,126,2020-10-26,31,22,9,9066,,,,,,,
606150,127,2020-11-02,36,33,3,9102,,,,,,,
606150,128,2020-11-09,36,33,3,9138,,,,,,,
606150,129,2020-11-16,28,24,4,9166,,,,,,,
606150,130,2020-11-23,87,77,10,9253,,,,,,,
606150,131,2020-11-30,60,53,7,9313,,,,,,,
606150,132,2020-12-07,26,21,5,9339,,,,,,,
606150,133,2020-12-14,53,42,11,9392,,,,,,,
606150,134,2020-12-21,159,142,17,9551,,,,,,,
606150,135,2020-12-28,98,90,8,9649,,,,,,,
606150,136,2021-01-04,66,54,12,9715,,,,,,,
606150,137,2021-01-11,52,45,7,9767,,,,,,,
606150,138,2021-01-18,37,32,5,9804,,,,,,,
606150,139,2021-01-25,47,37,10,9851,,,,,,,
606150,140,2021-02-01,22,19,3,9873,,,,,,,
606150,141,2021-02-08,44,33,11,9917,,,,,,,
606150,142,2021-02-15,52,43,9,9969,,,,,,,
606150,143,2021-02-22,35,30,5,10004,,,,,,,
606150,144,2021-03-01,33,27,6,10037,,,,,,,
606150,145,2021-03-08,31,24,7,10068,,,,,,,
606150,146,2021-03-15,27,23,4,10095,,,,,,,
606150,147,2021-03-22,30,26,4,10125,,,,,,,
606150,148,2021-03-30,23,20,3,10148,,,,,,,
606150,149,2021-04-06,21,17,4,10169,,,,,,,
606150,150,2021-04-13,21,18,3,10190,,,,,,,
606150,151,2021-04-20,140,121,19,10330,,,,,,,
606150,152,2021-04-27,118,100,18,10448,,,,,,,
606150,153,2021-05-04,58,49,9,10506,,,,,,,
606150,154,2021-05-11,37,30,7,10543,,,,,,,
606150,155,2021-05-18,41,39,2,10584,,,,,,,
606150,156,2021-05-25,26,22,4,10610,,,,,,,
606150,157,2021-06-01,67,54,13,10677,,,,,,,
606150,158,2021-06-08,66,51,15,10743,,,,,,,
606150,159,2021-06-15,40,32,8,10783,,,,,,,
606150,160,2021-06-22,66,51,15,10849,,,,,,,
606150,161,2021-06-29,63,50,13,10912,,,,,,,
606150,162,2021-07-06,35,30,5,10947,,,,,,,
606150,163,2021-07-13,23,19,4,10970,,,,,,,
606150,164,2021-07-20,28,21,7,10998,,,,,,,
606150,165,2021-07-27,28,24,4,11026,,,,,,,
606150,166,2021-08-03,25,22,3,11051,,,,,,,
606150,167,2021-08-10,26,24,2,11077,,,,,,,
606150,168,2021-08-17,30,23,7,11107,,,,,,,
606150,169,2021-08-24,26,22,4,11133,,,,,,,
606150,170,2021-08-31,27,22,5,11160,,,,,,,
606150,171,2021-09-07,18,16,2,11178,,,,,,,
606150,172,2021-09-14,20,15,5,11198,,,,,,,
606150,173,2021-09-21,21,18,3,11219,,,,,,,
606150,174,2021-09-28,23,20,3,11242,,,,,,,
606150,175,2021-10-05,87,70,17,11329,,,,,,,
606150,176,2021-10-12,89,77,12,11418,,,,,,,
606150,177,2021-10-19,59,54,5,11477,,,,,,,
606150,178,2021-10-26,37,32,5,11514,,,,,,,
606150,179,2021-11-01,38,35,3,11552,,,,,,,
606150,180,2021-11-08,17,15,2,11569,,,,,,,
606150,181,2021-11-15,28,25,3,11597,,,,,,,
606150,182,2021-11-22,65,60,5,11662,,,,,,,
606150,183,2021-11-29,42,35,7,11704,,,,,,,
606150,184,2021-12-06,28,27,1,11732,,,,,,,
606150,185,2021-12-13,20,19,1,11752,,,,,,,
606150,186,2021-12-20,35,33,2,11787,,,,,,,
606150,187,2021-12-27,46,40,6,11833,,,,,,,
606150,188,2022-01-03,55,43,12,11888,,,,,,,
606150,189,2022-01-10,125,108,17,12013,,,,,,,
606150,190,2022-01-17,63,53,10,12076,,,,,,,
606150,191,2022-01-24,46,39,7,12122,,,,,,,
606150,192,2022-01-31,49,43,6,12171,,,,,,,
606150,193,2022-02-07,36,31,5,12207,,,,,,,
606150,194,2022-02-14,29,25,4,12236,,,,,,,
606150,195,2022-02-21,29,24,5,12265,,,,,,,
606150,196,2022-02-28,20,18,2,12285,,,,,,,
606150,197,2022-03-07,23,19,4,12308,,,,,,,
606150,198,2022-03-14,65,52,13,12373,,,,,,,
606150,199,2022-03-21,37,32,5,12410,,,,,,,
606150,200,2022-03-29,27,20,7,12437,,,,,,,
606150,201,2022-04-05,14,13,1,12451,,,,,,,
606150,202,2022-04-12,22,19,3,12473,,,,,,,
606150,203,2022-04-19,20,17,3,12493,,,,,,,
606150,204,2022-04-26,14,12,2,12507,,,,,,,
606150,205,2022-05-03,30,27,3,12537,,,,,,,
606150,206,2022-05-10,38,31,7,12575,,,,,,,
606150,207,2022-05-17,36,27,9,12611,,,,,,,
606150,208,2022-05-24,20,18,2,12631,,,,,,,
606150,209,2022-05-31,20,17,3,12651,,,,,,,
606150,210,2022-06-07,23,17,6,12674,,,,,,,
606150,211,2022-06-14,60,39,21,12734,,,,,,,
606150,212,2022-06-21,78,65,13,12812,,,,,,,
606150,213,2022-06-28,58,50,8,12870,,,,,,,
606150,214,2022-07-05,58,51,7,12928,,,,,,,
606150,215,2022-07-12,32,24,8,12960,,,,,,,
606150,216,2022-07-19,36,28,8,12996,,,,,,,
606150,217,2022-07-26,60,44,16,13056,,,,,,,
606150,218,2022-08-02,47,38,9,13103,,,,,,,
606150,219,2022-08-09,50,36,14,13153,,,,,,,
606150,220,2022-08-16,29,26,3,13182,,,,,,,
606150,221,2022-08-23,24,19,5,13206,,,,,,,
606150,222,2022-08-30,26,23,3,13232,,,,,,,
606150,223,2022-09-06,15,12,3,13247,,,,,,,
606150,224,2022-09-13,20,19,1,13267,,,,,,,
606150,225,2022-09-20,121,91,30,13388,,,,,,,
606150,226,2022-09-27,79,66,13,13467,,,,,,,
606150,227,2022-10-04,39,31,8,13506,,,,,,,
606150,228,2022-10-11,29,23,6,13535,,,,,,,
606150,229,2022-10-18,20,16,4,13555,,,,,,,
606150,230,2022-10-25,42,32,10,13597,,,,,,,
606150,231,2022-10-31,56,43,13,13653,,,,,,,
606150,232,2022-11-07,45,37,8,13698,,,,,,,
606150,233,2022-11-14,29,23,6,13727,,,,,,,
606150,234,2022-11-21,75,66,9,13802,,,,,,,
606150,235,2022-11-28,33,27,6,13835,,,,,,,
606150,236,2022-12-05,31,24,7,13866,,,,,,,
606150,237,2022-12-12,50,40,10,13916,,,,,,,
606150,238,2022-12-19,56,48,8,13972,,,,,,,
606150,239,2022-12-26,62,52,10,14034,,,,,,,
606150,240,2023-01-02,58,48,10,14092,,,,,,,
606150,241,2023-01-09,35,29,6,14127,,,,,,,
606150,242,2023-01-16,30,24,6,14157,,,,,,,
606150,243,2023-01-23,46,36,10,14203,,,,,,,
606150,244,2023-01-30,75,58,17,14278,,,,,,,
606150,245,2023-02-06,43,35,8,14321,,,,,,,
606150,246,2023-02-13,26,21,5,14347,,,,,,,
606150,247,2023-02-20,33,27,6,14380,,,,,,,
606150,248,2023-02-27,25,20,5,14405,,,,,,,
606150,249,2023-03-06,52,41,11,14457,,,,,,,
606150,250,2023-03-13,175,146,29,14632,,,,,,,
606150,251,2023-03-20,129,97,32,14761,,,,,,,
606150,252,2023-03-28,73,59,14,14834,,,,,,,
606150,253,2023-04-04,38,30,8,14872,,,,,,,
606150,254,2023-04-11,40,33,7,14912,,,,,,,
606150,255,2023-04-18,90,69,21,15002,,,,,,,
606150,256,2023-04-25,90,77,13,15092,,,,,,,
606150,257,2023-05-02,54,44,10,15146,,,,,,,
606150,258,2023-05-09,38,31,7,15184,,,,,,,
606150,259,2023-05-16,30,24,6,15214,,,,,,,
606150,260,2023-05-23,26,15,11,15240,,,,,,,
606150,261,2023-05-30,36,27,9,15276,,,,,,,
606150,262,2023-06-06,40,28,12,15316,,,,,,,
606150,263,2023-06-13,76,58,18,15392,,,,,,,
606150,264,2023-06-20,72,55,17,15464,,,,,,,
606150,265,2023-06-27,56,42,14,15520,,,,,,,
606150,266,2023-07-04,66,51,15,15586,,,,,,,
606150,267,2023-07-11,75,66,9,15661,,,,,,,
606150,268,2023-07-18,67,52,15,15728,,,,,,,
606150,269,2023-07-25,81,64,17,15809,,,,,,,
606150,270,2023-08-01,69,57,12,15878,,,,,,,
606150,271,2023-08-08,43,33,10,15921,,,,,,,
606150,272,2023-08-15,28,20,8,15949,,,,,,,
606150,273,2023-08-22,31,22,9,15980,,,,,,,
606150,274,2023-08-29,25,21,4,16005,,,,,,,
606150,275,2023-09-05,50,38,12,16055,,,,,,,
606150,276,2023-09-12,68,55,13,16123,,,,,,,
606150,277,2023-09-19,51,43,8,16174,,,,,,,
606150,278,2023-09-26,38,34,4,16212,,,,,,,
606150,279,2023-10-03,20,16,4,16232,,,,,,,
606150,280,2023-10-10,29,21,8,16261,,,,,,,
606150,281,2023-10-17,45,37,8,16306,,,,,,,
606150,282,2023-10-24,54,40,14,16360,,,,,,,
606150,283,2023-10-30,55,42,13,16415,,,,,,,
606150,284,2023-11-06,50,37,13,16465,,,,,,,
606150,285,2023-11-13,31,26,5,16496,,,,,,,
606150,286,2023-11-20,66,58,8,16562,,,,,,,
606150,287,2023-11-27,58,43,15,16620,,,,,,,
606150,288,2023-12-04,57,45,12,16677,,,,,,,
606150,289,2023-12-11,54,48,6,16731,,,,,,,
606150,290,2023-12-18,51,44,7,16782,,,,,,,
606150,291,2023-12-25,68,58,10,16850,,,,,,,
606150,292,2024-01-01,53,48,5,16903,,,,,,,
606150,293,2024-01-08,33,28,5,16936,,,,,,,
606150,294,2024-01-15,48,38,10,16984,,,,,,,
606150,295,2024-01-22,44,37,7,17028,,,,,,,
606150,296,2024-01-29,41,34,7,17069,,,,,,,
606150,297,2024-02-05,32,25,7,17101,,,,,,,
606150,298,2024-02-12,23,17,6,17124,,,,,,,
606150,299,2024-02-19,25,21,4,17149,,,,,,,
606150,300,2024-02-26,30,28,2,17179,,,,,,,
606150,301,2024-03-04,20,18,2,17199,,,,,,,
606150,302,2024-03-11,33,28,5,17232,,,,,,,
606150,303,2024-03-18,44,31,13,17276,,,,,,,
606150,304,2024-03-25,35,24,11,17311,,,,,,,
606150,305,2024-04-02,35,28,7,17346,,,,,,,
606150,306,2024-04-09,37,29,8,17383,,,,,,,
606150,307,2024-04-16,45,34,11,17428,,,,,,,
606150,308,2024-04-23,32,26,6,17460,,,,,,,
606150,309,2024-04-30,25,20,5,17485,,,,,,,
606150,310,2024-05-07,24,21,3,17509,,,,,,,
606150,311,2024-05-14,48,35,13,17557,,,,,,,
606150,312,2024-05-21,59,44,15,17616,,,,,,,
606150,313,2024-05-28,31,24,7,17647,,,,,,,
606150,314,2024-06-04,26,20,6,17673,,,,,,,
606150,315,2024-06-11,33,26,7,17706,,,,,,,
606150,316,2024-06-18,36,29,7,17742,,,,,,,
606150,317,2024-06-25,44,33,11,17786,,,,,,,
606150,318,2024-07-02,44,38,6,17830,,,,,,,
606150,319,2024-07-09,38,35,3,17868,,,,,,,
606150,320,2024-07-16,18,15,3,17886,,,,,,,
606150,321,2024-07-23,25,22,3,17911,,,,,,,
606150,322,2024-07-30,34,29,5,17945,,,,,,,
606150,323,2024-08-06,49,42,7,17994,,,,,,,
606150,324,2024-08-13,78,60,18,18072,,,,,,,
606150,325,2024-08-20,56,41,15,18128,,,,,,,
606150,326,2024-08-27,44,30,14,18172,,,,,,,
606150,327,2024-09-03,37,28,9,18209,,,,,,,
606150,328,2024-09-10,32,22,10,18241,,,,,,,
606150,329,2024-09-17,37,30,7,18278,,,,,,,
606150,330,2024-09-24,27,20,7,18305,,,,,,,
606150,331,2024-10-01,27,22,5,18332,,,,,,,
606150,332,2024-10-08,22,21,1,18354,,,,,,,
606150,333,2024-10-15,26,21,5,18380,,,,,,,
606150,334,2024-10-22,24,19,5,18404,,,,,,,
606150,335,2024-10-28,31,30,1,18435,,,,,,,
606150,336,2024-11-04,17,14,3,18452,,,,,,,
606150,337,2024-11-11,25,17,8,18477,,,,,,,
606150,338,2024-11-18,17,15,2,18494,,,,,,,
606150,339,2024-11-25,36,31,5,18530,,,,,,,
606150,340,2024-12-02,41,33,8,18571,,,,,,,
606150,341,2024-12-09,42,31,11,18613,,,,,,,
606150,342,2024-12-16,42,37,5,18655,,,,,,,
606150,343,2024-12-23,42,36,6,18697,,,,,,,
606150,344,2024-12-30,44,36,8,18741,,,,,,,
606150,345,2025-01-06,37,34,3,18778,,,,,,,
606150,346,2025-01-13,26,21,5,18804,,,,,,,
606150,347,2025-01-20,114,88,26,18918,,,,,,,
606150,348,2025-01-27,117,83,34,19035,,,,,,,
606150,349,2025-02-03,74,63,11,19109,,,,,,,
606150,350,2025-02-10,46,39,7,19155,,,,,,,
606150,351,2025-02-17,38,26,12,19193,,,,,,,
606150,352,2025-02-24,35,30,5,19228,,,,,,,
606150,353,2025-03-03,38,28,10,19266,,,,,,,
606150,354,2025-03-10,54,43,11,19320,,,,,,,
606150,355,2025-03-17,31,26,5,19351,,,,,,,
606150,356,2025-03-24,29,24,5,19380,,,,,,,
606150,357,2025-04-01,29,20,9,19409,,,,,,,
606150,358,2025-04-08,25,21,4,19434,,,,,,,
606150,359,2025-04-15,55,46,9,19489,,,,,,,
606150,360,2025-04-22,55,48,7,19544,,,,,,,
606150,361,2025-04-29,27,18,9,19571,,,,,,,
606150,362,2025-05-06,23,18,5,19594,,,,,,,
606150,363,2025-05-13,29,24,5,19623,,,,,,,
606150,364,2025-05-20,28,22,6,19651,,,,,,,
606150,365,2025-05-27,21,17,4,19672,,,,,,,
606150,366,2025-06-03,25,19,6,19697,,,,,,,
606150,367,2025-06-10,96,73,23,19793,,,,,,,
606150,368,2025-06-17,83,70,13,19876,,,,,,,
606150,369,2025-06-24,70,57,13,19946,,,,,,,
606150,370,2025-07-01,59,50,9,20005,,,,,,,
606150,371,2025-07-08,37,27,10,20042,,,,,,,
606150,372,2025-07-15,32,24,8,20074,,,,,,,
606150,373,2025-07-22,31,23,8,20105,,,,,,,
606150,374,2025-07-29,30,21,9,20135,,,,,,,
606150,375,2025-08-05,31,24,7,20166,,,,,,,
606150,376,2025-08-12,36,28,8,20202,,,,,,,
606150,377,2025-08-19,133,100,33,20335,,,,,,,
606150,378,2025-08-26,74,63,11,20409,,,,,,,
606150,379,2025-09-02,45,32,13,20454,,,,,,,
606150,380,2025-09-09,31,26,5,20485,,,,,,,
606150,381,2025-09-16,27,23,4,20512,,,,,,,
606150,382,2025-09-23,31,21,10,20543,,,,,,,
606150,383,2025-09-30,37,31,6,20580,,,,,,,
606150,384,2025-10-07,31,25,6,20611,,,,,,,
606150,385,2025-10-14,22,20,2,20633,,,,,,,
606150,386,2025-10-21,23,20,3,20656,,,,,,,
606150,387,2025-10-27,30,22,8,20686,,,,,,,
606150,388,2025-11-03,37,29,8,20723,,,,,,,
606150,389,2025-11-10,37,29,8,20760,,,,,,,
606150,390,2025-11-17,48,42,6,20808,,,,,,,
606150,391,2025-11-24,46,37,9,20854,,,,,,,
606150,392,2025-12-01,34,32,2,20888,,,,,,,
606150,393,2025-12-08,66,50,16,20954,,,,,,,
606150,394,2025-12-15,59,50,9,21013,,,,,,,
606150,395,2025-12-22,60,48,12,21073,,,,,,,
606150,396,2025-12-29,54,46,8,21127,,,,,,,
606150,397,2026-01-05,45,33,12,21172,,,,,,,
606150,398,2026-01-12,34,29,5,21206,,,,,,,
606150,399,2026-01-19,40,36,4,21246,,,,,,,
606150,400,2026-01-26,37,31,6,21283,,,,,,,
606150,401,2026-02-02,29,23,6,21312,,,,,,,
606150,402,2026-02-09,25,19,6,21337,,,,,,,
606150,403,2026-02-16,25,18,7,21362,,,,,,,
606150,404,2026-02-23,21,13,8,21383,,,,,,,
606150,405,2026-03-02,26,20,6,21409,,,,,,,
606150,406,2026-03-09,38,33,5,21447,,,,,,,
606150,407,2026-03-16,35,31,4,21482,,,,,,,
606150,408,2026-03-23,33,29,4,21515,,,,,,,
606150,409,2026-03-31,21,21,0,21536,,,,,,,
606150,410,2026-04-07,23,19,4,21559,,,,,,,
606150,411,2026-04-14,15,11,4,21574,,,,,,,
606150,412,2026-04-21,17,10,7,21591,,,,,,,
606150,413,2026-04-28,19,16,3,21610,,,,,,,
606150,414,2026-05-05,28,20,8,21638,,,,,,,
606150,415,2026-05-12,25,17,8,21663,,,,,,,
606150,416,2026-05-19,29,22,7,21692,,,,,,,
606150,417,2026-05-26,22,15,7,21714,,,,,,,
606150,418,2026-06-02,22,16,6,21736,,,,,,,
606150,419,2026-06-09,23,16,7,21759,,,,,,,
606150,420,2026-06-16,14,11,3,21773,,,,,,,
606150,421,2026-06-23,29,28,1,21802,,,,,,,
606150,422,2026-06-30,38,34,4,21840,,,,,,,
606150,423,2026-07-07,25,21,4,21865,,,,,,,
606150,424,2026-07-14,15,9,6,21880,,,,,,,
606150,425,2026-07-21,24,21,3,21904,,,,,,,
606150,426,2026-07-28,25,18,7,21929,,,,,,,
606150,427,2026-08-04,860,569,291,22789,,,,,,,
361420,-112,2016-12-13,2355,2146,209,2355,,,,,,,
361420,-111,2016-12-20,2707,2519,188,5062,,,,,,,
361420,-110,2016-12-27,2133,1979,154,7195,,,,,,,
361420,-109,2017-01-03,1281,1161,120,8476,,,,,,,
361420,-108,2017-01-10,1005,916,89,9481,,,,,,,
361420,-107,2017-01-17,839,750,89,10320,,,,,,,
361420,-106,2017-01-24,562,510,52,10882,,,,,,,
361420,-105,2017-01-31,572,507,65,11454,,,,,,,
361420,-104,2017-02-07,410,360,50,11864,,,,,,,
361420,-103,2017-02-14,362,326,36,12226,,,,,,,
361420,-102,2017-02-21,262,237,25,12488,,,,,,,
361420,-101,2017-02-28,191,162,29,12679,,,,,,,
361420,-100,2017-03-07,189,160,29,12868,,,,,,,
361420,-99,2017-03-14,218,190,28,13086,,,,,,,
361420,-98,2017-03-21,162,134,28,13248,,,,,,,
361420,-97,2017-03-28,189,171,18,13437,,,,,,,
361420,-96,2017-04-04,145,121,24,13582,,,,,,,
361420,-95,2017-04-11,212,177,35,13794,,,,,,,
361420,-94,2017-04-18,171,141,30,13965,,,,,,,
361420,-93,2017-04-25,141,116,25,14106,,,,,,,
361420,-92,2017-05-02,123,100,23,14229,,,,,,,
361420,-91,2017-05-09,146,122,24,14375,,,,,,,
361420,-90,2017-05-16,116,104,12,14491,,,,,,,
361420,-89,2017-05-23,87,72,15,14578,,,,,,,
361420,-88,2017-05-30,96,76,20,14674,,,,,,,
361420,-87,2017-06-06,93,80,13,14767,,,,,,,
361420,-86,2017-06-13,82,67,15,14849,,,,,,,
361420,-85,2017-06-20,110,85,25,14959,,,,,,,
361420,-84,2017-06-27,214,187,27,15173,,,,,,,
361420,-83,2017-07-04,122,101,21,15295,,,,,,,
361420,-82,2017-07-11,82,69,13,15377,,,,,,,
361420,-81,2017-07-18,97,81,16,15474,,,,,,,
361420,-80,2017-07-25,82,57,25,15556,,,,,,,
361420,-79,2017-08-01,91,69,22,15647,,,,,,,
361420,-78,2017-08-08,106,74,32,15753,,,,,,,
361420,-77,2017-08-15,131,94,37,15884,,,,,,,
361420,-76,2017-08-22,99,68,31,15983,,,,,,,
361420,-75,2017-08-29,84,65,19,16067,,,,,,,
361420,-74,2017-09-05,71,56,15,16138,,,,,,,
361420,-73,2017-09-12,63,47,16,16201,,,,,,,
361420,-72,2017-09-19,74,55,19,16275,,,,,,,
361420,-71,2017-09-26,85,64,21,16360,,,,,,,
361420,-70,2017-10-03,76,60,16,16436,,,,,,,
361420,-69,2017-10-10,84,76,8,16520,,,,,,,
361420,-68,2017-10-17,82,74,8,16602,,,,,,,
361420,-67,2017-10-24,87,75,12,16689,,,,,,,
361420,-66,2017-10-31,74,64,10,16763,,,,,,,
361420,-65,2017-11-07,78,61,17,16841,,,,,,,
361420,-64,2017-11-14,83,73,10,16924,,,,,,,
361420,-63,2017-11-21,582,564,18,17506,,,,,,,
361420,-62,2017-11-28,129,117,12,17635,,,,,,,
361420,-61,2017-12-05,87,76,11,17722,,,,,,,
361420,-60,2017-12-12,85,70,15,17807,,,,,,,
361420,-59,2017-12-19,383,333,50,18190,,,,,,,
361420,-58,2017-12-26,415,364,51,18605,,,,,,,
361420,-57,2018-01-02,285,256,29,18890,,,,,,,
361420,-56,2018-01-09,165,149,16,19055,,,,,,,
361420,-55,2018-01-16,156,136,20,19211,,,,,,,
361420,-54,2018-01-23,133,118,15,19344,,,,,,,
361420,-53,2018-01-30,110,92,18,19454,,,,,,,
361420,-52,2018-02-06,100,86,14,19554,,,,,,,
361420,-51,2018-02-13,97,86,11,19651,,,,,,,
361420,-50,2018-02-20,252,226,26,19903,,,,,,,
361420,-49,2018-02-27,200,176,24,20103,,,,,,,
361420,-48,2018-03-06,257,223,34,20360,,,,,,,
361420,-47,2018-03-13,239,197,42,20599,,,,,,,
361420,-46,2018-03-20,152,126,26,20751,,,,,,,
361420,-45,2018-03-27,121,102,19,20872,,,,,,,
361420,-44,2018-04-03,93,83,10,20965,,,,,,,
361420,-43,2018-04-10,70,56,14,21035,,,,,,,
361420,-42,2018-04-17,64,58,6,21099,,,,,,,
361420,-41,2018-04-24,51,41,10,21150,,,,,,,
361420,-40,2018-05-01,64,56,8,21214,,,,,,,
361420,-39,2018-05-08,69,58,11,21283,,,,,,,
361420,-38,2018-05-15,80,69,11,21363,,,,,,,
361420,-37,2018-05-22,69,63,6,21432,,,,,,,
361420,-36,2018-05-29,65,52,13,21497,,,,,,,
361420,-35,2018-06-05,62,49,13,21559,,,,,,,
361420,-34,2018-06-12,91,78,13,21650,,,,,,,
361420,-33,2018-06-19,180,152,28,21830,,,,,,,
361420,-32,2018-06-26,167,141,26,21997,,,,,,,
361420,-31,2018-07-03,177,156,21,22174,,,,,,,
361420,-30,2018-07-10,86,77,9,22260,,,,,,,
361420,-29,2018-07-17,74,66,8,22334,,,,,,,
361420,-28,2018-07-24,91,78,13,22425,,,,,,,
361420,-27,2018-07-31,72,65,7,22497,,,,,,,
361420,-26,2018-08-07,86,74,12,22583,,,,,,,
361420,-25,2018-08-14,60,57,3,22643,,,,,,,
361420,-24,2018-08-21,49,42,7,22692,,,,,,,
361420,-23,2018-08-28,58,51,7,22750,,,,,,,
361420,-22,2018-09-04,85,77,8,22835,,,,,,,
361420,-21,2018-09-11,70,56,14,22905,,,,,,,
361420,-20,2018-09-18,53,45,8,22958,,,,,,,
361420,-19,2018-09-25,82,73,9,23040,,,,,,,
361420,-18,2018-10-02,53,46,7,23093,,,,,,,
361420,-17,2018-10-09,63,56,7,23156,,,,,,,
361420,-16,2018-10-16,47,42,5,23203,,,,,,,
361420,-15,2018-10-23,53,47,6,23256,,,,,,,
361420,-14,2018-10-30,67,57,10,23323,,,,,,,
361420,-13,2018-11-06,56,45,11,23379,,,,,,,
361420,-12,2018-11-13,157,143,14,23536,,,,,,,
361420,-11,2018-11-20,1333,1307,26,24869,,,,,,,
361420,-10,2018-11-27,143,135,8,25012,,,,,,,
361420,-9,2018-12-04,79,70,9,25091,,,,,,,
361420,-8,2018-12-11,63,58,5,25154,,,,,,,
361420,-7,2018-12-18,115,100,15,25269,,,,,,,
361420,-6,2018-12-25,108,90,18,25377,,,,,,,
361420,-5,2019-01-01,118,105,13,25495,,,,,,,
361420,-4,2019-01-08,74,62,12,25569,,,,,,,
361420,-3,2019-01-15,72,66,6,25641,,,,,,,
361420,-2,2019-01-22,61,56,5,25702,,,,,,,
361420,-1,2019-01-29,109,103,6,25811,,,,,,,
361420,0,2019-02-05,897,698,199,26708,,,,,,,
361420,1,2019-02-12,1138,845,293,27846,,,,,,,
361420,2,2019-02-19,383,279,104,28229,,,,,,,
361420,3,2019-02-26,290,219,71,28519,,,,,,,
361420,4,2019-03-05,240,195,45,28759,,,,,,,
361420,5,2019-03-12,176,152,24,28935,,,,,,,
361420,6,2019-03-19,135,109,26,29070,,,,,,,
361420,7,2019-03-26,122,91,31,29192,,,,,,,
361420,8,2019-04-02,147,117,30,29339,,,,,,,
361420,9,2019-04-09,115,94,21,29454,,,,,,,
361420,10,2019-04-16,92,65,27,29546,,,,,,,
361420,11,2019-04-23,61,47,14,29607,,,,,,,
361420,12,2019-04-30,69,55,14,29676,,,,,,,
361420,13,2019-05-07,76,62,14,29752,,,,,,,
361420,14,2019-05-14,89,70,19,29841,,,,,,,
361420,15,2019-05-21,75,61,14,29916,,,,,,,
361420,16,2019-05-28,66,58,8,29982,,,,,,,
361420,17,2019-06-04,66,61,5,30048,,,,,,,
361420,18,2019-06-11,78,68,10,30126,,,,,,,
361420,19,2019-06-18,174,146,28,30300,,,,,,,
361420,20,2019-06-25,2175,2084,91,32475,,,,,,,
361420,21,2019-07-02,1233,1184,49,33708,,,,,,,
361420,22,2019-07-09,157,138,19,33865,,,,,,,
361420,23,2019-07-16,202,173,29,34067,,,,,,,
361420,24,2019-07-23,131,110,21,34198,,,,,,,
361420,25,2019-07-30,101,79,22,34299,,,,,,,
361420,26,2019-08-06,83,73,10,34382,,,,,,,
361420,27,2019-08-13,88,74,14,34470,,,,,,,
361420,28,2019-08-20,66,56,10,34536,,,,,,,
361420,29,2019-08-27,67,59,8,34603,,,,,,,
361420,30,2019-09-03,122,104,18,34725,,,,,,,
361420,31,2019-09-10,99,88,11,34824,,,,,,,
361420,32,2019-09-17,69,60,9,34893,,,,,,,
361420,33,2019-09-24,84,72,12,34977,,,,,,,
361420,34,2019-10-01,77,65,12,35054,,,,,,,
361420,35,2019-10-08,53,44,9,35107,,,,,,,
361420,36,2019-10-15,52,43,9,35159,,,,,,,
361420,37,2019-10-22,188,171,17,35347,,,,,,,
361420,38,2019-10-29,845,817,28,36192,,,,,,,
361420,39,2019-11-05,534,521,13,36726,,,,,,,
361420,40,2019-11-12,650,632,18,37376,,,,,,,
361420,41,2019-11-19,425,416,9,37801,,,,,,,
361420,42,2019-11-26,4445,4385,60,42246,,,,,,,
361420,43,2019-12-03,562,538,24,42808,,,,,,,
361420,44,2019-12-10,315,300,15,43123,,,,,,,
361420,45,2019-12-17,630,598,32,43753,,,,,,,
361420,46,2019-12-24,724,694,30,44477,,,,,,,
361420,47,2019-12-31,684,647,37,45161,,,,,,,
361420,48,2020-01-07,432,405,27,45593,,,,,,,
361420,49,2020-01-14,367,345,22,45960,,,,,,,
361420,50,2020-01-21,473,445,28,46433,,,,,,,
361420,51,2020-01-28,540,514,26,46973,,,,,,,
361420,52,2020-02-04,449,413,36,47422,,,,,,,
361420,53,2020-02-11,365,341,24,47787,,,,,,,
361420,54,2020-02-18,322,307,15,48109,,,,,,,
361420,55,2020-02-25,284,266,18,48393,,,,,,,
361420,56,2020-03-03,252,237,15,48645,,,,,,,
361420,57,2020-03-10,374,362,12,49019,,,,,,,
361420,58,2020-03-17,380,361,19,49399,,,,,,,
361420,59,2020-03-24,381,351,30,49780,,,,,,,
361420,60,2020-03-31,337,317,20,50117,,,,,,,
361420,61,2020-04-07,326,304,22,50443,,,,,,,
361420,62,2020-04-14,820,765,55,51263,,,,,,,
361420,63,2020-04-21,571,518,53,51834,,,,,,,
361420,64,2020-04-28,381,358,23,52215,,,,,,,
361420,65,2020-05-05,327,310,17,52542,,,,,,,
361420,66,2020-05-12,309,300,9,52851,,,,,,,
361420,67,2020-05-19,276,267,9,53127,,,,,,,
361420,68,2020-05-26,329,306,23,53456,,,,,,,
361420,69,2020-06-02,252,228,24,53708,,,,,,,
361420,70,2020-06-09,211,188,23,53919,,,,,,,
361420,71,2020-06-16,244,229,15,54163,,,,,,,
361420,72,2020-06-23,638,573,65,54801,,,,,,,
361420,73,2020-06-30,672,614,58,55473,,,,,,,
361420,74,2020-07-07,548,503,45,56021,,,,,,,
361420,75,2020-07-14,409,378,31,56430,,,,,,,
361420,76,2020-07-21,328,308,20,56758,,,,,,,
361420,77,2020-07-28,404,374,30,57162,,,,,,,
361420,78,2020-08-04,298,274,24,57460,,,,,,,
361420,79,2020-08-11,230,215,15,57690,,,,,,,
361420,80,2020-08-18,670,609,61,58360,,,,,,,
361420,81,2020-08-25,449,425,24,58809,,,,,,,
361420,82,2020-09-01,320,292,28,59129,,,,,,,
361420,83,2020-09-08,279,259,20,59408,,,,,,,
361420,84,2020-09-15,216,210,6,59624,,,,,,,
361420,85,2020-09-22,237,216,21,59861,,,,,,,
361420,86,2020-09-29,254,240,14,60115,,,,,,,
361420,87,2020-10-06,184,175,9,60299,,,,,,,
361420,88,2020-10-13,183,174,9,60482,,,,,,,
361420,89,2020-10-20,261,251,10,60743,,,,,,,
361420,90,2020-10-27,239,224,15,60982,,,,,,,
361420,91,2020-11-03,263,244,19,61245,,,,,,,
361420,92,2020-11-10,235,229,6,61480,,,,,,,
361420,93,2020-11-17,211,193,18,61691,,,,,,,
361420,94,2020-11-24,793,769,24,62484,,,,,,,
361420,95,2020-12-01,368,347,21,62852,,,,,,,
361420,96,2020-12-08,312,300,12,63164,,,,,,,
361420,97,2020-12-15,326,302,24,63490,,,,,,,
361420,98,2020-12-22,583,553,30,64073,,,,,,,
361420,99,2020-12-29,606,566,40,64679,,,,,,,
361420,100,2021-01-05,408,388,20,65087,,,,,,,
361420,101,2021-01-12,326,306,20,65413,,,,,,,
361420,102,2021-01-19,358,331,27,65771,,,,,,,
361420,103,2021-01-26,294,279,15,66065,,,,,,,
361420,104,2021-02-02,277,262,15,66342,,,,,,,
361420,105,2021-02-09,381,355,26,66723,,,,,,,
361420,106,2021-02-16,310,289,21,67033,,,,,,,
361420,107,2021-02-23,241,227,14,67274,,,,,,,
361420,108,2021-03-02,225,208,17,67499,,,,,,,
361420,109,2021-03-09,222,211,11,67721,,,,,,,
361420,110,2021-03-16,201,195,6,67922,,,,,,,
361420,111,2021-03-23,197,193,4,68119,,,,,,,
361420,112,2021-03-30,393,378,15,68512,,,,,,,
361420,113,2021-04-06,494,458,36,69006,,,,,,,
361420,114,2021-04-13,444,418,26,69450,,,,,,,
361420,115,2021-04-20,302,281,21,69752,,,,,,,
361420,116,2021-04-27,282,270,12,70034,,,,,,,
361420,117,2021-05-04,233,218,15,70267,,,,,,,
361420,118,2021-05-11,203,195,8,70470,,,,,,,
361420,119,2021-05-18,197,190,7,70667,,,,,,,
361420,120,2021-05-25,229,220,9,70896,,,,,,,
361420,121,2021-06-01,200,189,11,71096,,,,,,,
361420,122,2021-06-08,173,164,9,71269,,,,,,,
361420,123,2021-06-15,191,183,8,71460,,,,,,,
361420,124,2021-06-22,523,486,37,71983,,,,,,,
361420,125,2021-06-29,467,436,31,72450,,,,,,,
361420,126,2021-07-06,436,406,30,72886,,,,,,,
361420,127,2021-07-13,290,277,13,73176,,,,,,,
361420,128,2021-07-20,197,186,11,73373,,,,,,,
361420,129,2021-07-27,217,205,12,73590,,,,,,,
361420,130,2021-08-03,220,210,10,73810,,,,,,,
361420,131,2021-08-10,197,189,8,74007,,,,,,,
361420,132,2021-08-17,202,194,8,74209,,,,,,,
361420,133,2021-08-24,182,177,5,74391,,,,,,,
361420,134,2021-08-31,187,180,7,74578,,,,,,,
361420,135,2021-09-07,197,185,12,74775,,,,,,,
361420,136,2021-09-14,226,209,17,75001,,,,,,,
361420,137,2021-09-21,179,172,7,75180,,,,,,,
361420,138,2021-09-28,412,385,27,75592,,,,,,,
361420,139,2021-10-05,282,268,14,75874,,,,,,,
361420,140,2021-10-12,200,193,7,76074,,,,,,,
361420,141,2021-10-19,164,158,6,76238,,,,,,,
361420,142,2021-10-26,207,197,10,76445,,,,,,,
361420,143,2021-11-02,207,199,8,76652,,,,,,,
361420,144,2021-11-09,162,151,11,76814,,,,,,,
361420,145,2021-11-16,152,144,8,76966,,,,,,,
361420,146,2021-11-23,531,516,15,77497,,,,,,,
361420,147,2021-11-30,287,271,16,77784,,,,,,,
361420,148,2021-12-07,243,222,21,78027,,,,,,,
361420,149,2021-12-14,170,159,11,78197,,,,,,,
361420,150,2021-12-21,411,390,21,78608,,,,,,,
361420,151,2021-12-28,618,588,30,79226,,,,,,,
361420,152,2022-01-04,512,487,25,79738,,,,,,,
361420,153,2022-01-11,865,796,69,80603,,,,,,,
361420,154,2022-01-18,876,822,54,81479,,,,,,,
361420,155,2022-01-25,666,622,44,82145,,,,,,,
361420,156,2022-02-01,648,594,54,82793,,,,,,,
361420,157,2022-02-08,355,334,21,83148,,,,,,,
361420,158,2022-02-15,306,293,13,83454,,,,,,,
361420,159,2022-02-22,231,221,10,83685,,,,,,,
361420,160,2022-03-01,223,215,8,83908,,,,,,,
361420,161,2022-03-08,218,206,12,84126,,,,,,,
361420,162,2022-03-15,211,202,9,84337,,,,,,,
361420,163,2022-03-22,214,202,12,84551,,,,,,,
361420,164,2022-03-29,200,188,12,84751,,,,,,,
361420,165,2022-04-05,202,188,14,84953,,,,,,,
361420,166,2022-04-12,233,218,15,85186,,,,,,,
361420,167,2022-04-19,180,165,15,85366,,,,,,,
361420,168,2022-04-26,156,143,13,85522,,,,,,,
361420,169,2022-05-03,166,160,6,85688,,,,,,,
361420,170,2022-05-10,416,370,46,86104,,,,,,,
361420,171,2022-05-17,325,304,21,86429,,,,,,,
361420,172,2022-05-24,227,214,13,86656,,,,,,,
361420,173,2022-05-31,180,170,10,86836,,,,,,,
361420,174,2022-06-07,177,168,9,87013,,,,,,,
361420,175,2022-06-14,180,162,18,87193,,,,,,,
361420,176,2022-06-21,239,213,26,87432,,,,,,,
361420,177,2022-06-28,338,318,20,87770,,,,,,,
361420,178,2022-07-05,370,344,26,88140,,,,,,,
361420,179,2022-07-12,983,910,73,89123,,,,,,,
361420,180,2022-07-19,554,522,32,89677,,,,,,,
361420,181,2022-07-26,373,348,25,90050,,,,,,,
361420,182,2022-08-02,255,235,20,90305,,,,,,,
361420,183,2022-08-09,237,215,22,90542,,,,,,,
361420,184,2022-08-16,245,232,13,90787,,,,,,,
361420,185,2022-08-23,192,182,10,90979,,,,,,,
361420,186,2022-08-30,182,172,10,91161,,,,,,,
361420,187,2022-09-06,177,170,7,91338,,,,,,,
361420,188,2022-09-13,169,159,10,91507,,,,,,,
361420,189,2022-09-20,337,303,34,91844,,,,,,,
361420,190,2022-09-27,282,270,12,92126,,,,,,,
361420,191,2022-10-04,204,199,5,92330,,,,,,,
361420,192,2022-10-11,166,158,8,92496,,,,,,,
361420,193,2022-10-18,151,144,7,92647,,,,,,,
361420,194,2022-10-25,161,153,8,92808,,,,,,,
361420,195,2022-11-01,159,146,13,92967,,,,,,,
361420,196,2022-11-08,281,259,22,93248,,,,,,,
361420,197,2022-11-15,301,276,25,93549,,,,,,,
361420,198,2022-11-22,893,866,27,94442,,,,,,,
361420,199,2022-11-29,350,328,22,94792,,,,,,,
361420,200,2022-12-06,225,213,12,95017,,,,,,,
361420,201,2022-12-13,201,188,13,95218,,,,,,,
361420,202,2022-12-20,303,284,19,95521,,,,,,,
361420,203,2022-12-27,470,438,32,95991,,,,,,,
361420,204,2023-01-03,388,371,17,96379,,,,,,,
361420,205,2023-01-10,262,252,10,96641,,,,,,,
361420,206,2023-01-17,408,368,40,97049,,,,,,,
361420,207,2023-01-24,808,745,63,97857,,,,,,,
361420,208,2023-01-31,530,495,35,98387,,,,,,,
361420,209,2023-02-07,338,313,25,98725,,,,,,,
361420,210,2023-02-14,246,226,20,98971,,,,,,,
361420,211,2023-02-21,217,197,20,99188,,,,,,,
361420,212,2023-02-28,195,180,15,99383,,,,,,,
361420,213,2023-03-07,164,155,9,99547,,,,,,,
361420,214,2023-03-14,247,230,17,99794,,,,,,,
361420,215,2023-03-21,242,227,15,100036,,,,,,,
361420,216,2023-03-28,344,316,28,100380,,,,,,,
361420,217,2023-04-04,305,290,15,100685,,,,,,,
361420,218,2023-04-11,208,197,11,100893,,,,,,,
361420,219,2023-04-18,154,149,5,101047,,,,,,,
361420,220,2023-04-25,137,132,5,101184,,,,,,,
361420,221,2023-05-02,143,139,4,101327,,,,,,,
361420,222,2023-05-09,270,233,37,101597,,,,,,,
361420,223,2023-05-16,200,186,14,101797,,,,,,,
361420,224,2023-05-23,161,150,11,101958,,,,,,,
361420,225,2023-05-30,188,171,17,102146,,,,,,,
361420,226,2023-06-06,160,148,12,102306,,,,,,,
361420,227,2023-06-13,174,164,10,102480,,,,,,,
361420,228,2023-06-20,174,167,7,102654,,,,,,,
361420,229,2023-06-27,273,251,22,102927,,,,,,,
361420,230,2023-07-04,444,420,24,103371,,,,,,,
361420,231,2023-07-11,619,561,58,103990,,,,,,,
361420,232,2023-07-18,536,503,33,104526,,,,,,,
361420,233,2023-07-25,318,296,22,104844,,,,,,,
361420,234,2023-08-01,228,213,15,105072,,,,,,,
361420,235,2023-08-08,208,191,17,105280,,,,,,,
361420,236,2023-08-15,189,175,14,105469,,,,,,,
361420,237,2023-08-22,197,186,11,105666,,,,,,,
361420,238,2023-08-29,170,157,13,105836,,,,,,,
361420,239,2023-09-05,137,127,10,105973,,,,,,,
361420,240,2023-09-12,156,145,11,106129,,,,,,,
361420,241,2023-09-19,154,149,5,106283,,,,,,,
361420,242,2023-09-26,289,264,25,106572,,,,,,,
361420,243,2023-10-03,241,224,17,106813,,,,,,,
361420,244,2023-10-10,158,149,9,106971,,,,,,,
361420,245,2023-10-17,149,136,13,107120,,,,,,,
361420,246,2023-10-24,152,140,12,107272,,,,,,,
361420,247,2023-10-31,137,122,15,107409,,,,,,,
361420,248,2023-11-07,127,120,7,107536,,,,,,,
361420,249,2023-11-14,126,118,8,107662,,,,,,,
361420,250,2023-11-21,565,550,15,108227,,,,,,,
361420,251,2023-11-28,243,222,21,108470,,,,,,,
361420,252,2023-12-05,213,199,14,108683,,,,,,,
361420,253,2023-12-12,206,187,19,108889,,,,,,,
361420,254,2023-12-19,267,247,20,109156,,,,,,,
361420,255,2023-12-26,367,339,28,109523,,,,,,,
361420,256,2024-01-02,372,345,27,109895,,,,,,,
361420,257,2024-01-09,217,204,13,110112,,,,,,,
361420,258,2024-01-16,218,205,13,110330,,,,,,,
361420,259,2024-01-23,283,257,26,110613,,,,,,,
361420,260,2024-01-30,279,255,24,110892,,,,,,,
361420,261,2024-02-06,220,201,19,111112,,,,,,,
361420,262,2024-02-13,178,160,18,111290,,,,,,,
361420,263,2024-02-20,160,150,10,111450,,,,,,,
361420,264,2024-02-27,133,122,11,111583,,,,,,,
361420,265,2024-03-05,225,200,25,111808,,,,,,,
361420,266,2024-03-12,266,245,21,112074,,,,,,,
361420,267,2024-03-19,252,231,21,112326,,,,,,,
361420,268,2024-03-26,185,178,7,112511,,,,,,,
361420,269,2024-04-02,165,149,16,112676,,,,,,,
361420,270,2024-04-09,157,144,13,112833,,,,,,,
361420,271,2024-04-16,279,253,26,113112,,,,,,,
361420,272,2024-04-23,234,222,12,113346,,,,,,,
361420,273,2024-04-30,170,160,10,113516,,,,,,,
361420,274,2024-05-07,173,159,14,113689,,,,,,,
361420,275,2024-05-14,149,142,7,113838,,,,,,,
361420,276,2024-05-21,119,113,6,113957,,,,,,,
361420,277,2024-05-28,212,191,21,114169,,,,,,,
361420,278,2024-06-04,210,190,20,114379,,,,,,,
361420,279,2024-06-11,186,169,17,114565,,,,,,,
361420,280,2024-06-18,202,187,15,114767,,,,,,,
361420,281,2024-06-25,205,186,19,114972,,,,,,,
361420,282,2024-07-02,252,235,17,115224,,,,,,,
361420,283,2024-07-09,218,205,13,115442,,,,,,,
361420,284,2024-07-16,257,237,20,115699,,,,,,,
361420,285,2024-07-23,196,185,11,115895,,,,,,,
361420,286,2024-07-30,152,145,7,116047,,,,,,,
361420,287,2024-08-06,165,154,11,116212,,,,,,,
361420,288,2024-08-13,154,145,9,116366,,,,,,,
361420,289,2024-08-20,142,130,12,116508,,,,,,,
361420,290,2024-08-27,148,140,8,116656,,,,,,,
361420,291,2024-09-03,377,337,40,117033,,,,,,,
361420,292,2024-09-10,298,280,18,117331,,,,,,,
361420,293,2024-09-17,213,203,10,117544,,,,,,,
361420,294,2024-09-24,138,129,9,117682,,,,,,,
361420,295,2024-10-01,156,150,6,117838,,,,,,,
361420,296,2024-10-08,149,141,8,117987,,,,,,,
361420,297,2024-10-15,146,136,10,118133,,,,,,,
361420,298,2024-10-22,140,131,9,118273,,,,,,,
361420,299,2024-10-29,127,122,5,118400,,,,,,,
361420,300,2024-11-05,121,113,8,118521,,,,,,,
361420,301,2024-11-12,698,623,75,119219,,,,,,,
361420,302,2024-11-19,659,577,82,119878,,,,,,,
361420,303,2024-11-26,1562,1491,71,121440,,,,,,,
361420,304,2024-12-03,474,452,22,121914,,,,,,,
361420,305,2024-12-10,240,216,24,122154,,,,,,,
361420,306,2024-12-17,279,257,22,122433,,,,,,,
361420,307,2024-12-24,303,275,28,122736,,,,,,,
361420,308,2024-12-31,292,267,25,123028,,,,,,,
361420,309,2025-01-07,200,183,17,123228,,,,,,,
361420,310,2025-01-14,178,164,14,123406,,,,,,,
361420,311,2025-01-21,157,139,18,123563,,,,,,,
361420,312,2025-01-28,227,203,24,123790,,,,,,,
361420,313,2025-02-04,190,175,15,123980,,,,,,,
361420,314,2025-02-11,171,156,15,124151,,,,,,,
361420,315,2025-02-18,161,145,16,124312,,,,,,,
361420,316,2025-02-25,142,129,13,124454,,,,,,,
361420,317,2025-03-04,143,130,13,124597,,,,,,,
361420,318,2025-03-11,196,177,19,124793,,,,,,,
361420,319,2025-03-18,192,178,14,124985,,,,,,,
361420,320,2025-03-25,146,125,21,125131,,,,,,,
361420,321,2025-04-01,306,266,40,125437,,,,,,,
361420,322,2025-04-08,305,280,25,125742,,,,,,,
361420,323,2025-04-15,223,199,24,125965,,,,,,,
361420,324,2025-04-22,178,167,11,126143,,,,,,,
361420,325,2025-04-29,152,144,8,126295,,,,,,,
361420,326,2025-05-06,150,140,10,126445,,,,,,,
361420,327,2025-05-13,119,101,18,126564,,,,,,,
361420,328,2025-05-20,109,98,11,126673,,,,,,,
361420,329,2025-05-27,137,121,16,126810,,,,,,,
361420,330,2025-06-03,131,117,14,126941,,,,,,,
361420,331,2025-06-10,144,128,16,127085,,,,,,,
361420,332,2025-06-17,219,203,16,127304,,,,,,,
361420,333,2025-06-24,224,205,19,127528,,,,,,,
361420,334,2025-07-01,287,248,39,127815,,,,,,,
361420,335,2025-07-08,256,237,19,128071,,,,,,,
361420,336,2025-07-15,175,156,19,128246,,,,,,,
361420,337,2025-07-22,151,137,14,128397,,,,,,,
361420,338,2025-07-29,170,167,3,128567,,,,,,,
361420,339,2025-08-05,130,108,22,128697,,,,,,,
361420,340,2025-08-12,117,104,13,128814,,,,,,,
361420,341,2025-08-19,123,115,8,128937,,,,,,,
361420,342,2025-08-26,326,288,38,129263,,,,,,,
361420,343,2025-09-02,234,207,27,129497,,,,,,,
361420,344,2025-09-09,174,155,19,129671,,,,,,,
361420,345,2025-09-16,156,142,14,129827,,,,,,,
361420,346,2025-09-23,117,105,12,129944,,,,,,,
361420,347,2025-09-30,206,183,23,130150,,,,,,,
361420,348,2025-10-07,165,149,16,130315,,,,,,,
361420,349,2025-10-14,136,122,14,130451,,,,,,,
361420,350,2025-10-21,119,110,9,130570,,,,,,,
361420,351,2025-10-28,124,112,12,130694,,,,,,,
361420,352,2025-11-04,136,123,13,130830,,,,,,,
361420,353,2025-11-11,134,125,9,130964,,,,,,,
361420,354,2025-11-18,583,486,97,131547,,,,,,,
361420,355,2025-11-25,1288,1218,70,132835,,,,,,,
361420,356,2025-12-02,265,233,32,133100,,,,,,,
361420,357,2025-12-09,209,186,23,133309,,,,,,,
361420,358,2025-12-16,207,181,26,133516,,,,,,,
361420,359,2025-12-23,282,235,47,133798,,,,,,,
361420,360,2025-12-30,273,239,34,134071,,,,,,,
361420,361,2026-01-06,173,144,29,134244,,,,,,,
361420,362,2026-01-13,183,159,24,134427,,,,,,,
361420,363,2026-01-20,248,211,37,134675,,,,,,,
361420,364,2026-01-27,163,145,18,134838,,,,,,,
361420,365,2026-02-03,133,108,25,134971,,,,,,,
361420,366,2026-02-10,136,118,18,135107,,,,,,,
361420,367,2026-02-17,143,125,18,135250,,,,,,,
361420,368,2026-02-24,106,97,9,135356,,,,,,,
361420,369,2026-03-03,123,109,14,135479,,,,,,,
361420,370,2026-03-10,130,115,15,135609,,,,,,,
361420,371,2026-03-17,184,163,21,135793,,,,,,,
361420,372,2026-03-24,231,200,31,136024,,,,,,,
361420,373,2026-03-31,434,358,76,136458,,,,,,,
361420,374,2026-04-07,250,209,41,136708,,,,,,,
361420,375,2026-04-14,211,186,25,136919,,,,,,,
361420,376,2026-04-21,141,127,14,137060,,,,,,,
361420,377,2026-04-28,147,133,14,137207,,,,,,,
361420,378,2026-05-05,104,94,10,137311,,,,,,,
361420,379,2026-05-12,122,109,13,137433,,,,,,,
361420,380,2026-05-19,120,108,12,137553,,,,,,,
361420,381,2026-05-26,134,118,16,137687,,,,,,,
361420,382,2026-06-02,108,97,11,137795,,,,,,,
361420,383,2026-06-09,133,115,18,137928,,,,,,,
361420,384,2026-06-16,109,100,9,138037,,,,,,,
361420,385,2026-06-23,125,107,18,138162,,,,,,,
361420,386,2026-06-30,166,150,16,138328,,,,,,,
361420,387,2026-07-07,153,135,18,138481,,,,,,,
361420,388,2026-07-14,121,110,11,138602,,,,,,,
361420,389,2026-07-21,117,108,9,138719,,,,,,,
361420,390,2026-07-28,96,86,10,138815,,,,,,,
361420,391,2026-08-04,68,64,4,138883,,,,,,,
751780,0,2019-04-18,1271,1117,154,1271,,,,,,,
751780,1,2019-04-25,721,642,79,1992,,,,,,,
751780,2,2019-05-02,470,417,53,2462,,,,,,,
751780,3,2019-05-09,350,308,42,2812,,,,,,,
751780,4,2019-05-16,226,193,33,3038,,,,,,,
751780,5,2019-05-23,164,147,17,3202,,,,,,,
751780,6,2019-05-30,128,115,13,3330,,,,,,,
751780,7,2019-06-06,238,183,55,3568,,,,,,,
751780,8,2019-06-13,96,78,18,3664,,,,,,,
751780,9,2019-06-20,78,71,7,3742,,,,,,,
751780,10,2019-06-27,1771,1724,47,5513,,,,,,,
751780,11,2019-07-04,519,495,24,6032,,,,,,,
751780,12,2019-07-11,61,57,4,6093,,,,,,,
751780,13,2019-07-18,52,49,3,6145,,,,,,,
751780,14,2019-07-25,32,26,6,6177,,,,,,,
751780,15,2019-08-01,48,41,7,6225,,,,,,,
751780,16,2019-08-08,38,35,3,6263,,,,,,,
751780,17,2019-08-15,31,28,3,6294,,,,,,,
751780,18,2019-08-22,22,19,3,6316,,,,,,,
751780,19,2019-08-29,25,20,5,6341,,,,,,,
751780,20,2019-09-05,28,23,5,6369,,,,,,,
751780,21,2019-09-12,37,31,6,6406,,,,,,,
751780,22,2019-09-19,29,26,3,6435,,,,,,,
751780,23,2019-09-26,36,35,1,6471,,,,,,,
751780,24,2019-10-03,30,24,6,6501,,,,,,,
751780,25,2019-10-10,82,67,15,6583,,,,,,,
751780,26,2019-10-17,116,96,20,6699,,,,,,,
751780,27,2019-10-24,97,87,10,6796,,,,,,,
751780,28,2019-10-30,258,245,13,7054,,,,,,,
751780,29,2019-11-06,160,152,8,7214,,,,,,,
751780,30,2019-11-13,98,96,2,7312,,,,,,,
751780,31,2019-11-20,988,974,14,8300,,,,,,,
751780,32,2019-11-27,1443,1423,20,9743,,,,,,,
751780,33,2019-12-04,121,119,2,9864,,,,,,,
751780,34,2019-12-11,136,127,9,10000,,,,,,,
751780,35,2019-12-18,185,178,7,10185,,,,,,,
751780,36,2019-12-25,310,295,15,10495,,,,,,,
751780,37,2020-01-01,185,169,16,10680,,,,,,,
751780,38,2020-01-08,140,133,7,10820,,,,,,,
751780,39,2020-01-15,534,494,40,11354,,,,,,,
751780,40,2020-01-22,363,335,28,11717,,,,,,,
751780,41,2020-01-29,244,230,14,11961,,,,,,,
751780,42,2020-02-05,169,157,12,12130,,,,,,,
751780,43,2020-02-12,141,132,9,12271,,,,,,,
751780,44,2020-02-19,180,165,15,12451,,,,,,,
751780,45,2020-02-26,135,125,10,12586,,,,,,,
751780,46,2020-03-04,78,71,7,12664,,,,,,,
751780,47,2020-03-11,101,94,7,12765,,,,,,,
751780,48,2020-03-18,108,102,6,12873,,,,,,,
751780,49,2020-03-25,114,109,5,12987,,,,,,,
751780,50,2020-04-02,89,83,6,13076,,,,,,,
751780,51,2020-04-09,116,107,9,13192,,,,,,,
751780,52,2020-04-16,291,270,21,13483,,,,,,,
751780,53,2020-04-23,260,240,20,13743,,,,,,,
751780,54,2020-04-30,159,148,11,13902,,,,,,,
751780,55,2020-05-07,128,117,11,14030,,,,,,,
751780,56,2020-05-14,91,85,6,14121,,,,,,,
751780,57,2020-05-21,87,78,9,14208,,,,,,,
751780,58,2020-05-28,84,72,12,14292,,,,,,,
751780,59,2020-06-04,71,66,5,14363,,,,,,,
751780,60,2020-06-11,70,62,8,14433,,,,,,,
751780,61,2020-06-18,70,62,8,14503,,,,,,,
751780,62,2020-06-25,162,153,9,14665,,,,,,,
751780,63,2020-07-02,279,257,22,14944,,,,,,,
751780,64,2020-07-09,205,194,11,15149,,,,,,,
751780,65,2020-07-16,127,119,8,15276,,,,,,,
751780,66,2020-07-23,88,77,11,15364,,,,,,,
751780,67,2020-07-30,106,99,7,15470,,,,,,,
751780,68,2020-08-06,105,100,5,15575,,,,,,,
751780,69,2020-08-13,82,77,5,15657,,,,,,,
751780,70,2020-08-20,94,86,8,15751,,,,,,,
751780,71,2020-08-27,74,70,4,15825,,,,,,,
751780,72,2020-09-03,315,281,34,16140,,,,,,,
751780,73,2020-09-10,240,206,34,16380,,,,,,,
751780,74,2020-09-17,169,154,15,16549,,,,,,,
751780,75,2020-09-24,152,128,24,16701,,,,,,,
751780,76,2020-10-01,157,138,19,16858,,,,,,,
751780,77,2020-10-08,145,127,18,17003,,,,,,,
751780,78,2020-10-15,120,107,13,17123,,,,,,,
751780,79,2020-10-22,118,114,4,17241,,,,,,,
751780,80,2020-10-28,105,96,9,17346,,,,,,,
751780,81,2020-11-04,158,141,17,17504,,,,,,,
751780,82,2020-11-11,148,132,16,17652,,,,,,,
751780,83,2020-11-18,158,148,10,17810,,,,,,,
751780,84,2020-11-25,449,428,21,18259,,,,,,,
751780,85,2020-12-02,157,139,18,18416,,,,,,,
751780,86,2020-12-09,110,101,9,18526,,,,,,,
751780,87,2020-12-16,131,121,10,18657,,,,,,,
751780,88,2020-12-23,364,316,48,19021,,,,,,,
751780,89,2020-12-30,388,362,26,19409,,,,,,,
751780,90,2021-01-06,233,212,21,19642,,,,,,,
751780,91,2021-01-13,150,139,11,19792,,,,,,,
751780,92,2021-01-20,133,126,7,19925,,,,,,,
751780,93,2021-01-27,154,143,11,20079,,,,,,,
751780,94,2021-02-03,107,100,7,20186,,,,,,,
751780,95,2021-02-10,210,185,25,20396,,,,,,,
751780,96,2021-02-17,164,159,5,20560,,,,,,,
751780,97,2021-02-24,129,116,13,20689,,,,,,,
751780,98,2021-03-03,112,104,8,20801,,,,,,,
751780,99,2021-03-10,109,102,7,20910,,,,,,,
751780,100,2021-03-17,98,89,9,21008,,,,,,,
751780,101,2021-03-24,89,84,5,21097,,,,,,,
751780,102,2021-04-01,97,86,11,21194,,,,,,,
751780,103,2021-04-08,135,108,27,21329,,,,,,,
751780,104,2021-04-15,109,82,27,21438,,,,,,,
751780,105,2021-04-22,88,63,25,21526,,,,,,,
751780,106,2021-04-29,92,64,28,21618,,,,,,,
751780,107,2021-05-06,99,83,16,21717,,,,,,,
751780,108,2021-05-13,316,252,64,22033,,,,,,,
751780,109,2021-05-20,179,146,33,22212,,,,,,,
751780,110,2021-05-27,129,110,19,22341,,,,,,,
751780,111,2021-06-03,100,87,13,22441,,,,,,,
751780,112,2021-06-10,80,66,14,22521,,,,,,,
751780,113,2021-06-17,88,67,21,22609,,,,,,,
751780,114,2021-06-24,210,169,41,22819,,,,,,,
751780,115,2021-07-01,250,219,31,23069,,,,,,,
751780,116,2021-07-08,225,200,25,23294,,,,,,,
751780,117,2021-07-15,131,118,13,23425,,,,,,,
751780,118,2021-07-22,111,91,20,23536,,,,,,,
751780,119,2021-07-29,87,72,15,23623,,,,,,,
751780,120,2021-08-05,101,84,17,23724,,,,,,,
751780,121,2021-08-12,98,85,13,23822,,,,,,,
751780,122,2021-08-19,79,70,9,23901,,,,,,,
751780,123,2021-08-26,81,65,16,23982,,,,,,,
751780,124,2021-09-02,191,175,16,24173,,,,,,,
751780,125,2021-09-09,101,87,14,24274,,,,,,,
751780,126,2021-09-16,88,71,17,24362,,,,,,,
751780,127,2021-09-23,67,55,12,24429,,,,,,,
751780,128,2021-09-30,65,59,6,24494,,,,,,,
751780,129,2021-10-07,62,55,7,24556,,,,,,,
751780,130,2021-10-14,55,43,12,24611,,,,,,,
751780,131,2021-10-21,67,60,7,24678,,,,,,,
751780,132,2021-10-28,82,72,10,24760,,,,,,,
751780,133,2021-11-03,55,49,6,24815,,,,,,,
751780,134,2021-11-10,57,49,8,24872,,,,,,,
751780,135,2021-11-17,66,55,11,24938,,,,,,,
751780,136,2021-11-24,255,230,25,25193,,,,,,,
751780,137,2021-12-01,135,114,21,25328,,,,,,,
751780,138,2021-12-08,73,69,4,25401,,,,,,,
751780,139,2021-12-15,78,63,15,25479,,,,,,,
751780,140,2021-12-22,185,165,20,25664,,,,,,,
751780,141,2021-12-29,165,146,19,25829,,,,,,,
751780,142,2022-01-05,137,124,13,25966,,,,,,,
751780,143,2022-01-12,103,92,11,26069,,,,,,,
751780,144,2022-01-19,109,99,10,26178,,,,,,,
751780,145,2022-01-26,140,125,15,26318,,,,,,,
751780,146,2022-02-02,151,134,17,26469,,,,,,,
751780,147,2022-02-09,97,90,7,26566,,,,,,,
751780,148,2022-02-16,89,77,12,26655,,,,,,,
751780,149,2022-02-23,100,83,17,26755,,,,,,,
751780,150,2022-03-02,88,74,14,26843,,,,,,,
751780,151,2022-03-09,67,54,13,26910,,,,,,,
751780,152,2022-03-16,170,151,19,27080,,,,,,,
751780,153,2022-03-23,137,120,17,27217,,,,,,,
751780,154,2022-03-31,93,75,18,27310,,,,,,,
751780,155,2022-04-07,82,69,13,27392,,,,,,,
751780,156,2022-04-14,90,75,15,27482,,,,,,,
751780,157,2022-04-21,75,67,8,27557,,,,,,,
751780,158,2022-04-28,57,48,9,27614,,,,,,,
751780,159,2022-05-05,78,67,11,27692,,,,,,,
751780,160,2022-05-12,112,92,20,27804,,,,,,,
751780,161,2022-05-19,180,156,24,27984,,,,,,,
751780,162,2022-05-26,108,100,8,28092,,,,,,,
751780,163,2022-06-02,77,60,17,28169,,,,,,,
751780,164,2022-06-09,80,70,10,28249,,,,,,,
751780,165,2022-06-16,80,73,7,28329,,,,,,,
751780,166,2022-06-23,109,98,11,28438,,,,,,,
751780,167,2022-06-30,140,121,19,28578,,,,,,,
751780,168,2022-07-07,114,97,17,28692,,,,,,,
751780,169,2022-07-14,91,83,8,28783,,,,,,,
751780,170,2022-07-21,70,62,8,28853,,,,,,,
751780,171,2022-07-28,87,75,12,28940,,,,,,,
751780,172,2022-08-04,67,60,7,29007,,,,,,,
751780,173,2022-08-11,71,60,11,29078,,,,,,,
751780,174,2022-08-18,63,56,7,29141,,,,,,,
751780,175,2022-08-25,79,62,17,29220,,,,,,,
751780,176,2022-09-01,65,55,10,29285,,,,,,,
751780,177,2022-09-08,54,52,2,29339,,,,,,,
751780,178,2022-09-15,112,102,10,29451,,,,,,,
751780,179,2022-09-22,118,108,10,29569,,,,,,,
751780,180,2022-09-29,76,66,10,29645,,,,,,,
751780,181,2022-10-06,61,55,6,29706,,,,,,,
751780,182,2022-10-13,61,52,9,29767,,,,,,,
751780,183,2022-10-20,59,53,6,29826,,,,,,,
751780,184,2022-10-27,47,37,10,29873,,,,,,,
751780,185,2022-11-02,49,45,4,29922,,,,,,,
751780,186,2022-11-09,40,31,9,29962,,,,,,,
751780,187,2022-11-16,95,89,6,30057,,,,,,,
751780,188,2022-11-23,186,170,16,30243,,,,,,,
751780,189,2022-11-30,94,89,5,30337,,,,,,,
751780,190,2022-12-07,70,58,12,30407,,,,,,,
751780,191,2022-12-14,69,62,7,30476,,,,,,,
751780,192,2022-12-21,117,101,16,30593,,,,,,,
751780,193,2022-12-28,193,172,21,30786,,,,,,,
751780,194,2023-01-04,164,143,21,30950,,,,,,,
751780,195,2023-01-11,102,91,11,31052,,,,,,,
751780,196,2023-01-18,80,68,12,31132,,,,,,,
751780,197,2023-01-25,167,149,18,31299,,,,,,,
751780,198,2023-02-01,102,92,10,31401,,,,,,,
751780,199,2023-02-08,78,68,10,31479,,,,,,,
751780,200,2023-02-15,78,63,15,31557,,,,,,,
751780,201,2023-02-22,67,59,8,31624,,,,,,,
751780,202,2023-03-01,52,48,4,31676,,,,,,,
751780,203,2023-03-08,63,55,8,31739,,,,,,,
751780,204,2023-03-15,120,107,13,31859,,,,,,,
751780,205,2023-03-22,140,124,16,31999,,,,,,,
751780,206,2023-03-30,89,82,7,32088,,,,,,,
751780,207,2023-04-06,79,69,10,32167,,,,,,,
751780,208,2023-04-13,64,54,10,32231,,,,,,,
751780,209,2023-04-20,62,50,12,32293,,,,,,,
751780,210,2023-04-27,60,56,4,32353,,,,,,,
751780,211,2023-05-04,57,48,9,32410,,,,,,,
751780,212,2023-05-11,107,96,11,32517,,,,,,,
751780,213,2023-05-18,194,179,15,32711,,,,,,,
751780,214,2023-05-25,108,94,14,32819,,,,,,,
751780,215,2023-06-01,80,66,14,32899,,,,,,,
751780,216,2023-06-08,70,58,12,32969,,,,,,,
751780,217,2023-06-15,72,61,11,33041,,,,,,,
751780,218,2023-06-22,60,51,9,33101,,,,,,,
751780,219,2023-06-29,137,123,14,33238,,,,,,,
751780,220,2023-07-06,152,141,11,33390,,,,,,,
751780,221,2023-07-13,122,108,14,33512,,,,,,,
751780,222,2023-07-20,71,64,7,33583,,,,,,,
751780,223,2023-07-27,76,71,5,33659,,,,,,,
751780,224,2023-08-03,123,101,22,33782,,,,,,,
751780,225,2023-08-10,94,77,17,33876,,,,,,,
751780,226,2023-08-17,61,53,8,33937,,,,,,,
751780,227,2023-08-24,60,55,5,33997,,,,,,,
751780,228,2023-08-31,53,45,8,34050,,,,,,,
751780,229,2023-09-07,54,45,9,34104,,,,,,,
751780,230,2023-09-14,93,77,16,34197,,,,,,,
751780,231,2023-09-21,113,98,15,34310,,,,,,,
751780,232,2023-09-28,91,79,12,34401,,,,,,,
751780,233,2023-10-05,73,64,9,34474,,,,,,,
751780,234,2023-10-12,51,44,7,34525,,,,,,,
751780,235,2023-10-19,74,64,10,34599,,,,,,,
751780,236,2023-10-26,69,59,10,34668,,,,,,,
751780,237,2023-11-01,54,46,8,34722,,,,,,,
751780,238,2023-11-08,63,55,8,34785,,,,,,,
751780,239,2023-11-15,104,91,13,34889,,,,,,,
751780,240,2023-11-22,162,148,14,35051,,,,,,,
751780,241,2023-11-29,102,88,14,35153,,,,,,,
751780,242,2023-12-06,57,52,5,35210,,,,,,,
751780,243,2023-12-13,64,57,7,35274,,,,,,,
751780,244,2023-12-20,112,98,14,35386,,,,,,,
751780,245,2023-12-27,153,128,25,35539,,,,,,,
751780,246,2024-01-03,130,108,22,35669,,,,,,,
751780,247,2024-01-10,68,62,6,35737,,,,,,,
751780,248,2024-01-17,74,69,5,35811,,,,,,,
751780,249,2024-01-24,70,59,11,35881,,,,,,,
751780,250,2024-01-31,55,50,5,35936,,,,,,,
751780,251,2024-02-07,49,46,3,35985,,,,,,,
751780,252,2024-02-14,65,58,7,36050,,,,,,,
751780,253,2024-02-21,42,38,4,36092,,,,,,,
751780,254,2024-02-28,46,38,8,36138,,,,,,,
751780,255,2024-03-06,37,34,3,36175,,,,,,,
751780,256,2024-03-13,83,74,9,36258,,,,,,,
751780,257,2024-03-20,93,82,11,36351,,,,,,,
751780,258,2024-03-27,59,57,2,36410,,,,,,,
751780,259,2024-04-04,62,53,9,36472,,,,,,,
751780,260,2024-04-11,62,55,7,36534,,,,,,,
751780,261,2024-04-18,46,43,3,36580,,,,,,,
751780,262,2024-04-25,51,45,6,36631,,,,,,,
751780,263,2024-05-02,46,38,8,36677,,,,,,,
751780,264,2024-05-09,63,57,6,36740,,,,,,,
751780,265,2024-05-16,122,106,16,36862,,,,,,,
751780,266,2024-05-23,79,67,12,36941,,,,,,,
751780,267,2024-05-30,55,49,6,36996,,,,,,,
751780,268,2024-06-06,65,58,7,37061,,,,,,,
751780,269,2024-06-13,61,50,11,37122,,,,,,,
751780,270,2024-06-20,51,40,11,37173,,,,,,,
751780,271,2024-06-27,98,80,18,37271,,,,,,,
751780,272,2024-07-04,125,115,10,37396,,,,,,,
751780,273,2024-07-11,100,86,14,37496,,,,,,,
751780,274,2024-07-18,66,61,5,37562,,,,,,,
751780,275,2024-07-25,74,64,10,37636,,,,,,,
751780,276,2024-08-01,116,109,7,37752,,,,,,,
751780,277,2024-08-08,85,72,13,37837,,,,,,,
751780,278,2024-08-15,71,64,7,37908,,,,,,,
751780,279,2024-08-22,69,61,8,37977,,,,,,,
751780,280,2024-08-29,61,53,8,38038,,,,,,,
751780,281,2024-09-05,56,50,6,38094,,,,,,,
751780,282,2024-09-12,52,47,5,38146,,,,,,,
751780,283,2024-09-19,51,45,6,38197,,,,,,,
751780,284,2024-09-26,50,42,8,38247,,,,,,,
751780,285,2024-10-03,44,41,3,38291,,,,,,,
751780,286,2024-10-10,43,39,4,38334,,,,,,,
751780,287,2024-10-17,36,31,5,38370,,,,,,,
751780,288,2024-10-24,31,26,5,38401,,,,,,,
751780,289,2024-10-30,27,22,5,38428,,,,,,,
751780,290,2024-11-06,34,30,4,38462,,,,,,,
751780,291,2024-11-13,27,21,6,38489,,,,,,,
751780,292,2024-11-20,48,39,9,38537,,,,,,,
751780,293,2024-11-27,83,73,10,38620,,,,,,,
751780,294,2024-12-04,63,56,7,38683,,,,,,,
751780,295,2024-12-11,47,39,8,38730,,,,,,,
751780,296,2024-12-18,65,58,7,38795,,,,,,,
751780,297,2024-12-25,97,87,10,38892,,,,,,,
751780,298,2025-01-01,81,71,10,38973,,,,,,,
751780,299,2025-01-08,61,56,5,39034,,,,,,,
751780,300,2025-01-15,65,60,5,39099,,,,,,,
751780,301,2025-01-22,60,54,6,39159,,,,,,,
751780,302,2025-01-29,56,51,5,39215,,,,,,,
751780,303,2025-02-05,41,34,7,39256,,,,,,,
751780,304,2025-02-12,50,43,7,39306,,,,,,,
751780,305,2025-02-19,61,52,9,39367,,,,,,,
751780,306,2025-02-26,46,39,7,39413,,,,,,,
751780,307,2025-03-05,42,36,6,39455,,,,,,,
751780,308,2025-03-12,85,71,14,39540,,,,,,,
751780,309,2025-03-19,83,72,11,39623,,,,,,,
751780,310,2025-03-26,45,42,3,39668,,,,,,,
751780,311,2025-04-03,46,41,5,39714,,,,,,,
751780,312,2025-04-10,38,29,9,39752,,,,,,,
751780,313,2025-04-17,50,45,5,39802,,,,,,,
751780,314,2025-04-24,42,37,5,39844,,,,,,,
751780,315,2025-05-01,61,57,4,39905,,,,,,,
751780,316,2025-05-08,48,41,7,39953,,,,,,,
751780,317,2025-05-15,39,33,6,39992,,,,,,,
751780,318,2025-05-22,39,33,6,40031,,,,,,,
751780,319,2025-05-29,38,31,7,40069,,,,,,,
751780,320,2025-06-05,40,33,7,40109,,,,,,,
751780,321,2025-06-12,37,30,7,40146,,,,,,,
751780,322,2025-06-19,33,25,8,40179,,,,,,,
751780,323,2025-06-26,79,73,6,40258,,,,,,,
751780,324,2025-07-03,100,89,11,40358,,,,,,,
751780,325,2025-07-10,102,86,16,40460,,,,,,,
751780,326,2025-07-17,64,53,11,40524,,,,,,,
751780,327,2025-07-24,50,45,5,40574,,,,,,,
751780,328,2025-07-31,45,36,9,40619,,,,,,,
751780,329,2025-08-07,45,40,5,40664,,,,,,,
751780,330,2025-08-14,124,102,22,40788,,,,,,,
751780,331,2025-08-21,118,102,16,40906,,,,,,,
751780,332,2025-08-28,59,53,6,40965,,,,,,,
751780,333,2025-09-04,43,40,3,41008,,,,,,,
751780,334,2025-09-11,48,46,2,41056,,,,,,,
751780,335,2025-09-18,35,32,3,41091,,,,,,,
751780,336,2025-09-25,57,46,11,41148,,,,,,,
751780,337,2025-10-02,79,69,10,41227,,,,,,,
751780,338,2025-10-09,56,47,9,41283,,,,,,,
751780,339,2025-10-16,56,49,7,41339,,,,,,,
751780,340,2025-10-23,61,55,6,41400,,,,,,,
751780,341,2025-10-29,43,36,7,41443,,,,,,,
751780,342,2025-11-05,60,53,7,41503,,,,,,,
751780,343,2025-11-12,50,45,5,41553,,,,,,,
751780,344,2025-11-19,49,42,7,41602,,,,,,,
751780,345,2025-11-26,118,101,17,41720,,,,,,,
751780,346,2025-12-03,69,64,5,41789,,,,,,,
751780,347,2025-12-10,57,50,7,41846,,,,,,,
751780,348,2025-12-17,73,63,10,41919,,,,,,,
751780,349,2025-12-24,102,93,9,42021,,,,,,,
751780,350,2025-12-31,109,89,20,42130,,,,,,,
751780,351,2026-01-07,66,57,9,42196,,,,,,,
751780,352,2026-01-14,53,45,8,42249,,,,,,,
751780,353,2026-01-21,39,34,5,42288,,,,,,,
751780,354,2026-01-28,63,53,10,42351,,,,,,,
751780,355,2026-02-04,46,40,6,42397,,,,,,,
751780,356,2026-02-11,29,29,0,42426,,,,,,,
751780,357,2026-02-18,53,42,11,42479,,,,,,,
751780,358,2026-02-25,48,40,8,42527,,,,,,,
751780,359,2026-03-04,37,36,1,42564,,,,,,,
751780,360,2026-03-11,31,27,4,42595,,,,,,,
751780,361,2026-03-18,76,68,8,42671,,,,,,,
751780,362,2026-03-25,86,79,7,42757,,,,,,,
751780,363,2026-04-02,124,109,15,42881,,,,,,,
751780,364,2026-04-09,93,84,9,42974,,,,,,,
751780,365,2026-04-16,55,48,7,43029,,,,,,,
751780,366,2026-04-23,54,47,7,43083,,,,,,,
751780,367,2026-04-30,46,40,6,43129,,,,,,,
751780,368,2026-05-07,33,23,10,43162,,,,,,,
751780,369,2026-05-14,49,39,10,43211,,,,,,,
751780,370,2026-05-21,59,51,8,43270,,,,,,,
751780,371,2026-05-28,87,68,19,43357,,,,,,,
751780,372,2026-06-04,79,68,11,43436,,,,,,,
751780,373,2026-06-11,68,59,9,43504,,,,,,,
751780,374,2026-06-18,42,35,7,43546,,,,,,,
751780,375,2026-06-25,75,56,19,43621,,,,,,,
751780,376,2026-07-02,66,61,5,43687,,,,,,,
751780,377,2026-07-09,66,61,5,43753,,,,,,,
751780,378,2026-07-16,57,45,12,43810,,,,,,,
751780,379,2026-07-23,37,33,4,43847,,,,,,,
751780,380,2026-07-30,49,44,5,43896,,,,,,,
751780,381,2026-08-06,21,18,3,43917,,,,,,,
1087760,0,2022-04-29,90,79,11,90,,,,,,,
1087760,1,2022-05-06,24,21,3,114,,,,,,,
1087760,2,2022-05-13,15,13,2,129,,,,,,,
1087760,3,2022-05-20,8,8,0,137,,,,,,,
1087760,4,2022-05-27,9,6,3,146,,,,,,,
1087760,5,2022-06-03,4,4,0,150,,,,,,,
1087760,6,2022-06-10,6,6,0,156,,,,,,,
1087760,7,2022-06-17,6,5,1,162,,,,,,,
1087760,8,2022-06-24,11,9,2,173,,,,,,,
1087760,9,2022-07-01,19,14,5,192,,,,,,,
1087760,10,2022-07-08,5,5,0,197,,,,,,,
1087760,11,2022-07-15,4,3,1,201,,,,,,,
1087760,12,2022-07-22,53,44,9,254,,,,,,,
1087760,13,2022-07-29,35,29,6,289,,,,,,,
1087760,14,2022-08-05,13,10,3,302,,,,,,,
1087760,15,2022-08-12,4,3,1,306,,,,,,,
1087760,16,2022-08-19,4,2,2,310,,,,,,,
1087760,17,2022-08-26,2,2,0,312,,,,,,,
1087760,18,2022-09-02,2,1,1,314,,,,,,,
1087760,19,2022-09-09,1,0,1,315,,,,,,,
1087760,20,2022-09-16,5,5,0,320,,,,,,,
1087760,21,2022-09-23,6,3,3,326,,,,,,,
1087760,22,2022-09-30,4,4,0,330,,,,,,,
1087760,23,2022-10-07,4,2,2,334,,,,,,,
1087760,24,2022-10-14,2,1,1,336,,,,,,,
1087760,25,2022-10-21,5,5,0,341,,,,,,,
1087760,26,2022-10-28,2,2,0,343,,,,,,,
1087760,27,2022-11-03,3,3,0,346,,,,,,,
1087760,28,2022-11-10,4,4,0,350,,,,,,,
1087760,29,2022-11-17,15,15,0,365,,,,,,,
1087760,30,2022-11-24,11,11,0,376,,,,,,,
1087760,31,2022-12-01,3,3,0,379,,,,,,,
1087760,32,2022-12-08,2,2,0,381,,,,,,,
1087760,33,2022-12-15,8,6,2,389,,,,,,,
1087760,34,2022-12-22,6,6,0,395,,,,,,,
1087760,35,2022-12-29,11,10,1,406,,,,,,,
1087760,36,2023-01-05,4,4,0,410,,,,,,,
1087760,37,2023-01-12,5,3,2,415,,,,,,,
1087760,38,2023-01-19,3,3,0,418,,,,,,,
1087760,39,2023-01-26,6,4,2,424,,,,,,,
1087760,40,2023-02-02,5,5,0,429,,,,,,,
1087760,41,2023-02-09,6,5,1,435,,,,,,,
1087760,42,2023-02-16,6,3,3,441,,,,,,,
1087760,43,2023-02-23,9,9,0,450,,,,,,,
1087760,44,2023-03-02,1,1,0,451,,,,,,,
1087760,45,2023-03-09,0,0,0,451,,,,,,,
1087760,46,2023-03-16,7,7,0,458,,,,,,,
1087760,47,2023-03-23,6,5,1,464,,,,,,,
1087760,48,2023-03-31,8,8,0,472,,,,,,,
1087760,49,2023-04-07,4,4,0,476,,,,,,,
1087760,50,2023-04-14,3,3,0,479,,,,,,,
1087760,51,2023-04-21,1,1,0,480,,,,,,,
1087760,52,2023-04-28,0,0,0,480,,,,,,,
1087760,53,2023-05-05,23,23,0,503,,,,,,,
1087760,54,2023-05-12,11,10,1,514,,,,,,,
1087760,55,2023-05-19,10,9,1,524,,,,,,,
1087760,56,2023-05-26,4,4,0,528,,,,,,,
1087760,57,2023-06-02,1,1,0,529,,,,,,,
1087760,58,2023-06-09,2,1,1,531,,,,,,,
1087760,59,2023-06-16,15,12,3,546,,,,,,,
1087760,60,2023-06-23,12,10,2,558,,,,,,,
1087760,61,2023-06-30,11,7,4,569,,,,,,,
1087760,62,2023-07-07,14,13,1,583,,,,,,,
1087760,63,2023-07-14,5,3,2,588,,,,,,,
1087760,64,2023-07-21,13,11,2,601,,,,,,,
1087760,65,2023-07-28,15,13,2,616,,,,,,,
1087760,66,2023-08-04,12,11,1,628,,,,,,,
1087760,67,2023-08-11,7,6,1,635,,,,,,,
1087760,68,2023-08-18,4,4,0,639,,,,,,,
1087760,69,2023-08-25,2,2,0,641,,,,,,,
1087760,70,2023-09-01,2,2,0,643,,,,,,,
1087760,71,2023-09-08,1,1,0,644,,,,,,,
1087760,72,2023-09-15,6,5,1,650,,,,,,,
1087760,73,2023-09-22,7,6,1,657,,,,,,,
1087760,74,2023-09-29,5,5,0,662,,,,,,,
1087760,75,2023-10-06,3,2,1,665,,,,,,,
1087760,76,2023-10-13,4,4,0,669,,,,,,,
1087760,77,2023-10-20,17,15,2,686,,,,,,,
1087760,78,2023-10-27,12,11,1,698,,,,,,,
1087760,79,2023-11-02,13,12,1,711,,,,,,,
1087760,80,2023-11-09,6,5,1,717,,,,,,,
1087760,81,2023-11-16,7,6,1,724,,,,,,,
1087760,82,2023-11-23,10,9,1,734,,,,,,,
1087760,83,2023-11-30,21,17,4,755,,,,,,,
1087760,84,2023-12-07,65,52,13,820,,,,,,,
1087760,85,2023-12-14,44,37,7,864,,,,,,,
1087760,86,2023-12-21,45,38,7,909,,,,,,,
1087760,87,2023-12-28,51,39,12,960,,,,,,,
1087760,88,2024-01-04,36,30,6,996,,,,,,,
1087760,89,2024-01-11,31,24,7,1027,,,,,,,
1087760,90,2024-01-18,33,29,4,1060,,,,,,,
1087760,91,2024-01-25,33,28,5,1093,,,,,,,
1087760,92,2024-02-01,32,32,0,1125,,,,,,,
1087760,93,2024-02-08,26,23,3,1151,,,,,,,
1087760,94,2024-02-15,27,23,4,1178,,,,,,,
1087760,95,2024-02-22,18,18,0,1196,,,,,,,
1087760,96,2024-02-29,18,15,3,1214,,,,,,,
1087760,97,2024-03-07,26,25,1,1240,,,,,,,
1087760,98,2024-03-14,25,22,3,1265,,,,,,,
1087760,99,2024-03-21,26,23,3,1291,,,,,,,
1087760,100,2024-03-28,15,11,4,1306,,,,,,,
1087760,101,2024-04-05,17,15,2,1323,,,,,,,
1087760,102,2024-04-12,7,7,0,1330,,,,,,,
1087760,103,2024-04-19,17,13,4,1347,,,,,,,
1087760,104,2024-04-26,20,18,2,1367,,,,,,,
1087760,105,2024-05-03,94,85,9,1461,,,,,,,
1087760,106,2024-05-10,62,52,10,1523,,,,,,,
1087760,107,2024-05-17,19,18,1,1542,,,,,,,
1087760,108,2024-05-24,27,24,3,1569,,,,,,,
1087760,109,2024-05-31,15,13,2,1584,,,,,,,
1087760,110,2024-06-07,18,16,2,1602,,,,,,,
1087760,111,2024-06-14,31,28,3,1633,,,,,,,
1087760,112,2024-06-21,37,30,7,1670,,,,,,,
1087760,113,2024-06-28,21,20,1,1691,,,,,,,
1087760,114,2024-07-05,19,16,3,1710,,,,,,,
1087760,115,2024-07-12,11,10,1,1721,,,,,,,
1087760,116,2024-07-19,9,9,0,1730,,,,,,,
1087760,117,2024-07-26,17,15,2,1747,,,,,,,
1087760,118,2024-08-02,18,15,3,1765,,,,,,,
1087760,119,2024-08-09,17,16,1,1782,,,,,,,
1087760,120,2024-08-16,21,20,1,1803,,,,,,,
1087760,121,2024-08-23,9,5,4,1812,,,,,,,
1087760,122,2024-08-30,12,11,1,1824,,,,,,,
1087760,123,2024-09-06,10,6,4,1834,,,,,,,
1087760,124,2024-09-13,8,6,2,1842,,,,,,,
1087760,125,2024-09-20,10,9,1,1852,,,,,,,
1087760,126,2024-09-27,8,7,1,1860,,,,,,,
1087760,127,2024-10-04,25,19,6,1885,,,,,,,
1087760,128,2024-10-11,44,35,9,1929,,,,,,,
1087760,129,2024-10-18,30,23,7,1959,,,,,,,
1087760,130,2024-10-25,21,20,1,1980,,,,,,,
1087760,131,2024-10-31,14,12,2,1994,,,,,,,
1087760,132,2024-11-07,14,8,6,2008,,,,,,,
1087760,133,2024-11-14,15,15,0,2023,,,,,,,
1087760,134,2024-11-21,17,14,3,2040,,,,,,,
1087760,135,2024-11-28,20,18,2,2060,,,,,,,
1087760,136,2024-12-05,66,60,6,2126,,,,,,,
1087760,137,2024-12-12,48,39,9,2174,,,,,,,
1087760,138,2024-12-19,39,35,4,2213,,,,,,,
1087760,139,2024-12-26,47,39,8,2260,,,,,,,
1087760,140,2025-01-02,43,41,2,2303,,,,,,,
1087760,141,2025-01-09,18,11,7,2321,,,,,,,
1087760,142,2025-01-16,24,22,2,2345,,,,,,,
1087760,143,2025-01-23,21,19,2,2366,,,,,,,
1087760,144,2025-01-30,12,11,1,2378,,,,,,,
1087760,145,2025-02-06,16,13,3,2394,,,,,,,
1087760,146,2025-02-13,19,17,2,2413,,,,,,,
1087760,147,2025-02-20,18,13,5,2431,,,,,,,
1087760,148,2025-02-27,26,24,2,2457,,,,,,,
1087760,149,2025-03-06,29,24,5,2486,,,,,,,
1087760,150,2025-03-13,27,26,1,2513,,,,,,,
1087760,151,2025-03-20,23,18,5,2536,,,,,,,
1087760,152,2025-03-27,15,14,1,2551,,,,,,,
1087760,153,2025-04-04,12,10,2,2563,,,,,,,
1087760,154,2025-04-11,18,16,2,2581,,,,,,,
1087760,155,2025-04-18,47,39,8,2628,,,,,,,
1087760,156,2025-04-25,31,28,3,2659,,,,,,,
1087760,157,2025-05-02,16,15,1,2675,,,,,,,
1087760,158,2025-05-09,13,9,4,2688,,,,,,,
1087760,159,2025-05-16,24,23,1,2712,,,,,,,
1087760,160,2025-05-23,14,13,1,2726,,,,,,,
1087760,161,2025-05-30,31,28,3,2757,,,,,,,
1087760,162,2025-06-06,31,26,5,2788,,,,,,,
1087760,163,2025-06-13,24,19,5,2812,,,,,,,
1087760,164,2025-06-20,22,20,2,2834,,,,,,,
1087760,165,2025-06-27,23,18,5,2857,,,,,,,
1087760,166,2025-07-04,17,16,1,2874,,,,,,,
1087760,167,2025-07-11,128,114,14,3002,,,,,,,
1087760,168,2025-07-18,214,179,35,3216,,,,,,,
1087760,169,2025-07-25,169,143,26,3385,,,,,,,
1087760,170,2025-08-01,86,77,9,3471,,,,,,,
1087760,171,2025-08-08,62,53,9,3533,,,,,,,
1087760,172,2025-08-15,49,39,10,3582,,,,,,,
1087760,173,2025-08-22,55,48,7,3637,,,,,,,
1087760,174,2025-08-29,52,46,6,3689,,,,,,,
1087760,175,2025-09-05,69,59,10,3758,,,,,,,
1087760,176,2025-09-12,42,40,2,3800,,,,,,,
1087760,177,2025-09-19,32,27,5,3832,,,,,,,
1087760,178,2025-09-26,21,18,3,3853,,,,,,,
1087760,179,2025-10-03,42,36,6,3895,,,,,,,
1087760,180,2025-10-10,71,61,10,3966,,,,,,,
1087760,181,2025-10-17,71,64,7,4037,,,,,,,
1087760,182,2025-10-24,61,50,11,4098,,,,,,,
1087760,183,2025-10-30,45,42,3,4143,,,,,,,
1087760,184,2025-11-06,25,22,3,4168,,,,,,,
1087760,185,2025-11-13,36,30,6,4204,,,,,,,
1087760,186,2025-11-20,24,20,4,4228,,,,,,,
1087760,187,2025-11-27,81,73,8,4309,,,,,,,
1087760,188,2025-12-04,98,89,9,4407,,,,,,,
1087760,189,2025-12-11,85,73,12,4492,,,,,,,
1087760,190,2025-12-18,80,71,9,4572,,,,,,,
1087760,191,2025-12-25,69,66,3,4641,,,,,,,
1087760,192,2026-01-01,67,60,7,4708,,,,,,,
1087760,193,2026-01-08,56,47,9,4764,,,,,,,
1087760,194,2026-01-15,90,77,13,4854,,,,,,,
1087760,195,2026-01-22,89,80,9,4943,,,,,,,
1087760,196,2026-01-29,59,51,8,5002,,,,,,,
1087760,197,2026-02-05,47,39,8,5049,,,,,,,
1087760,198,2026-02-12,51,44,7,5100,,,,,,,
1087760,199,2026-02-19,24,18,6,5124,,,,,,,
1087760,200,2026-02-26,55,48,7,5179,,,,,,,
1087760,201,2026-03-05,72,65,7,5251,,,,,,,
1087760,202,2026-03-12,54,52,2,5305,,,,,,,
1087760,203,2026-03-19,53,46,7,5358,,,,,,,
1087760,204,2026-03-26,54,45,9,5412,,,,,,,
1087760,205,2026-04-03,37,30,7,5449,,,,,,,
1087760,206,2026-04-10,43,38,5,5492,,,,,,,
1087760,207,2026-04-17,48,43,5,5540,,,,,,,
1087760,208,2026-04-24,37,30,7,5577,,,,,,,
1087760,209,2026-05-01,27,19,8,5604,,,,,,,
1087760,210,2026-05-08,30,24,6,5634,,,,,,,
1087760,211,2026-05-15,20,18,2,5654,,,,,,,
1087760,212,2026-05-22,21,17,4,5675,,,,,,,
1087760,213,2026-05-29,23,21,2,5698,,,,,,,
1087760,214,2026-06-05,28,24,4,5726,,,,,,,
1087760,215,2026-06-12,28,26,2,5754,,,,,,,
1087760,216,2026-06-19,12,8,4,5766,,,,,,,
1087760,217,2026-06-26,27,23,4,5793,,,,,,,
1087760,218,2026-07-03,23,20,3,5816,,,,,,,
1087760,219,2026-07-10,23,20,3,5839,,,,,,,
1087760,220,2026-07-17,32,30,2,5871,,,,,,,
1087760,221,2026-07-24,26,25,1,5897,,,,,,,
1087760,222,2026-07-31,18,16,2,5915,,,,,,,
1087760,223,2026-08-07,8,6,2,5923,,,,,,,
548430,-115,2018-02-27,1186,1116,70,1186,,,,,,,
548430,-114,2018-03-06,317,301,16,1503,,,,,,,
548430,-113,2018-03-13,164,152,12,1667,,,,,,,
548430,-112,2018-03-20,108,100,8,1775,,,,,,,
548430,-111,2018-03-28,79,75,4,1854,,,,,,,
548430,-110,2018-04-04,85,78,7,1939,,,,,,,
548430,-109,2018-04-11,167,159,8,2106,,,,,,,
548430,-108,2018-04-18,106,95,11,2212,,,,,,,
548430,-107,2018-04-25,146,139,7,2358,,,,,,,
548430,-106,2018-05-02,85,79,6,2443,,,,,,,
548430,-105,2018-05-09,337,300,37,2780,,,,,,,
548430,-104,2018-05-16,146,138,8,2926,,,,,,,
548430,-103,2018-05-23,85,77,8,3011,,,,,,,
548430,-102,2018-05-30,51,47,4,3062,,,,,,,
548430,-101,2018-06-06,52,49,3,3114,,,,,,,
548430,-100,2018-06-13,83,81,2,3197,,,,,,,
548430,-99,2018-06-20,178,164,14,3375,,,,,,,
548430,-98,2018-06-27,185,164,21,3560,,,,,,,
548430,-97,2018-07-04,148,136,12,3708,,,,,,,
548430,-96,2018-07-11,81,77,4,3789,,,,,,,
548430,-95,2018-07-18,64,60,4,3853,,,,,,,
548430,-94,2018-07-25,59,55,4,3912,,,,,,,
548430,-93,2018-08-01,48,48,0,3960,,,,,,,
548430,-92,2018-08-08,41,39,2,4001,,,,,,,
548430,-91,2018-08-15,26,25,1,4027,,,,,,,
548430,-90,2018-08-22,34,34,0,4061,,,,,,,
548430,-89,2018-08-29,58,54,4,4119,,,,,,,
548430,-88,2018-09-05,169,159,10,4288,,,,,,,
548430,-87,2018-09-12,61,59,2,4349,,,,,,,
548430,-86,2018-09-19,80,78,2,4429,,,,,,,
548430,-85,2018-09-26,93,90,3,4522,,,,,,,
548430,-84,2018-10-03,106,99,7,4628,,,,,,,
548430,-83,2018-10-10,93,88,5,4721,,,,,,,
548430,-82,2018-10-17,64,63,1,4785,,,,,,,
548430,-81,2018-10-24,60,53,7,4845,,,,,,,
548430,-80,2018-10-30,76,74,2,4921,,,,,,,
548430,-79,2018-11-06,49,47,2,4970,,,,,,,
548430,-78,2018-11-13,81,76,5,5051,,,,,,,
548430,-77,2018-11-20,1294,1276,18,6345,,,,,,,
548430,-76,2018-11-27,202,197,5,6547,,,,,,,
548430,-75,2018-12-04,122,121,1,6669,,,,,,,
548430,-74,2018-12-11,82,79,3,6751,,,,,,,
548430,-73,2018-12-18,205,194,11,6956,,,,,,,
548430,-72,2018-12-25,266,252,14,7222,,,,,,,
548430,-71,2019-01-01,206,198,8,7428,,,,,,,
548430,-70,2019-01-08,137,128,9,7565,,,,,,,
548430,-69,2019-01-15,113,111,2,7678,,,,,,,
548430,-68,2019-01-22,103,99,4,7781,,,,,,,
548430,-67,2019-01-29,70,64,6,7851,,,,,,,
548430,-66,2019-02-05,192,183,9,8043,,,,,,,
548430,-65,2019-02-12,91,86,5,8134,,,,,,,
548430,-64,2019-02-19,81,76,5,8215,,,,,,,
548430,-63,2019-02-26,992,855,137,9207,,,,,,,
548430,-62,2019-03-05,249,235,14,9456,,,,,,,
548430,-61,2019-03-12,111,106,5,9567,,,,,,,
548430,-60,2019-03-19,165,159,6,9732,,,,,,,
548430,-59,2019-03-26,127,122,5,9859,,,,,,,
548430,-58,2019-04-03,84,82,2,9943,,,,,,,
548430,-57,2019-04-10,77,71,6,10020,,,,,,,
548430,-56,2019-04-17,70,63,7,10090,,,,,,,
548430,-55,2019-04-24,55,51,4,10145,,,,,,,
548430,-54,2019-05-01,42,39,3,10187,,,,,,,
548430,-53,2019-05-08,34,31,3,10221,,,,,,,
548430,-52,2019-05-15,91,91,0,10312,,,,,,,
548430,-51,2019-05-22,212,202,10,10524,,,,,,,
548430,-50,2019-05-29,141,132,9,10665,,,,,,,
548430,-49,2019-06-05,76,70,6,10741,,,,,,,
548430,-48,2019-06-12,70,65,5,10811,,,,,,,
548430,-47,2019-06-19,67,61,6,10878,,,,,,,
548430,-46,2019-06-26,3412,3389,23,14290,,,,,,,
548430,-45,2019-07-03,1170,1145,25,15460,,,,,,,
548430,-44,2019-07-10,137,128,9,15597,,,,,,,
548430,-43,2019-07-17,89,82,7,15686,,,,,,,
548430,-42,2019-07-24,55,53,2,15741,,,,,,,
548430,-41,2019-07-31,53,49,4,15794,,,,,,,
548430,-40,2019-08-07,46,42,4,15840,,,,,,,
548430,-39,2019-08-14,32,29,3,15872,,,,,,,
548430,-38,2019-08-21,46,44,2,15918,,,,,,,
548430,-37,2019-08-28,42,40,2,15960,,,,,,,
548430,-36,2019-09-04,44,42,2,16004,,,,,,,
548430,-35,2019-09-11,640,564,76,16644,,,,,,,
548430,-34,2019-09-18,195,175,20,16839,,,,,,,
548430,-33,2019-09-25,223,217,6,17062,,,,,,,
548430,-32,2019-10-02,129,119,10,17191,,,,,,,
548430,-31,2019-10-09,89,85,4,17280,,,,,,,
548430,-30,2019-10-16,75,74,1,17355,,,,,,,
548430,-29,2019-10-23,200,193,7,17555,,,,,,,
548430,-28,2019-10-29,661,659,2,18216,,,,,,,
548430,-27,2019-11-05,369,367,2,18585,,,,,,,
548430,-26,2019-11-12,286,284,2,18871,,,,,,,
548430,-25,2019-11-19,718,710,8,19589,,,,,,,
548430,-24,2019-11-26,2285,2269,16,21874,,,,,,,
548430,-23,2019-12-03,415,408,7,22289,,,,,,,
548430,-22,2019-12-10,341,336,5,22630,,,,,,,
548430,-21,2019-12-17,432,425,7,23062,,,,,,,
548430,-20,2019-12-24,529,521,8,23591,,,,,,,
548430,-19,2019-12-31,514,503,11,24105,,,,,,,
548430,-18,2020-01-07,299,295,4,24404,,,,,,,
548430,-17,2020-01-14,265,259,6,24669,,,,,,,
548430,-16,2020-01-21,368,359,9,25037,,,,,,,
548430,-15,2020-01-28,534,518,16,25571,,,,,,,
548430,-14,2020-02-04,366,352,14,25937,,,,,,,
548430,-13,2020-02-11,337,332,5,26274,,,,,,,
548430,-12,2020-02-18,302,297,5,26576,,,,,,,
548430,-11,2020-02-25,1941,1814,127,28517,,,,,,,
548430,-10,2020-03-03,1277,1235,42,29794,,,,,,,
548430,-9,2020-03-10,947,917,30,30741,,,,,,,
548430,-8,2020-03-17,554,542,12,31295,,,,,,,
548430,-7,2020-03-24,718,705,13,32013,,,,,,,
548430,-6,2020-04-01,546,538,8,32559,,,,,,,
548430,-5,2020-04-08,427,418,9,32986,,,,,,,
548430,-4,2020-04-15,370,358,12,33356,,,,,,,
548430,-3,2020-04-22,334,327,7,33690,,,,,,,
548430,-2,2020-04-29,525,517,8,34215,,,,,,,
548430,-1,2020-05-06,537,526,11,34752,,,,,,,
548430,0,2020-05-13,2006,1942,64,36758,,,,,,,
548430,1,2020-05-20,1239,1204,35,37997,,,,,,,
548430,2,2020-05-27,1022,995,27,39019,,,,,,,
548430,3,2020-06-03,818,799,19,39837,,,,,,,
548430,4,2020-06-10,745,730,15,40582,,,,,,,
548430,5,2020-06-17,579,556,23,41161,,,,,,,
548430,6,2020-06-24,1011,983,28,42172,,,,,,,
548430,7,2020-07-01,1000,980,20,43172,,,,,,,
548430,8,2020-07-08,802,781,21,43974,,,,,,,
548430,9,2020-07-15,503,488,15,44477,,,,,,,
548430,10,2020-07-22,485,475,10,44962,,,,,,,
548430,11,2020-07-29,401,386,15,45363,,,,,,,
548430,12,2020-08-05,405,384,21,45768,,,,,,,
548430,13,2020-08-12,334,327,7,46102,,,,,,,
548430,14,2020-08-19,320,310,10,46422,,,,,,,
548430,15,2020-08-26,295,293,2,46717,,,,,,,
548430,16,2020-09-02,269,262,7,46986,,,,,,,
548430,17,2020-09-09,672,655,17,47658,,,,,,,
548430,18,2020-09-16,715,696,19,48373,,,,,,,
548430,19,2020-09-23,736,723,13,49109,,,,,,,
548430,20,2020-09-30,551,541,10,49660,,,,,,,
548430,21,2020-10-07,431,421,10,50091,,,,,,,
548430,22,2020-10-14,389,383,6,50480,,,,,,,
548430,23,2020-10-21,789,772,17,51269,,,,,,,
548430,24,2020-10-27,734,717,17,52003,,,,,,,
548430,25,2020-11-03,587,575,12,52590,,,,,,,
548430,26,2020-11-10,458,449,9,53048,,,,,,,
548430,27,2020-11-17,387,381,6,53435,,,,,,,
548430,28,2020-11-24,9575,9517,58,63010,,,,,,,
548430,29,2020-12-01,758,734,24,63768,,,,,,,
548430,30,2020-12-08,526,517,9,64294,,,,,,,
548430,31,2020-12-15,473,462,11,64767,,,,,,,
548430,32,2020-12-22,1038,1019,19,65805,,,,,,,
548430,33,2020-12-29,1168,1145,23,66973,,,,,,,
548430,34,2021-01-05,872,857,15,67845,,,,,,,
548430,35,2021-01-12,688,675,13,68533,,,,,,,
548430,36,2021-01-19,591,581,10,69124,,,,,,,
548430,37,2021-01-26,652,640,12,69776,,,,,,,
548430,38,2021-02-02,978,963,15,70754,,,,,,,
548430,39,2021-02-09,1021,997,24,71775,,,,,,,
548430,40,2021-02-16,737,720,17,72512,,,,,,,
548430,41,2021-02-23,2688,2548,140,75200,,,,,,,
548430,42,2021-03-02,1611,1558,53,76811,,,,,,,
548430,43,2021-03-09,1395,1347,48,78206,,,,,,,
548430,44,2021-03-16,846,825,21,79052,,,,,,,
548430,45,2021-03-23,590,575,15,79642,,,,,,,
548430,46,2021-03-31,489,479,10,80131,,,,,,,
548430,47,2021-04-07,481,466,15,80612,,,,,,,
548430,48,2021-04-14,380,369,11,80992,,,,,,,
548430,49,2021-04-21,463,448,15,81455,,,,,,,
548430,50,2021-04-28,383,369,14,81838,,,,,,,
548430,51,2021-05-05,390,375,15,82228,,,,,,,
548430,52,2021-05-12,838,811,27,83066,,,,,,,
548430,53,2021-05-19,881,850,31,83947,,,,,,,
548430,54,2021-05-26,622,598,24,84569,,,,,,,
548430,55,2021-06-02,480,465,15,85049,,,,,,,
548430,56,2021-06-09,374,366,8,85423,,,,,,,
548430,57,2021-06-16,349,340,9,85772,,,,,,,
548430,58,2021-06-23,1170,1132,38,86942,,,,,,,
548430,59,2021-06-30,1112,1074,38,88054,,,,,,,
548430,60,2021-07-07,874,848,26,88928,,,,,,,
548430,61,2021-07-14,586,570,16,89514,,,,,,,
548430,62,2021-07-21,460,451,9,89974,,,,,,,
548430,63,2021-07-28,452,441,11,90426,,,,,,,
548430,64,2021-08-04,405,395,10,90831,,,,,,,
548430,65,2021-08-11,383,375,8,91214,,,,,,,
548430,66,2021-08-18,368,357,11,91582,,,,,,,
548430,67,2021-08-25,405,393,12,91987,,,,,,,
548430,68,2021-09-01,418,407,11,92405,,,,,,,
548430,69,2021-09-08,384,368,16,92789,,,,,,,
548430,70,2021-09-15,701,661,40,93490,,,,,,,
548430,71,2021-09-22,433,424,9,93923,,,,,,,
548430,72,2021-09-29,373,359,14,94296,,,,,,,
548430,73,2021-10-06,335,330,5,94631,,,,,,,
548430,74,2021-10-13,316,301,15,94947,,,,,,,
548430,75,2021-10-20,482,472,10,95429,,,,,,,
548430,76,2021-10-27,754,745,9,96183,,,,,,,
548430,77,2021-11-02,2205,2136,69,98388,,,,,,,
548430,78,2021-11-09,2113,2056,57,100501,,,,,,,
548430,79,2021-11-16,1378,1299,79,101879,,,,,,,
548430,80,2021-11-23,5073,5012,61,106952,,,,,,,
548430,81,2021-11-30,1314,1272,42,108266,,,,,,,
548430,82,2021-12-07,779,754,25,109045,,,,,,,
548430,83,2021-12-14,639,619,20,109684,,,,,,,
548430,84,2021-12-21,949,915,34,110633,,,,,,,
548430,85,2021-12-28,1169,1139,30,111802,,,,,,,
548430,86,2022-01-04,1023,996,27,112825,,,,,,,
548430,87,2022-01-11,838,815,23,113663,,,,,,,
548430,88,2022-01-18,773,753,20,114436,,,,,,,
548430,89,2022-01-25,1106,1072,34,115542,,,,,,,
548430,90,2022-02-01,1021,988,33,116563,,,,,,,
548430,91,2022-02-08,706,687,19,117269,,,,,,,
548430,92,2022-02-15,572,556,16,117841,,,,,,,
548430,93,2022-02-22,1595,1520,75,119436,,,,,,,
548430,94,2022-03-01,1139,1107,32,120575,,,,,,,
548430,95,2022-03-08,753,734,19,121328,,,,,,,
548430,96,2022-03-15,512,499,13,121840,,,,,,,
548430,97,2022-03-22,535,520,15,122375,,,,,,,
548430,98,2022-03-30,466,456,10,122841,,,,,,,
548430,99,2022-04-06,532,513,19,123373,,,,,,,
548430,100,2022-04-13,576,566,10,123949,,,,,,,
548430,101,2022-04-20,531,521,10,124480,,,,,,,
548430,102,2022-04-27,1363,1293,70,125843,,,,,,,
548430,103,2022-05-04,1235,1174,61,127078,,,,,,,
548430,104,2022-05-11,774,733,41,127852,,,,,,,
548430,105,2022-05-18,639,605,34,128491,,,,,,,
548430,106,2022-05-25,506,481,25,128997,,,,,,,
548430,107,2022-06-01,528,506,22,129525,,,,,,,
548430,108,2022-06-08,948,905,43,130473,,,,,,,
548430,109,2022-06-15,1584,1527,57,132057,,,,,,,
548430,110,2022-06-22,1753,1681,72,133810,,,,,,,
548430,111,2022-06-29,1414,1355,59,135224,,,,,,,
548430,112,2022-07-06,1251,1206,45,136475,,,,,,,
548430,113,2022-07-13,848,813,35,137323,,,,,,,
548430,114,2022-07-20,663,642,21,137986,,,,,,,
548430,115,2022-07-27,630,610,20,138616,,,,,,,
548430,116,2022-08-03,679,654,25,139295,,,,,,,
548430,117,2022-08-10,705,675,30,140000,,,,,,,
548430,118,2022-08-17,539,509,30,140539,,,,,,,
548430,119,2022-08-24,525,506,19,141064,,,,,,,
548430,120,2022-08-31,521,510,11,141585,,,,,,,
548430,121,2022-09-07,502,492,10,142087,,,,,,,
548430,122,2022-09-14,746,725,21,142833,,,,,,,
548430,123,2022-09-21,792,763,29,143625,,,,,,,
548430,124,2022-09-28,722,704,18,144347,,,,,,,
548430,125,2022-10-05,675,655,20,145022,,,,,,,
548430,126,2022-10-12,492,481,11,145514,,,,,,,
548430,127,2022-10-19,549,523,26,146063,,,,,,,
548430,128,2022-10-26,631,617,14,146694,,,,,,,
548430,129,2022-11-01,3035,2933,102,149729,,,,,,,
548430,130,2022-11-08,2695,2604,91,152424,,,,,,,
548430,131,2022-11-15,2400,2349,51,154824,,,,,,,
548430,132,2022-11-22,9134,9049,85,163958,,,,,,,
548430,133,2022-11-29,1347,1318,29,165305,,,,,,,
548430,134,2022-12-06,1038,1010,28,166343,,,,,,,
548430,135,2022-12-13,1296,1249,47,167639,,,,,,,
548430,136,2022-12-20,2156,2097,59,169795,,,,,,,
548430,137,2022-12-27,2155,2096,59,171950,,,,,,,
548430,138,2023-01-03,1906,1857,49,173856,,,,,,,
548430,139,2023-01-10,1408,1378,30,175264,,,,,,,
548430,140,2023-01-17,1258,1212,46,176522,,,,,,,
548430,141,2023-01-24,1769,1710,59,178291,,,,,,,
548430,142,2023-01-31,1458,1426,32,179749,,,,,,,
548430,143,2023-02-07,1028,1005,23,180777,,,,,,,
548430,144,2023-02-14,1105,1079,26,181882,,,,,,,
548430,145,2023-02-21,1176,1145,31,183058,,,,,,,
548430,146,2023-02-28,2329,2264,65,185387,,,,,,,
548430,147,2023-03-07,2365,2300,65,187752,,,,,,,
548430,148,2023-03-14,2453,2400,53,190205,,,,,,,
548430,149,2023-03-21,2019,1974,45,192224,,,,,,,
548430,150,2023-03-29,1427,1390,37,193651,,,,,,,
548430,151,2023-04-05,1189,1156,33,194840,,,,,,,
548430,152,2023-04-12,893,874,19,195733,,,,,,,
548430,153,2023-04-19,1363,1330,33,197096,,,,,,,
548430,154,2023-04-26,1708,1668,40,198804,,,,,,,
548430,155,2023-05-03,1474,1436,38,200278,,,,,,,
548430,156,2023-05-10,1104,1080,24,201382,,,,,,,
548430,157,2023-05-17,1045,1021,24,202427,,,,,,,
548430,158,2023-05-24,963,937,26,203390,,,,,,,
548430,159,2023-05-31,1097,1069,28,204487,,,,,,,
548430,160,2023-06-07,869,845,24,205356,,,,,,,
548430,161,2023-06-14,2186,2114,72,207542,,,,,,,
548430,162,2023-06-21,2593,2500,93,210135,,,,,,,
548430,163,2023-06-28,2660,2583,77,212795,,,,,,,
548430,164,2023-07-05,2410,2341,69,215205,,,,,,,
548430,165,2023-07-12,1977,1920,57,217182,,,,,,,
548430,166,2023-07-19,1491,1448,43,218673,,,,,,,
548430,167,2023-07-26,1157,1127,30,219830,,,,,,,
548430,168,2023-08-02,1526,1489,37,221356,,,,,,,
548430,169,2023-08-09,2223,2159,64,223579,,,,,,,
548430,170,2023-08-16,1624,1585,39,225203,,,,,,,
548430,171,2023-08-23,1202,1163,39,226405,,,,,,,
548430,172,2023-08-30,1051,1026,25,227456,,,,,,,
548430,173,2023-09-06,1049,1024,25,228505,,,,,,,
548430,174,2023-09-13,1128,1105,23,229633,,,,,,,
548430,175,2023-09-20,1683,1647,36,231316,,,,,,,
548430,176,2023-09-27,1673,1632,41,232989,,,,,,,
548430,177,2023-10-04,1336,1261,75,234325,,,,,,,
548430,178,2023-10-11,840,816,24,235165,,,,,,,
548430,179,2023-10-18,792,764,28,235957,,,,,,,
548430,180,2023-10-25,800,774,26,236757,,,,,,,
548430,181,2023-10-31,1268,1236,32,238025,,,,,,,
548430,182,2023-11-07,1469,1418,51,239494,,,,,,,
548430,183,2023-11-14,2205,2165,40,241699,,,,,,,
548430,184,2023-11-21,10977,10892,85,252676,,,,,,,
548430,185,2023-11-28,1214,1179,35,253890,,,,,,,
548430,186,2023-12-05,809,776,33,254699,,,,,,,
548430,187,2023-12-12,1197,1159,38,255896,,,,,,,
548430,188,2023-12-19,1625,1564,61,257521,,,,,,,
548430,189,2023-12-26,1677,1619,58,259198,,,,,,,
548430,190,2024-01-02,1590,1544,46,260788,,,,,,,
548430,191,2024-01-09,1129,1101,28,261917,,,,,,,
548430,192,2024-01-16,986,957,29,262903,,,,,,,
548430,193,2024-01-23,1208,1178,30,264111,,,,,,,
548430,194,2024-01-30,1070,1051,19,265181,,,,,,,
548430,195,2024-02-06,836,805,31,266017,,,,,,,
548430,196,2024-02-13,1097,1050,47,267114,,,,,,,
548430,197,2024-02-20,927,897,30,268041,,,,,,,
548430,198,2024-02-27,1581,1537,44,269622,,,,,,,
548430,199,2024-03-05,1778,1717,61,271400,,,,,,,
548430,200,2024-03-12,1348,1308,40,272748,,,,,,,
548430,201,2024-03-19,1141,1115,26,273889,,,,,,,
548430,202,2024-03-26,934,918,16,274823,,,,,,,
548430,203,2024-04-03,694,678,16,275517,,,,,,,
548430,204,2024-04-10,976,937,39,276493,,,,,,,
548430,205,2024-04-17,1085,1050,35,277578,,,,,,,
548430,206,2024-04-24,891,875,16,278469,,,,,,,
548430,207,2024-05-01,1544,1519,25,280013,,,,,,,
548430,208,2024-05-08,737,719,18,280750,,,,,,,
548430,209,2024-05-15,738,722,16,281488,,,,,,,
548430,210,2024-05-22,651,634,17,282139,,,,,,,
548430,211,2024-05-29,708,689,19,282847,,,,,,,
548430,212,2024-06-05,871,849,22,283718,,,,,,,
548430,213,2024-06-12,3329,3223,106,287047,,,,,,,
548430,214,2024-06-19,2404,2333,71,289451,,,,,,,
548430,215,2024-06-26,1981,1931,50,291432,,,,,,,
548430,216,2024-07-03,1696,1644,52,293128,,,,,,,
548430,217,2024-07-10,1286,1256,30,294414,,,,,,,
548430,218,2024-07-17,875,852,23,295289,,,,,,,
548430,219,2024-07-24,808,781,27,296097,,,,,,,
548430,220,2024-07-31,1097,1060,37,297194,,,,,,,
548430,221,2024-08-07,1333,1293,40,298527,,,,,,,
548430,222,2024-08-14,1135,1107,28,299662,,,,,,,
548430,223,2024-08-21,869,840,29,300531,,,,,,,
548430,224,2024-08-28,699,675,24,301230,,,,,,,
548430,225,2024-09-04,633,617,16,301863,,,,,,,
548430,226,2024-09-11,823,804,19,302686,,,,,,,
548430,227,2024-09-18,1112,1081,31,303798,,,,,,,
548430,228,2024-09-25,1037,1011,26,304835,,,,,,,
548430,229,2024-10-02,789,762,27,305624,,,,,,,
548430,230,2024-10-09,682,671,11,306306,,,,,,,
548430,231,2024-10-16,643,625,18,306949,,,,,,,
548430,232,2024-10-23,634,607,27,307583,,,,,,,
548430,233,2024-10-29,837,819,18,308420,,,,,,,
548430,234,2024-11-05,890,866,24,309310,,,,,,,
548430,235,2024-11-12,692,677,15,310002,,,,,,,
548430,236,2024-11-19,602,588,14,310604,,,,,,,
548430,237,2024-11-26,7406,7363,43,318010,,,,,,,
548430,238,2024-12-03,1317,1290,27,319327,,,,,,,
548430,239,2024-12-10,739,710,29,320066,,,,,,,
548430,240,2024-12-17,988,958,30,321054,,,,,,,
548430,241,2024-12-24,1154,1121,33,322208,,,,,,,
548430,242,2024-12-31,1011,985,26,323219,,,,,,,
548430,243,2025-01-07,742,725,17,323961,,,,,,,
548430,244,2025-01-14,613,597,16,324574,,,,,,,
548430,245,2025-01-21,576,551,25,325150,,,,,,,
548430,246,2025-01-28,758,737,21,325908,,,,,,,
548430,247,2025-02-04,1032,998,34,326940,,,,,,,
548430,248,2025-02-11,853,829,24,327793,,,,,,,
548430,249,2025-02-18,835,813,22,328628,,,,,,,
548430,250,2025-02-25,764,732,32,329392,,,,,,,
548430,251,2025-03-04,574,562,12,329966,,,,,,,
548430,252,2025-03-11,843,818,25,330809,,,,,,,
548430,253,2025-03-18,932,903,29,331741,,,,,,,
548430,254,2025-03-25,854,820,34,332595,,,,,,,
548430,255,2025-04-02,605,588,17,333200,,,,,,,
548430,256,2025-04-09,678,663,15,333878,,,,,,,
548430,257,2025-04-16,544,523,21,334422,,,,,,,
548430,258,2025-04-23,488,468,20,334910,,,,,,,
548430,259,2025-04-30,702,672,30,335612,,,,,,,
548430,260,2025-05-07,871,840,31,336483,,,,,,,
548430,261,2025-05-14,702,684,18,337185,,,,,,,
548430,262,2025-05-21,529,512,17,337714,,,,,,,
548430,263,2025-05-28,531,510,21,338245,,,,,,,
548430,264,2025-06-04,508,493,15,338753,,,,,,,
548430,265,2025-06-11,673,646,27,339426,,,,,,,
548430,266,2025-06-18,852,828,24,340278,,,,,,,
548430,267,2025-06-25,943,914,29,341221,,,,,,,
548430,268,2025-07-02,857,829,28,342078,,,,,,,
548430,269,2025-07-09,743,717,26,342821,,,,,,,
548430,270,2025-07-16,508,487,21,343329,,,,,,,
548430,271,2025-07-23,628,603,25,343957,,,,,,,
548430,272,2025-07-30,837,801,36,344794,,,,,,,
548430,273,2025-08-06,818,788,30,345612,,,,,,,
548430,274,2025-08-13,608,578,30,346220,,,,,,,
548430,275,2025-08-20,484,462,22,346704,,,,,,,
548430,276,2025-08-27,505,485,20,347209,,,,,,,
548430,277,2025-09-03,471,447,24,347680,,,,,,,
548430,278,2025-09-10,652,635,17,348332,,,,,,,
548430,279,2025-09-17,718,688,30,349050,,,,,,,
548430,280,2025-09-24,540,527,13,349590,,,,,,,
548430,281,2025-10-01,724,690,34,350314,,,,,,,
548430,282,2025-10-08,534,513,21,350848,,,,,,,
548430,283,2025-10-15,422,403,19,351270,,,,,,,
548430,284,2025-10-22,644,615,29,351914,,,,,,,
548430,285,2025-10-28,689,668,21,352603,,,,,,,
548430,286,2025-11-04,582,558,24,353185,,,,,,,
548430,287,2025-11-11,465,451,14,353650,,,,,,,
548430,288,2025-11-18,1938,1928,10,355588,,,,,,,
548430,289,2025-11-25,2759,2746,13,358347,,,,,,,
548430,290,2025-12-02,518,504,14,358865,,,,,,,
548430,291,2025-12-09,603,578,25,359468,,,,,,,
548430,292,2025-12-16,796,771,25,360264,,,,,,,
548430,293,2025-12-23,758,726,32,361022,,,,,,,
548430,294,2025-12-30,830,796,34,361852,,,,,,,
548430,295,2026-01-06,641,622,19,362493,,,,,,,
548430,296,2026-01-13,589,573,16,363082,,,,,,,
548430,297,2026-01-20,858,831,27,363940,,,,,,,
548430,298,2026-01-27,1777,1641,136,365717,,,,,,,
548430,299,2026-02-03,989,939,50,366706,,,,,,,
548430,300,2026-02-10,694,659,35,367400,,,,,,,
548430,301,2026-02-17,630,586,44,368030,,,,,,,
548430,302,2026-02-24,493,477,16,368523,,,,,,,
548430,303,2026-03-03,686,657,29,369209,,,,,,,
548430,304,2026-03-10,756,719,37,369965,,,,,,,
548430,305,2026-03-17,749,718,31,370714,,,,,,,
548430,306,2026-03-24,578,555,23,371292,,,,,,,
548430,307,2026-04-01,471,460,11,371763,,,,,,,
548430,308,2026-04-08,368,349,19,372131,,,,,,,
548430,309,2026-04-15,338,328,10,372469,,,,,,,
548430,310,2026-04-22,354,341,13,372823,,,,,,,
548430,311,2026-04-29,370,352,18,373193,,,,,,,
548430,312,2026-05-06,580,558,22,373773,,,,,,,
548430,313,2026-05-13,647,621,26,374420,,,,,,,
548430,314,2026-05-20,617,573,44,375037,,,,,,,
548430,315,2026-05-27,397,372,25,375434,,,,,,,
548430,316,2026-06-03,345,326,19,375779,,,,,,,
548430,317,2026-06-10,302,283,19,376081,,,,,,,
548430,318,2026-06-17,328,311,17,376409,,,,,,,
548430,319,2026-06-24,444,414,30,376853,,,,,,,
548430,320,2026-07-01,394,364,30,377247,,,,,,,
548430,321,2026-07-08,347,324,23,377594,,,,,,,
548430,322,2026-07-15,289,273,16,377883,,,,,,,
548430,323,2026-07-22,314,300,14,378197,,,,,,,
548430,324,2026-07-29,357,336,21,378554,,,,,,,
548430,325,2026-08-05,281,266,15,378835,,,,,,,
105600,0,2011-05-16,272,268,4,272,,,,,,,
105600,1,2011-05-23,250,248,2,522,,,,,,,
105600,2,2011-05-30,195,195,0,717,,,,,,,
105600,3,2011-06-06,154,153,1,871,,,,,,,
105600,4,2011-06-13,120,118,2,991,,,,,,,
105600,5,2011-06-20,132,131,1,1123,,,,,,,
105600,6,2011-06-27,444,443,1,1567,,,,,,,
105600,7,2011-07-04,717,711,6,2284,,,,,,,
105600,8,2011-07-11,286,285,1,2570,,,,,,,
105600,9,2011-07-18,126,124,2,2696,,,,,,,
105600,10,2011-07-25,89,87,2,2785,,,,,,,
105600,11,2011-08-01,77,75,2,2862,,,,,,,
105600,12,2011-08-08,230,228,2,3092,,,,,,,
105600,13,2011-08-15,151,151,0,3243,,,,,,,
105600,14,2011-08-22,101,101,0,3344,,,,,,,
105600,15,2011-08-29,73,72,1,3417,,,,,,,
105600,16,2011-09-05,63,63,0,3480,,,,,,,
105600,17,2011-09-12,70,70,0,3550,,,,,,,
105600,18,2011-09-19,46,45,1,3596,,,,,,,
105600,19,2011-09-26,49,48,1,3645,,,,,,,
105600,20,2011-10-03,53,53,0,3698,,,,,,,
105600,21,2011-10-10,54,54,0,3752,,,,,,,
105600,22,2011-10-17,44,44,0,3796,,,,,,,
105600,23,2011-10-24,40,40,0,3836,,,,,,,
105600,24,2011-10-30,83,83,0,3919,,,,,,,
105600,25,2011-11-06,46,46,0,3965,,,,,,,
105600,26,2011-11-13,36,36,0,4001,,,,,,,
105600,27,2011-11-20,68,67,1,4069,,,,,,,
105600,28,2011-11-27,280,278,2,4349,,,,,,,
105600,29,2011-12-04,183,182,1,4532,,,,,,,
105600,30,2011-12-11,174,174,0,4706,,,,,,,
105600,31,2011-12-18,199,195,4,4905,,,,,,,
105600,32,2011-12-25,2095,2084,11,7000,,,,,,,
105600,33,2012-01-01,293,288,5,7293,,,,,,,
105600,34,2012-01-08,122,122,0,7415,,,,,,,
105600,35,2012-01-15,120,116,4,7535,,,,,,,
105600,36,2012-01-22,111,111,0,7646,,,,,,,
105600,37,2012-01-29,89,86,3,7735,,,,,,,
105600,38,2012-02-05,76,75,1,7811,,,,,,,
105600,39,2012-02-12,64,63,1,7875,,,,,,,
105600,40,2012-02-19,77,77,0,7952,,,,,,,
105600,41,2012-02-26,56,55,1,8008,,,,,,,
105600,42,2012-03-04,63,62,1,8071,,,,,,,
105600,43,2012-03-11,60,60,0,8131,,,,,,,
105600,44,2012-03-18,65,65,0,8196,,,,,,,
105600,45,2012-03-26,54,54,0,8250,,,,,,,
105600,46,2012-04-02,61,61,0,8311,,,,,,,
105600,47,2012-04-09,64,63,1,8375,,,,,,,
105600,48,2012-04-16,57,57,0,8432,,,,,,,
105600,49,2012-04-23,48,48,0,8480,,,,,,,
105600,50,2012-04-30,55,54,1,8535,,,,,,,
105600,51,2012-05-07,51,50,1,8586,,,,,,,
105600,52,2012-05-14,39,38,1,8625,,,,,,,
105600,53,2012-05-21,41,41,0,8666,,,,,,,
105600,54,2012-05-28,42,41,1,8708,,,,,,,
105600,55,2012-06-04,48,48,0,8756,,,,,,,
105600,56,2012-06-11,48,48,0,8804,,,,,,,
105600,57,2012-06-18,54,54,0,8858,,,,,,,
105600,58,2012-06-25,58,58,0,8916,,,,,,,
105600,59,2012-07-02,58,57,1,8974,,,,,,,
105600,60,2012-07-09,647,641,6,9621,,,,,,,
105600,61,2012-07-16,459,457,2,10080,,,,,,,
105600,62,2012-07-23,173,170,3,10253,,,,,,,
105600,63,2012-07-30,109,107,2,10362,,,,,,,
105600,64,2012-08-06,93,92,1,10455,,,,,,,
105600,65,2012-08-13,107,106,1,10562,,,,,,,
105600,66,2012-08-20,68,68,0,10630,,,,,,,
105600,67,2012-08-27,62,62,0,10692,,,,,,,
105600,68,2012-09-03,74,73,1,10766,,,,,,,
105600,69,2012-09-10,97,96,1,10863,,,,,,,
105600,70,2012-09-17,78,78,0,10941,,,,,,,
105600,71,2012-09-24,58,55,3,10999,,,,,,,
105600,72,2012-10-01,64,64,0,11063,,,,,,,
105600,73,2012-10-08,61,60,1,11124,,,,,,,
105600,74,2012-10-15,65,64,1,11189,,,,,,,
105600,75,2012-10-22,73,73,0,11262,,,,,,,
105600,76,2012-10-28,64,64,0,11326,,,,,,,
105600,77,2012-11-04,47,47,0,11373,,,,,,,
105600,78,2012-11-11,55,55,0,11428,,,,,,,
105600,79,2012-11-18,102,100,2,11530,,,,,,,
105600,80,2012-11-25,92,91,1,11622,,,,,,,
105600,81,2012-12-02,77,76,1,11699,,,,,,,
105600,82,2012-12-09,66,64,2,11765,,,,,,,
105600,83,2012-12-16,117,117,0,11882,,,,,,,
105600,84,2012-12-23,161,157,4,12043,,,,,,,
105600,85,2012-12-30,185,181,4,12228,,,,,,,
105600,86,2013-01-06,107,107,0,12335,,,,,,,
105600,87,2013-01-13,63,62,1,12398,,,,,,,
105600,88,2013-01-20,98,98,0,12496,,,,,,,
105600,89,2013-01-27,87,87,0,12583,,,,,,,
105600,90,2013-02-03,68,66,2,12651,,,,,,,
105600,91,2013-02-10,82,81,1,12733,,,,,,,
105600,92,2013-02-17,79,79,0,12812,,,,,,,
105600,93,2013-02-24,59,59,0,12871,,,,,,,
105600,94,2013-03-03,60,60,0,12931,,,,,,,
105600,95,2013-03-10,61,59,2,12992,,,,,,,
105600,96,2013-03-17,148,148,0,13140,,,,,,,
105600,97,2013-03-24,150,149,1,13290,,,,,,,
105600,98,2013-04-01,129,129,0,13419,,,,,,,
105600,99,2013-04-08,126,124,2,13545,,,,,,,
105600,100,2013-04-15,99,98,1,13644,,,,,,,
105600,101,2013-04-22,81,79,2,13725,,,,,,,
105600,102,2013-04-29,81,80,1,13806,,,,,,,
105600,103,2013-05-06,97,96,1,13903,,,,,,,
105600,104,2013-05-13,188,186,2,14091,,,,,,,
105600,105,2013-05-20,123,121,2,14214,,,,,,,
105600,106,2013-05-27,134,128,6,14348,,,,,,,
105600,107,2013-06-03,122,122,0,14470,,,,,,,
105600,108,2013-06-10,107,107,0,14577,,,,,,,
105600,109,2013-06-17,98,98,0,14675,,,,,,,
105600,110,2013-06-24,106,105,1,14781,,,,,,,
105600,111,2013-07-01,73,72,1,14854,,,,,,,
105600,112,2013-07-08,133,133,0,14987,,,,,,,
105600,113,2013-07-15,380,377,3,15367,,,,,,,
105600,114,2013-07-22,176,176,0,15543,,,,,,,
105600,115,2013-07-29,120,120,0,15663,,,,,,,
105600,116,2013-08-05,105,103,2,15768,,,,,,,
105600,117,2013-08-12,84,84,0,15852,,,,,,,
105600,118,2013-08-19,70,69,1,15922,,,,,,,
105600,119,2013-08-26,58,56,2,15980,,,,,,,
105600,120,2013-09-02,56,55,1,16036,,,,,,,
105600,121,2013-09-09,69,69,0,16105,,,,,,,
105600,122,2013-09-16,63,63,0,16168,,,,,,,
105600,123,2013-09-23,104,102,2,16272,,,,,,,
105600,124,2013-09-30,394,388,6,16666,,,,,,,
105600,125,2013-10-07,344,343,1,17010,,,,,,,
105600,126,2013-10-14,464,462,2,17474,,,,,,,
105600,127,2013-10-21,266,264,2,17740,,,,,,,
105600,128,2013-10-27,222,221,1,17962,,,,,,,
105600,129,2013-11-03,200,197,3,18162,,,,,,,
105600,130,2013-11-10,167,166,1,18329,,,,,,,
105600,131,2013-11-17,146,145,1,18475,,,,,,,
105600,132,2013-11-24,1940,1903,37,20415,,,,,,,
105600,133,2013-12-01,1089,1071,18,21504,,,,,,,
105600,134,2013-12-08,706,692,14,22210,,,,,,,
105600,135,2013-12-15,1132,1120,12,23342,,,,,,,
105600,136,2013-12-22,1941,1892,49,25283,,,,,,,
105600,137,2013-12-29,1401,1375,26,26684,,,,,,,
105600,138,2014-01-05,722,704,18,27406,,,,,,,
105600,139,2014-01-12,595,577,18,28001,,,,,,,
105600,140,2014-01-19,592,586,6,28593,,,,,,,
105600,141,2014-01-26,444,433,11,29037,,,,,,,
105600,142,2014-02-02,355,346,9,29392,,,,,,,
105600,143,2014-02-09,584,559,25,29976,,,,,,,
105600,144,2014-02-16,487,472,15,30463,,,,,,,
105600,145,2014-02-23,363,358,5,30826,,,,,,,
105600,146,2014-03-02,396,388,8,31222,,,,,,,
105600,147,2014-03-09,335,328,7,31557,,,,,,,
105600,148,2014-03-16,370,355,15,31927,,,,,,,
105600,149,2014-03-23,270,261,9,32197,,,,,,,
105600,150,2014-03-31,283,275,8,32480,,,,,,,
105600,151,2014-04-07,295,287,8,32775,,,,,,,
105600,152,2014-04-14,279,265,14,33054,,,,,,,
105600,153,2014-04-21,302,299,3,33356,,,,,,,
105600,154,2014-04-28,249,244,5,33605,,,,,,,
105600,155,2014-05-05,552,538,14,34157,,,,,,,
105600,156,2014-05-12,595,586,9,34752,,,,,,,
105600,157,2014-05-19,401,392,9,35153,,,,,,,
105600,158,2014-05-26,364,355,9,35517,,,,,,,
105600,159,2014-06-02,369,359,10,35886,,,,,,,
105600,160,2014-06-09,351,344,7,36237,,,,,,,
105600,161,2014-06-16,2128,2086,42,38365,,,,,,,
105600,162,2014-06-23,2939,2878,61,41304,,,,,,,
105600,163,2014-06-30,1272,1240,32,42576,,,,,,,
105600,164,2014-07-07,679,657,22,43255,,,,,,,
105600,165,2014-07-14,500,492,8,43755,,,,,,,
105600,166,2014-07-21,456,442,14,44211,,,,,,,
105600,167,2014-07-28,425,419,6,44636,,,,,,,
105600,168,2014-08-04,379,371,8,45015,,,,,,,
105600,169,2014-08-11,371,360,11,45386,,,,,,,
105600,170,2014-08-18,415,403,12,45801,,,,,,,
105600,171,2014-08-25,333,317,16,46134,,,,,,,
105600,172,2014-09-01,966,941,25,47100,,,,,,,
105600,173,2014-09-08,441,427,14,47541,,,,,,,
105600,174,2014-09-15,377,370,7,47918,,,,,,,
105600,175,2014-09-22,525,516,9,48443,,,,,,,
105600,176,2014-09-29,429,423,6,48872,,,,,,,
105600,177,2014-10-06,398,389,9,49270,,,,,,,
105600,178,2014-10-13,390,378,12,49660,,,,,,,
105600,179,2014-10-20,322,314,8,49982,,,,,,,
105600,180,2014-10-26,458,448,10,50440,,,,,,,
105600,181,2014-11-02,449,436,13,50889,,,,,,,
105600,182,2014-11-09,406,401,5,51295,,,,,,,
105600,183,2014-11-16,333,321,12,51628,,,,,,,
105600,184,2014-11-23,1076,1046,30,52704,,,,,,,
105600,185,2014-11-30,769,747,22,53473,,,,,,,
105600,186,2014-12-07,555,537,18,54028,,,,,,,
105600,187,2014-12-14,748,731,17,54776,,,,,,,
105600,188,2014-12-21,1712,1651,61,56488,,,,,,,
105600,189,2014-12-28,1057,1023,34,57545,,,,,,,
105600,190,2015-01-04,649,633,16,58194,,,,,,,
105600,191,2015-01-11,543,527,16,58737,,,,,,,
105600,192,2015-01-18,532,513,19,59269,,,,,,,
105600,193,2015-01-25,468,454,14,59737,,,,,,,
105600,194,2015-02-01,405,397,8,60142,,,,,,,
105600,195,2015-02-08,396,387,9,60538,,,,,,,
105600,196,2015-02-15,607,580,27,61145,,,,,,,
105600,197,2015-02-22,427,414,13,61572,,,,,,,
105600,198,2015-03-01,334,324,10,61906,,,,,,,
105600,199,2015-03-08,405,392,13,62311,,,,,,,
105600,200,2015-03-15,381,369,12,62692,,,,,,,
105600,201,2015-03-22,348,337,11,63040,,,,,,,
105600,202,2015-03-30,399,385,14,63439,,,,,,,
105600,203,2015-04-06,406,396,10,63845,,,,,,,
105600,204,2015-04-13,396,385,11,64241,,,,,,,
105600,205,2015-04-20,343,332,11,64584,,,,,,,
105600,206,2015-04-27,347,338,9,64931,,,,,,,
105600,207,2015-05-04,403,391,12,65334,,,,,,,
105600,208,2015-05-11,411,396,15,65745,,,,,,,
105600,209,2015-05-18,384,368,16,66129,,,,,,,
105600,210,2015-05-25,441,434,7,66570,,,,,,,
105600,211,2015-06-01,458,444,14,67028,,,,,,,
105600,212,2015-06-08,664,648,16,67692,,,,,,,
105600,213,2015-06-15,1347,1292,55,69039,,,,,,,
105600,214,2015-06-22,1061,1031,30,70100,,,,,,,
105600,215,2015-06-29,2957,2865,92,73057,,,,,,,
105600,216,2015-07-06,1795,1741,54,74852,,,,,,,
105600,217,2015-07-13,1465,1432,33,76317,,,,,,,
105600,218,2015-07-20,1278,1241,37,77595,,,,,,,
105600,219,2015-07-27,1032,1007,25,78627,,,,,,,
105600,220,2015-08-03,880,856,24,79507,,,,,,,
105600,221,2015-08-10,852,834,18,80359,,,,,,,
105600,222,2015-08-17,752,730,22,81111,,,,,,,
105600,223,2015-08-24,698,675,23,81809,,,,,,,
105600,224,2015-08-31,568,554,14,82377,,,,,,,
105600,225,2015-09-07,545,528,17,82922,,,,,,,
105600,226,2015-09-14,572,554,18,83494,,,,,,,
105600,227,2015-09-21,526,509,17,84020,,,,,,,
105600,228,2015-09-28,563,540,23,84583,,,,,,,
105600,229,2015-10-05,542,526,16,85125,,,,,,,
105600,230,2015-10-12,563,547,16,85688,,,,,,,
105600,231,2015-10-19,496,484,12,86184,,,,,,,
105600,232,2015-10-25,574,565,9,86758,,,,,,,
105600,233,2015-11-01,656,640,16,87414,,,,,,,
105600,234,2015-11-08,513,497,16,87927,,,,,,,
105600,235,2015-11-15,467,454,13,88394,,,,,,,
105600,236,2015-11-22,857,833,24,89251,,,,,,,
105600,237,2015-11-29,1043,1000,43,90294,,,,,,,
105600,238,2015-12-06,751,718,33,91045,,,,,,,
105600,239,2015-12-13,669,649,20,91714,,,,,,,
105600,240,2015-12-20,1304,1268,36,93018,,,,,,,
105600,241,2015-12-27,1915,1863,52,94933,,,,,,,
105600,242,2016-01-03,1194,1166,28,96127,,,,,,,
105600,243,2016-01-10,715,691,24,96842,,,,,,,
105600,244,2016-01-17,806,784,22,97648,,,,,,,
105600,245,2016-01-24,729,711,18,98377,,,,,,,
105600,246,2016-01-31,683,667,16,99060,,,,,,,
105600,247,2016-02-07,723,700,23,99783,,,,,,,
105600,248,2016-02-14,710,695,15,100493,,,,,,,
105600,249,2016-02-21,624,611,13,101117,,,,,,,
105600,250,2016-02-28,595,573,22,101712,,,,,,,
105600,251,2016-03-06,594,579,15,102306,,,,,,,
105600,252,2016-03-13,544,531,13,102850,,,,,,,
105600,253,2016-03-20,642,627,15,103492,,,,,,,
105600,254,2016-03-28,657,637,20,104149,,,,,,,
105600,255,2016-04-04,561,554,7,104710,,,,,,,
105600,256,2016-04-11,469,457,12,105179,,,,,,,
105600,257,2016-04-18,481,466,15,105660,,,,,,,
105600,258,2016-04-25,512,496,16,106172,,,,,,,
105600,259,2016-05-02,539,525,14,106711,,,,,,,
105600,260,2016-05-09,494,476,18,107205,,,,,,,
105600,261,2016-05-16,612,597,15,107817,,,,,,,
105600,262,2016-05-23,590,573,17,108407,,,,,,,
105600,263,2016-05-30,629,602,27,109036,,,,,,,
105600,264,2016-06-06,618,599,19,109654,,,,,,,
105600,265,2016-06-13,621,604,17,110275,,,,,,,
105600,266,2016-06-20,961,941,20,111236,,,,,,,
105600,267,2016-06-27,1343,1304,39,112579,,,,,,,
105600,268,2016-07-04,922,893,29,113501,,,,,,,
105600,269,2016-07-11,658,637,21,114159,,,,,,,
105600,270,2016-07-18,680,652,28,114839,,,,,,,
105600,271,2016-07-25,613,600,13,115452,,,,,,,
105600,272,2016-08-01,534,519,15,115986,,,,,,,
105600,273,2016-08-08,590,569,21,116576,,,,,,,
105600,274,2016-08-15,530,515,15,117106,,,,,,,
105600,275,2016-08-22,532,512,20,117638,,,,,,,
105600,276,2016-08-29,465,448,17,118103,,,,,,,
105600,277,2016-09-05,507,490,17,118610,,,,,,,
105600,278,2016-09-12,416,403,13,119026,,,,,,,
105600,279,2016-09-19,393,386,7,119419,,,,,,,
105600,280,2016-09-26,418,406,12,119837,,,,,,,
105600,281,2016-10-03,411,406,5,120248,,,,,,,
105600,282,2016-10-10,396,383,13,120644,,,,,,,
105600,283,2016-10-17,369,360,9,121013,,,,,,,
105600,284,2016-10-24,384,373,11,121397,,,,,,,
105600,285,2016-10-30,465,448,17,121862,,,,,,,
105600,286,2016-11-06,449,435,14,122311,,,,,,,
105600,287,2016-11-13,863,844,19,123174,,,,,,,
105600,288,2016-11-20,12414,12352,62,135588,,,,,,,
105600,289,2016-11-27,2303,2288,15,137891,,,,,,,
105600,290,2016-12-04,576,565,11,138467,,,,,,,
105600,291,2016-12-11,505,490,15,138972,,,,,,,
105600,292,2016-12-18,1100,1074,26,140072,,,,,,,
105600,293,2016-12-25,1659,1620,39,141731,,,,,,,
105600,294,2017-01-01,979,950,29,142710,,,,,,,
105600,295,2017-01-08,672,654,18,143382,,,,,,,
105600,296,2017-01-15,729,709,20,144111,,,,,,,
105600,297,2017-01-22,584,562,22,144695,,,,,,,
105600,298,2017-01-29,622,599,23,145317,,,,,,,
105600,299,2017-02-05,591,573,18,145908,,,,,,,
105600,300,2017-02-12,604,586,18,146512,,,,,,,
105600,301,2017-02-19,593,572,21,147105,,,,,,,
105600,302,2017-02-26,530,512,18,147635,,,,,,,
105600,303,2017-03-05,495,476,19,148130,,,,,,,
105600,304,2017-03-12,529,511,18,148659,,,,,,,
105600,305,2017-03-19,496,482,14,149155,,,,,,,
105600,306,2017-03-27,511,495,16,149666,,,,,,,
105600,307,2017-04-03,504,492,12,150170,,,,,,,
105600,308,2017-04-10,579,562,17,150749,,,,,,,
105600,309,2017-04-17,1252,1224,28,152001,,,,,,,
105600,310,2017-04-24,683,659,24,152684,,,,,,,
105600,311,2017-05-01,582,566,16,153266,,,,,,,
105600,312,2017-05-08,644,623,21,153910,,,,,,,
105600,313,2017-05-15,641,617,24,154551,,,,,,,
105600,314,2017-05-22,564,550,14,155115,,,,,,,
105600,315,2017-05-29,614,599,15,155729,,,,,,,
105600,316,2017-06-05,629,614,15,156358,,,,,,,
105600,317,2017-06-12,618,602,16,156976,,,,,,,
105600,318,2017-06-19,955,926,29,157931,,,,,,,
105600,319,2017-06-26,1926,1860,66,159857,,,,,,,
105600,320,2017-07-03,1373,1341,32,161230,,,,,,,
105600,321,2017-07-10,805,777,28,162035,,,,,,,
105600,322,2017-07-17,720,700,20,162755,,,,,,,
105600,323,2017-07-24,649,628,21,163404,,,,,,,
105600,324,2017-07-31,644,627,17,164048,,,,,,,
105600,325,2017-08-07,631,609,22,164679,,,,,,,
105600,326,2017-08-14,598,584,14,165277,,,,,,,
105600,327,2017-08-21,606,588,18,165883,,,,,,,
105600,328,2017-08-28,618,601,17,166501,,,,,,,
105600,329,2017-09-04,532,515,17,167033,,,,,,,
105600,330,2017-09-11,529,516,13,167562,,,,,,,
105600,331,2017-09-18,563,547,16,168125,,,,,,,
105600,332,2017-09-25,511,496,15,168636,,,,,,,
105600,333,2017-10-02,611,591,20,169247,,,,,,,
105600,334,2017-10-09,530,518,12,169777,,,,,,,
105600,335,2017-10-16,548,538,10,170325,,,,,,,
105600,336,2017-10-23,676,661,15,171001,,,,,,,
105600,337,2017-10-29,746,715,31,171747,,,,,,,
105600,338,2017-11-05,575,551,24,172322,,,,,,,
105600,339,2017-11-12,620,599,21,172942,,,,,,,
105600,340,2017-11-19,8171,8125,46,181113,,,,,,,
105600,341,2017-11-26,1979,1948,31,183092,,,,,,,
105600,342,2017-12-03,612,593,19,183704,,,,,,,
105600,343,2017-12-10,583,561,22,184287,,,,,,,
105600,344,2017-12-17,923,884,39,185210,,,,,,,
105600,345,2017-12-24,1280,1246,34,186490,,,,,,,
105600,346,2017-12-31,1105,1060,45,187595,,,,,,,
105600,347,2018-01-07,708,687,21,188303,,,,,,,
105600,348,2018-01-14,708,687,21,189011,,,,,,,
105600,349,2018-01-21,659,640,19,189670,,,,,,,
105600,350,2018-01-28,612,597,15,190282,,,,,,,
105600,351,2018-02-04,618,594,24,190900,,,,,,,
105600,352,2018-02-11,701,678,23,191601,,,,,,,
105600,353,2018-02-18,688,675,13,192289,,,,,,,
105600,354,2018-02-25,601,581,20,192890,,,,,,,
105600,355,2018-03-04,598,577,21,193488,,,,,,,
105600,356,2018-03-11,523,500,23,194011,,,,,,,
105600,357,2018-03-18,539,520,19,194550,,,,,,,
105600,358,2018-03-26,521,498,23,195071,,,,,,,
105600,359,2018-04-02,550,527,23,195621,,,,,,,
105600,360,2018-04-09,487,471,16,196108,,,,,,,
105600,361,2018-04-16,499,482,17,196607,,,,,,,
105600,362,2018-04-23,451,437,14,197058,,,,,,,
105600,363,2018-04-30,456,439,17,197514,,,,,,,
105600,364,2018-05-07,418,397,21,197932,,,,,,,
105600,365,2018-05-14,472,458,14,198404,,,,,,,
105600,366,2018-05-21,962,938,24,199366,,,,,,,
105600,367,2018-05-28,662,642,20,200028,,,,,,,
105600,368,2018-06-04,586,572,14,200614,,,,,,,
105600,369,2018-06-11,497,482,15,201111,,,,,,,
105600,370,2018-06-18,778,757,21,201889,,,,,,,
105600,371,2018-06-25,855,822,33,202744,,,,,,,
105600,372,2018-07-02,908,872,36,203652,,,,,,,
105600,373,2018-07-09,689,667,22,204341,,,,,,,
105600,374,2018-07-16,614,593,21,204955,,,,,,,
105600,375,2018-07-23,565,546,19,205520,,,,,,,
105600,376,2018-07-30,545,524,21,206065,,,,,,,
105600,377,2018-08-06,581,563,18,206646,,,,,,,
105600,378,2018-08-13,539,523,16,207185,,,,,,,
105600,379,2018-08-20,481,468,13,207666,,,,,,,
105600,380,2018-08-27,427,413,14,208093,,,,,,,
105600,381,2018-09-03,382,368,14,208475,,,,,,,
105600,382,2018-09-10,392,376,16,208867,,,,,,,
105600,383,2018-09-17,378,360,18,209245,,,,,,,
105600,384,2018-09-24,373,363,10,209618,,,,,,,
105600,385,2018-10-01,437,419,18,210055,,,,,,,
105600,386,2018-10-08,406,393,13,210461,,,,,,,
105600,387,2018-10-15,401,390,11,210862,,,,,,,
105600,388,2018-10-22,372,358,14,211234,,,,,,,
105600,389,2018-10-28,579,553,26,211813,,,,,,,
105600,390,2018-11-04,406,385,21,212219,,,,,,,
105600,391,2018-11-11,444,424,20,212663,,,,,,,
105600,392,2018-11-18,8048,8000,48,220711,,,,,,,
105600,393,2018-11-25,1519,1505,14,222230,,,,,,,
105600,394,2018-12-02,373,362,11,222603,,,,,,,
105600,395,2018-12-09,428,415,13,223031,,,,,,,
105600,396,2018-12-16,652,636,16,223683,,,,,,,
105600,397,2018-12-23,957,923,34,224640,,,,,,,
105600,398,2018-12-30,1540,1476,64,226180,,,,,,,
105600,399,2019-01-06,897,856,41,227077,,,,,,,
105600,400,2019-01-13,613,594,19,227690,,,,,,,
105600,401,2019-01-20,637,611,26,228327,,,,,,,
105600,402,2019-01-27,566,549,17,228893,,,,,,,
105600,403,2019-02-03,833,794,39,229726,,,,,,,
105600,404,2019-02-10,669,652,17,230395,,,,,,,
105600,405,2019-02-17,546,529,17,230941,,,,,,,
105600,406,2019-02-24,494,475,19,231435,,,,,,,
105600,407,2019-03-03,509,492,17,231944,,,,,,,
105600,408,2019-03-10,500,487,13,232444,,,,,,,
105600,409,2019-03-17,431,418,13,232875,,,,,,,
105600,410,2019-03-24,486,474,12,233361,,,,,,,
105600,411,2019-04-01,529,515,14,233890,,,,,,,
105600,412,2019-04-08,596,567,29,234486,,,,,,,
105600,413,2019-04-15,515,492,23,235001,,,,,,,
105600,414,2019-04-22,549,536,13,235550,,,,,,,
105600,415,2019-04-29,447,438,9,235997,,,,,,,
105600,416,2019-05-06,442,426,16,236439,,,,,,,
105600,417,2019-05-13,465,454,11,236904,,,,,,,
105600,418,2019-05-20,675,655,20,237579,,,,,,,
105600,419,2019-05-27,707,685,22,238286,,,,,,,
105600,420,2019-06-03,557,543,14,238843,,,,,,,
105600,421,2019-06-10,748,729,19,239591,,,,,,,
105600,422,2019-06-17,622,603,19,240213,,,,,,,
105600,423,2019-06-24,10129,10042,87,250342,,,,,,,
105600,424,2019-07-01,14903,14782,121,265245,,,,,,,
105600,425,2019-07-08,868,836,32,266113,,,,,,,
105600,426,2019-07-15,601,583,18,266714,,,,,,,
105600,427,2019-07-22,527,507,20,267241,,,,,,,
105600,428,2019-07-29,548,530,18,267789,,,,,,,
105600,429,2019-08-05,545,525,20,268334,,,,,,,
105600,430,2019-08-12,486,468,18,268820,,,,,,,
105600,431,2019-08-19,460,447,13,269280,,,,,,,
105600,432,2019-08-26,455,440,15,269735,,,,,,,
105600,433,2019-09-02,383,374,9,270118,,,,,,,
105600,434,2019-09-09,393,381,12,270511,,,,,,,
105600,435,2019-09-16,407,400,7,270918,,,,,,,
105600,436,2019-09-23,359,341,18,271277,,,,,,,
105600,437,2019-09-30,449,440,9,271726,,,,,,,
105600,438,2019-10-07,383,369,14,272109,,,,,,,
105600,439,2019-10-14,382,373,9,272491,,,,,,,
105600,440,2019-10-21,818,804,14,273309,,,,,,,
105600,441,2019-10-27,7184,7122,62,280493,,,,,,,
105600,442,2019-11-03,6295,6233,62,286788,,,,,,,
105600,443,2019-11-10,5414,5372,42,292202,,,,,,,
105600,444,2019-11-17,4904,4845,59,297106,,,,,,,
105600,445,2019-11-24,14358,14255,103,311464,,,,,,,
105600,446,2019-12-01,9931,9833,98,321395,,,,,,,
105600,447,2019-12-08,6894,6822,72,328289,,,,,,,
105600,448,2019-12-15,6666,6583,83,334955,,,,,,,
105600,449,2019-12-22,8476,8349,127,343431,,,,,,,
105600,450,2019-12-29,7168,7059,109,350599,,,,,,,
105600,451,2020-01-05,4859,4783,76,355458,,,,,,,
105600,452,2020-01-12,4027,3973,54,359485,,,,,,,
105600,453,2020-01-19,4093,4032,61,363578,,,,,,,
105600,454,2020-01-26,4062,3992,70,367640,,,,,,,
105600,455,2020-02-02,3735,3682,53,371375,,,,,,,
105600,456,2020-02-09,3505,3450,55,374880,,,,,,,
105600,457,2020-02-16,3637,3575,62,378517,,,,,,,
105600,458,2020-02-23,3475,3420,55,381992,,,,,,,
105600,459,2020-03-01,3045,2988,57,385037,,,,,,,
105600,460,2020-03-08,3520,3466,54,388557,,,,,,,
105600,461,2020-03-15,4509,4457,52,393066,,,,,,,
105600,462,2020-03-22,4496,4430,66,397562,,,,,,,
105600,463,2020-03-30,7098,6983,115,404660,,,,,,,
105600,464,2020-04-06,5370,5281,89,410030,,,,,,,
105600,465,2020-04-13,6028,5968,60,416058,,,,,,,
105600,466,2020-04-20,5131,5057,74,421189,,,,,,,
105600,467,2020-04-27,5396,5322,74,426585,,,,,,,
105600,468,2020-05-04,5456,5384,72,432041,,,,,,,
105600,469,2020-05-11,18516,18226,290,450557,,,,,,,
105600,470,2020-05-18,17134,16750,384,467691,,,,,,,
105600,471,2020-05-25,9804,9564,240,477495,,,,,,,
105600,472,2020-06-01,7273,7156,117,484768,,,,,,,
105600,473,2020-06-08,5524,5422,102,490292,,,,,,,
105600,474,2020-06-15,4454,4366,88,494746,,,,,,,
105600,475,2020-06-22,5664,5554,110,500410,,,,,,,
105600,476,2020-06-29,6108,5998,110,506518,,,,,,,
105600,477,2020-07-06,5332,5211,121,511850,,,,,,,
105600,478,2020-07-13,3895,3803,92,515745,,,,,,,
105600,479,2020-07-20,3510,3431,79,519255,,,,,,,
105600,480,2020-07-27,3154,3088,66,522409,,,,,,,
105600,481,2020-08-03,3014,2966,48,525423,,,,,,,
105600,482,2020-08-10,3030,2967,63,528453,,,,,,,
105600,483,2020-08-17,2870,2823,47,531323,,,,,,,
105600,484,2020-08-24,2921,2856,65,534244,,,,,,,
105600,485,2020-08-31,2627,2571,56,536871,,,,,,,
105600,486,2020-09-07,2645,2604,41,539516,,,,,,,
105600,487,2020-09-14,2496,2448,48,542012,,,,,,,
105600,488,2020-09-21,2307,2261,46,544319,,,,,,,
105600,489,2020-09-28,2381,2331,50,546700,,,,,,,
105600,490,2020-10-05,2411,2365,46,549111,,,,,,,
105600,491,2020-10-12,3787,3724,63,552898,,,,,,,
105600,492,2020-10-19,3097,3038,59,555995,,,,,,,
105600,493,2020-10-25,3314,3243,71,559309,,,,,,,
105600,494,2020-11-01,3517,3448,69,562826,,,,,,,
105600,495,2020-11-08,3359,3288,71,566185,,,,,,,
105600,496,2020-11-15,3038,2977,61,569223,,,,,,,
105600,497,2020-11-22,15207,15100,107,584430,,,,,,,
105600,498,2020-11-29,6460,6383,77,590890,,,,,,,
105600,499,2020-12-06,3201,3139,62,594091,,,,,,,
105600,500,2020-12-13,2986,2936,50,597077,,,,,,,
105600,501,2020-12-20,4660,4572,88,601737,,,,,,,
105600,502,2020-12-27,5609,5501,108,607346,,,,,,,
105600,503,2021-01-03,4849,4731,118,612195,,,,,,,
105600,504,2021-01-10,3879,3812,67,616074,,,,,,,
105600,505,2021-01-17,3881,3803,78,619955,,,,,,,
105600,506,2021-01-24,4062,3986,76,624017,,,,,,,
105600,507,2021-01-31,4125,4048,77,628142,,,,,,,
105600,508,2021-02-07,4558,4479,79,632700,,,,,,,
105600,509,2021-02-14,5554,5453,101,638254,,,,,,,
105600,510,2021-02-21,4384,4309,75,642638,,,,,,,
105600,511,2021-02-28,3691,3590,101,646329,,,,,,,
105600,512,2021-03-07,3566,3497,69,649895,,,,,,,
105600,513,2021-03-14,3343,3265,78,653238,,,,,,,
105600,514,2021-03-21,3696,3606,90,656934,,,,,,,
105600,515,2021-03-29,4864,4785,79,661798,,,,,,,
105600,516,2021-04-05,3846,3764,82,665644,,,,,,,
105600,517,2021-04-12,3509,3441,68,669153,,,,,,,
105600,518,2021-04-19,3332,3264,68,672485,,,,,,,
105600,519,2021-04-26,3029,2967,62,675514,,,,,,,
105600,520,2021-05-03,3212,3138,74,678726,,,,,,,
105600,521,2021-05-10,4645,4547,98,683371,,,,,,,
105600,522,2021-05-17,5094,4952,142,688465,,,,,,,
105600,523,2021-05-24,4299,4201,98,692764,,,,,,,
105600,524,2021-05-31,4389,4293,96,697153,,,,,,,
105600,525,2021-06-07,3567,3491,76,700720,,,,,,,
105600,526,2021-06-14,3150,3079,71,703870,,,,,,,
105600,527,2021-06-21,3691,3602,89,707561,,,,,,,
105600,528,2021-06-28,4300,4191,109,711861,,,,,,,
105600,529,2021-07-05,4258,4155,103,716119,,,,,,,
105600,530,2021-07-12,3680,3590,90,719799,,,,,,,
105600,531,2021-07-19,3320,3244,76,723119,,,,,,,
105600,532,2021-07-26,3303,3234,69,726422,,,,,,,
105600,533,2021-08-02,3400,3326,74,729822,,,,,,,
105600,534,2021-08-09,3445,3380,65,733267,,,,,,,
105600,535,2021-08-16,3365,3300,65,736632,,,,,,,
105600,536,2021-08-23,3478,3418,60,740110,,,,,,,
105600,537,2021-08-30,3027,2946,81,743137,,,,,,,
105600,538,2021-09-06,2890,2824,66,746027,,,,,,,
105600,539,2021-09-13,3085,3024,61,749112,,,,,,,
105600,540,2021-09-20,3020,2963,57,752132,,,,,,,
105600,541,2021-09-27,3152,3087,65,755284,,,,,,,
105600,542,2021-10-04,3204,3132,72,758488,,,,,,,
105600,543,2021-10-11,2977,2914,63,761465,,,,,,,
105600,544,2021-10-18,2947,2887,60,764412,,,,,,,
105600,545,2021-10-25,4046,3945,101,768458,,,,,,,
105600,546,2021-10-31,4134,4040,94,772592,,,,,,,
105600,547,2021-11-07,3270,3196,74,775862,,,,,,,
105600,548,2021-11-14,5105,5004,101,780967,,,,,,,
105600,549,2021-11-21,20416,20184,232,801383,,,,,,,
105600,550,2021-11-28,8481,8355,126,809864,,,,,,,
105600,551,2021-12-05,3804,3716,88,813668,,,,,,,
105600,552,2021-12-12,3369,3287,82,817037,,,,,,,
105600,553,2021-12-19,4459,4344,115,821496,,,,,,,
105600,554,2021-12-26,5416,5277,139,826912,,,,,,,
105600,555,2022-01-02,5576,5437,139,832488,,,,,,,
105600,556,2022-01-09,3981,3892,89,836469,,,,,,,
105600,557,2022-01-16,3951,3852,99,840420,,,,,,,
105600,558,2022-01-23,4220,4098,122,844640,,,,,,,
105600,559,2022-01-30,4608,4511,97,849248,,,,,,,
105600,560,2022-02-06,3759,3650,109,853007,,,,,,,
105600,561,2022-02-13,3478,3406,72,856485,,,,,,,
105600,562,2022-02-20,3435,3352,83,859920,,,,,,,
105600,563,2022-02-27,3278,3198,80,863198,,,,,,,
105600,564,2022-03-06,3070,2982,88,866268,,,,,,,
105600,565,2022-03-13,3256,3164,92,869524,,,,,,,
105600,566,2022-03-20,2938,2858,80,872462,,,,,,,
105600,567,2022-03-28,2802,2729,73,875264,,,,,,,
105600,568,2022-04-04,2715,2644,71,877979,,,,,,,
105600,569,2022-04-11,2865,2778,87,880844,,,,,,,
105600,570,2022-04-18,2748,2653,95,883592,,,,,,,
105600,571,2022-04-25,2533,2456,77,886125,,,,,,,
105600,572,2022-05-02,2804,2725,79,888929,,,,,,,
105600,573,2022-05-09,2685,2612,73,891614,,,,,,,
105600,574,2022-05-16,2673,2590,83,894287,,,,,,,
105600,575,2022-05-23,2728,2655,73,897015,,,,,,,
105600,576,2022-05-30,2979,2886,93,899994,,,,,,,
105600,577,2022-06-06,2854,2778,76,902848,,,,,,,
105600,578,2022-06-13,3065,2998,67,905913,,,,,,,
105600,579,2022-06-20,3452,3346,106,909365,,,,,,,
105600,580,2022-06-27,4280,4150,130,913645,,,,,,,
105600,581,2022-07-04,4088,3982,106,917733,,,,,,,
105600,582,2022-07-11,3440,3358,82,921173,,,,,,,
105600,583,2022-07-18,3235,3155,80,924408,,,,,,,
105600,584,2022-07-25,3422,3325,97,927830,,,,,,,
105600,585,2022-08-01,3276,3180,96,931106,,,,,,,
105600,586,2022-08-08,3120,3047,73,934226,,,,,,,
105600,587,2022-08-15,2883,2807,76,937109,,,,,,,
105600,588,2022-08-22,2688,2609,79,939797,,,,,,,
105600,589,2022-08-29,3031,2958,73,942828,,,,,,,
105600,590,2022-09-05,2580,2520,60,945408,,,,,,,
105600,591,2022-09-12,2454,2383,71,947862,,,,,,,
105600,592,2022-09-19,2475,2421,54,950337,,,,,,,
105600,593,2022-09-26,5286,5145,141,955623,,,,,,,
105600,594,2022-10-03,5643,5516,127,961266,,,,,,,
105600,595,2022-10-10,4030,3917,113,965296,,,,,,,
105600,596,2022-10-17,4029,3932,97,969325,,,,,,,
105600,597,2022-10-24,3957,3866,91,973282,,,,,,,
105600,598,2022-10-30,3229,3122,107,976511,,,,,,,
105600,599,2022-11-06,3223,3126,97,979734,,,,,,,
105600,600,2022-11-13,3127,3040,87,982861,,,,,,,
105600,601,2022-11-20,4565,4433,132,987426,,,,,,,
105600,602,2022-11-27,3987,3875,112,991413,,,,,,,
105600,603,2022-12-04,3135,3053,82,994548,,,,,,,
105600,604,2022-12-11,2750,2694,56,997298,,,,,,,
105600,605,2022-12-18,3708,3609,99,1001006,,,,,,,
105600,606,2022-12-25,5381,5262,119,1006387,,,,,,,
105600,607,2023-01-01,5202,5034,168,1011589,,,,,,,
105600,608,2023-01-08,3912,3785,127,1015501,,,,,,,
105600,609,2023-01-15,3537,3438,99,1019038,,,,,,,
105600,610,2023-01-22,3520,3384,136,1022558,,,,,,,
105600,611,2023-01-29,3281,3169,112,1025839,,,,,,,
105600,612,2023-02-05,3154,3045,109,1028993,,,,,,,
105600,613,2023-02-12,2891,2795,96,1031884,,,,,,,
105600,614,2023-02-19,3171,3062,109,1035055,,,,,,,
105600,615,2023-02-26,2794,2699,95,1037849,,,,,,,
105600,616,2023-03-05,2751,2666,85,1040600,,,,,,,
105600,617,2023-03-12,3558,3444,114,1044158,,,,,,,
105600,618,2023-03-19,3963,3844,119,1048121,,,,,,,
105600,619,2023-03-27,3354,3244,110,1051475,,,,,,,
105600,620,2023-04-03,3358,3253,105,1054833,,,,,,,
105600,621,2023-04-10,3084,2972,112,1057917,,,,,,,
105600,622,2023-04-17,2803,2717,86,1060720,,,,,,,
105600,623,2023-04-24,2838,2741,97,1063558,,,,,,,
105600,624,2023-05-01,2920,2832,88,1066478,,,,,,,
105600,625,2023-05-08,2646,2568,78,1069124,,,,,,,
105600,626,2023-05-15,2683,2607,76,1071807,,,,,,,
105600,627,2023-05-22,2735,2644,91,1074542,,,,,,,
105600,628,2023-05-29,2836,2755,81,1077378,,,,,,,
105600,629,2023-06-05,3060,2948,112,1080438,,,,,,,
105600,630,2023-06-12,3089,2992,97,1083527,,,,,,,
105600,631,2023-06-19,3277,3166,111,1086804,,,,,,,
105600,632,2023-06-26,4186,4058,128,1090990,,,,,,,
105600,633,2023-07-03,5295,5132,163,1096285,,,,,,,
105600,634,2023-07-10,5399,5246,153,1101684,,,,,,,
105600,635,2023-07-17,4292,4147,145,1105976,,,,,,,
105600,636,2023-07-24,3972,3815,157,1109948,,,,,,,
105600,637,2023-07-31,3739,3595,144,1113687,,,,,,,
105600,638,2023-08-07,3442,3332,110,1117129,,,,,,,
105600,639,2023-08-14,3590,3462,128,1120719,,,,,,,
105600,640,2023-08-21,3292,3177,115,1124011,,,,,,,
105600,641,2023-08-28,3114,3033,81,1127125,,,,,,,
105600,642,2023-09-04,2743,2671,72,1129868,,,,,,,
105600,643,2023-09-11,3369,3272,97,1133237,,,,,,,
105600,644,2023-09-18,3621,3485,136,1136858,,,,,,,
105600,645,2023-09-25,3301,3185,116,1140159,,,,,,,
105600,646,2023-10-02,3332,3244,88,1143491,,,,,,,
105600,647,2023-10-09,3141,3031,110,1146632,,,,,,,
105600,648,2023-10-16,3074,2964,110,1149706,,,,,,,
105600,649,2023-10-23,2911,2812,99,1152617,,,,,,,
105600,650,2023-10-29,2878,2790,88,1155495,,,,,,,
105600,651,2023-11-05,2653,2571,82,1158148,,,,,,,
105600,652,2023-11-12,2524,2442,82,1160672,,,,,,,
105600,653,2023-11-19,3762,3661,101,1164434,,,,,,,
105600,654,2023-11-26,3388,3284,104,1167822,,,,,,,
105600,655,2023-12-03,2610,2514,96,1170432,,,,,,,
105600,656,2023-12-10,2491,2420,71,1172923,,,,,,,
105600,657,2023-12-17,2942,2873,69,1175865,,,,,,,
105600,658,2023-12-24,4200,4066,134,1180065,,,,,,,
105600,659,2023-12-31,4245,4093,152,1184310,,,,,,,
105600,660,2024-01-07,3306,3195,111,1187616,,,,,,,
105600,661,2024-01-14,3205,3099,106,1190821,,,,,,,
105600,662,2024-01-21,2990,2896,94,1193811,,,,,,,
105600,663,2024-01-28,2906,2824,82,1196717,,,,,,,
105600,664,2024-02-04,2645,2570,75,1199362,,,,,,,
105600,665,2024-02-11,2749,2664,85,1202111,,,,,,,
105600,666,2024-02-18,2798,2701,97,1204909,,,,,,,
105600,667,2024-02-25,2352,2280,72,1207261,,,,,,,
105600,668,2024-03-03,2317,2242,75,1209578,,,,,,,
105600,669,2024-03-10,2847,2756,91,1212425,,,,,,,
105600,670,2024-03-17,3213,3115,98,1215638,,,,,,,
105600,671,2024-03-24,2959,2857,102,1218597,,,,,,,
105600,672,2024-04-01,2941,2855,86,1221538,,,,,,,
105600,673,2024-04-08,2986,2875,111,1224524,,,,,,,
105600,674,2024-04-15,2932,2827,105,1227456,,,,,,,
105600,675,2024-04-22,2468,2375,93,1229924,,,,,,,
105600,676,2024-04-29,2749,2659,90,1232673,,,,,,,
105600,677,2024-05-06,2416,2335,81,1235089,,,,,,,
105600,678,2024-05-13,2351,2267,84,1237440,,,,,,,
105600,679,2024-05-20,2316,2238,78,1239756,,,,,,,
105600,680,2024-05-27,3090,2984,106,1242846,,,,,,,
105600,681,2024-06-03,2951,2832,119,1245797,,,,,,,
105600,682,2024-06-10,2958,2869,89,1248755,,,,,,,
105600,683,2024-06-17,2922,2832,90,1251677,,,,,,,
105600,684,2024-06-24,3342,3229,113,1255019,,,,,,,
105600,685,2024-07-01,4015,3886,129,1259034,,,,,,,
105600,686,2024-07-08,3734,3612,122,1262768,,,,,,,
105600,687,2024-07-15,3141,3018,123,1265909,,,,,,,
105600,688,2024-07-22,2906,2793,113,1268815,,,,,,,
105600,689,2024-07-29,2834,2736,98,1271649,,,,,,,
105600,690,2024-08-05,2752,2671,81,1274401,,,,,,,
105600,691,2024-08-12,3266,2825,441,1277667,,,,,,,
105600,692,2024-08-19,2917,2760,157,1280584,,,,,,,
105600,693,2024-08-26,2641,2469,172,1283225,,,,,,,
105600,694,2024-09-02,2239,2146,93,1285464,,,,,,,
105600,695,2024-09-09,2179,2102,77,1287643,,,,,,,
105600,696,2024-09-16,2306,2223,83,1289949,,,,,,,
105600,697,2024-09-23,2071,2009,62,1292020,,,,,,,
105600,698,2024-09-30,2255,2185,70,1294275,,,,,,,
105600,699,2024-10-07,2048,1969,79,1296323,,,,,,,
105600,700,2024-10-14,2008,1933,75,1298331,,,,,,,
105600,701,2024-10-21,1904,1837,67,1300235,,,,,,,
105600,702,2024-10-27,2094,2015,79,1302329,,,,,,,
105600,703,2024-11-03,1920,1852,68,1304249,,,,,,,
105600,704,2024-11-10,1973,1900,73,1306222,,,,,,,
105600,705,2024-11-17,2042,1976,66,1308264,,,,,,,
105600,706,2024-11-24,3348,3209,139,1311612,,,,,,,
105600,707,2024-12-01,3100,2992,108,1314712,,,,,,,
105600,708,2024-12-08,2377,2306,71,1317089,,,,,,,
105600,709,2024-12-15,2687,2594,93,1319776,,,,,,,
105600,710,2024-12-22,3494,3381,113,1323270,,,,,,,
105600,711,2024-12-29,3579,3451,128,1326849,,,,,,,
105600,712,2025-01-05,2846,2735,111,1329695,,,,,,,
105600,713,2025-01-12,2770,2676,94,1332465,,,,,,,
105600,714,2025-01-19,2707,2605,102,1335172,,,,,,,
105600,715,2025-01-26,2693,2595,98,1337865,,,,,,,
105600,716,2025-02-02,2557,2482,75,1340422,,,,,,,
105600,717,2025-02-09,2403,2306,97,1342825,,,,,,,
105600,718,2025-02-16,2529,2429,100,1345354,,,,,,,
105600,719,2025-02-23,2514,2415,99,1347868,,,,,,,
105600,720,2025-03-02,2574,2466,108,1350442,,,,,,,
105600,721,2025-03-09,2859,2751,108,1353301,,,,,,,
105600,722,2025-03-16,3323,3205,118,1356624,,,,,,,
105600,723,2025-03-23,2724,2624,100,1359348,,,,,,,
105600,724,2025-03-31,2256,2180,76,1361604,,,,,,,
105600,725,2025-04-07,2528,2428,100,1364132,,,,,,,
105600,726,2025-04-14,2666,2574,92,1366798,,,,,,,
105600,727,2025-04-21,2161,2088,73,1368959,,,,,,,
105600,728,2025-04-28,2231,2141,90,1371190,,,,,,,
105600,729,2025-05-05,2057,1977,80,1373247,,,,,,,
105600,730,2025-05-12,2061,1990,71,1375308,,,,,,,
105600,731,2025-05-19,2217,2141,76,1377525,,,,,,,
105600,732,2025-05-26,2278,2185,93,1379803,,,,,,,
105600,733,2025-06-02,2254,2176,78,1382057,,,,,,,
105600,734,2025-06-09,2233,2138,95,1384290,,,,,,,
105600,735,2025-06-16,2171,2073,98,1386461,,,,,,,
105600,736,2025-06-23,2807,2694,113,1389268,,,,,,,
105600,737,2025-06-30,3420,3303,117,1392688,,,,,,,
105600,738,2025-07-07,3107,2990,117,1395795,,,,,,,
105600,739,2025-07-14,2694,2578,116,1398489,,,,,,,
105600,740,2025-07-21,2720,2607,113,1401209,,,,,,,
105600,741,2025-07-28,2500,2397,103,1403709,,,,,,,
105600,742,2025-08-04,2310,2216,94,1406019,,,,,,,
105600,743,2025-08-11,2279,2179,100,1408298,,,,,,,
105600,744,2025-08-18,2124,2045,79,1410422,,,,,,,
105600,745,2025-08-25,2043,1942,101,1412465,,,,,,,
105600,746,2025-09-01,1778,1701,77,1414243,,,,,,,
105600,747,2025-09-08,1739,1669,70,1415982,,,,,,,
105600,748,2025-09-15,1659,1581,78,1417641,,,,,,,
105600,749,2025-09-22,1618,1535,83,1419259,,,,,,,
105600,750,2025-09-29,2450,2341,109,1421709,,,,,,,
105600,751,2025-10-06,2431,2326,105,1424140,,,,,,,
105600,752,2025-10-13,1897,1817,80,1426037,,,,,,,
105600,753,2025-10-20,1807,1733,74,1427844,,,,,,,
105600,754,2025-10-26,1962,1899,63,1429806,,,,,,,
105600,755,2025-11-02,1977,1912,65,1431783,,,,,,,
105600,756,2025-11-09,1768,1687,81,1433551,,,,,,,
105600,757,2025-11-16,1929,1844,85,1435480,,,,,,,
105600,758,2025-11-23,2379,2295,84,1437859,,,,,,,
105600,759,2025-11-30,1951,1864,87,1439810,,,,,,,
105600,760,2025-12-07,1965,1888,77,1441775,,,,,,,
105600,761,2025-12-14,2463,2365,98,1444238,,,,,,,
105600,762,2025-12-21,3279,3165,114,1447517,,,,,,,
105600,763,2025-12-28,3750,3609,141,1451267,,,,,,,
105600,764,2026-01-04,3553,3410,143,1454820,,,,,,,
105600,765,2026-01-11,2282,2193,89,1457102,,,,,,,
105600,766,2026-01-18,3135,3027,108,1460237,,,,,,,
105600,767,2026-01-25,10803,10379,424,1471040,,,,,,,
105600,768,2026-02-01,6686,6415,271,1477726,,,,,,,
105600,769,2026-02-08,5341,5112,229,1483067,,,,,,,
105600,770,2026-02-15,4355,4180,175,1487422,,,,,,,
105600,771,2026-02-22,3628,3484,144,1491050,,,,,,,
105600,772,2026-03-01,2898,2769,129,1493948,,,,,,,
105600,773,2026-03-08,2767,2676,91,1496715,,,,,,,
105600,774,2026-03-15,2686,2568,118,1499401,,,,,,,
105600,775,2026-03-22,2951,2826,125,1502352,,,,,,,
105600,776,2026-03-30,2509,2406,103,1504861,,,,,,,
105600,777,2026-04-06,2217,2117,100,1507078,,,,,,,
105600,778,2026-04-13,1890,1810,80,1508968,,,,,,,
105600,779,2026-04-20,1811,1736,75,1510779,,,,,,,
105600,780,2026-04-27,1834,1749,85,1512613,,,,,,,
105600,781,2026-05-04,1809,1727,82,1514422,,,,,,,
105600,782,2026-05-11,1902,1831,71,1516324,,,,,,,
105600,783,2026-05-18,1977,1901,76,1518301,,,,,,,
105600,784,2026-05-25,2034,1940,94,1520335,,,,,,,
105600,785,2026-06-01,1961,1876,85,1522296,,,,,,,
105600,786,2026-06-08,2040,1960,80,1524336,,,,,,,
105600,787,2026-06-15,1878,1811,67,1526214,,,,,,,
105600,788,2026-06-22,2378,2283,95,1528592,,,,,,,
105600,789,2026-06-29,3061,2934,127,1531653,,,,,,,
105600,790,2026-07-06,2818,2716,102,1534471,,,,,,,
105600,791,2026-07-13,2430,2327,103,1536901,,,,,,,
105600,792,2026-07-20,2272,2163,109,1539173,,,,,,,
105600,793,2026-07-27,2242,2159,83,1541415,,,,,,,
105600,794,2026-08-03,2247,2138,109,1543662,,,,,,,
105600,795,2026-08-10,1,1,0,1543663,,,,,,,
892970,0,2021-02-02,11063,10569,494,11063,,,,,,,
892970,1,2021-02-09,30669,29459,1210,41732,,,,,,,
892970,2,2021-02-16,42240,40778,1462,83972,,,,,,,
892970,3,2021-02-23,38031,36767,1264,122003,,,,,,,
892970,4,2021-03-02,27449,26562,887,149452,,,,,,,
892970,5,2021-03-09,18546,17887,659,167998,,,,,,,
892970,6,2021-03-16,12922,12415,507,180920,,,,,,,
892970,7,2021-03-23,12142,11714,428,193062,,,,,,,
892970,8,2021-03-30,8275,7952,323,201337,,,,,,,
892970,9,2021-04-06,6324,6075,249,207661,,,,,,,
892970,10,2021-04-13,5191,4972,219,212852,,,,,,,
892970,11,2021-04-20,4204,3985,219,217056,,,,,,,
892970,12,2021-04-27,3355,3186,169,220411,,,,,,,
892970,13,2021-05-04,3018,2856,162,223429,,,,,,,
892970,14,2021-05-11,2876,2721,155,226305,,,,,,,
892970,15,2021-05-18,2162,2018,144,228467,,,,,,,
892970,16,2021-05-25,2007,1867,140,230474,,,,,,,
892970,17,2021-06-01,1709,1592,117,232183,,,,,,,
892970,18,2021-06-08,1782,1665,117,233965,,,,,,,
892970,19,2021-06-15,1434,1323,111,235399,,,,,,,
892970,20,2021-06-22,1796,1656,140,237195,,,,,,,
892970,21,2021-06-29,2046,1868,178,239241,,,,,,,
892970,22,2021-07-06,1701,1581,120,240942,,,,,,,
892970,23,2021-07-13,1425,1324,101,242367,,,,,,,
892970,24,2021-07-20,1295,1194,101,243662,,,,,,,
892970,25,2021-07-27,1283,1171,112,244945,,,,,,,
892970,26,2021-08-03,1379,1277,102,246324,,,,,,,
892970,27,2021-08-10,1340,1237,103,247664,,,,,,,
892970,28,2021-08-17,1204,1113,91,248868,,,,,,,
892970,29,2021-08-24,1226,1139,87,250094,,,,,,,
892970,30,2021-08-31,1201,1122,79,251295,,,,,,,
892970,31,2021-09-07,1119,1056,63,252414,,,,,,,
892970,32,2021-09-14,4020,3625,395,256434,,,,,,,
892970,33,2021-09-21,2707,2522,185,259141,,,,,,,
892970,34,2021-09-28,1943,1813,130,261084,,,,,,,
892970,35,2021-10-05,1572,1461,111,262656,,,,,,,
892970,36,2021-10-12,1218,1144,74,263874,,,,,,,
892970,37,2021-10-19,1134,1059,75,265008,,,,,,,
892970,38,2021-10-26,1074,1021,53,266082,,,,,,,
892970,39,2021-11-02,1001,944,57,267083,,,,,,,
892970,40,2021-11-09,1001,934,67,268084,,,,,,,
892970,41,2021-11-16,914,862,52,268998,,,,,,,
892970,42,2021-11-23,24477,24042,435,293475,,,,,,,
892970,43,2021-11-30,4608,4455,153,298083,,,,,,,
892970,44,2021-12-07,1362,1277,85,299445,,,,,,,
892970,45,2021-12-14,1322,1238,84,300767,,,,,,,
892970,46,2021-12-21,1934,1823,111,302701,,,,,,,
892970,47,2021-12-28,2813,2653,160,305514,,,,,,,
892970,48,2022-01-04,2478,2330,148,307992,,,,,,,
892970,49,2022-01-11,1913,1802,111,309905,,,,,,,
892970,50,2022-01-18,1800,1690,110,311705,,,,,,,
892970,51,2022-01-25,1841,1709,132,313546,,,,,,,
892970,52,2022-02-01,2211,2030,181,315757,,,,,,,
892970,53,2022-02-08,1693,1597,96,317450,,,,,,,
892970,54,2022-02-15,1430,1347,83,318880,,,,,,,
892970,55,2022-02-22,1182,1107,75,320062,,,,,,,
892970,56,2022-03-01,1351,1275,76,321413,,,,,,,
892970,57,2022-03-08,1127,1071,56,322540,,,,,,,
892970,58,2022-03-15,1010,946,64,323550,,,,,,,
892970,59,2022-03-22,982,909,73,324532,,,,,,,
892970,60,2022-03-29,934,872,62,325466,,,,,,,
892970,61,2022-04-05,935,894,41,326401,,,,,,,
892970,62,2022-04-12,980,928,52,327381,,,,,,,
892970,63,2022-04-19,885,833,52,328266,,,,,,,
892970,64,2022-04-26,901,842,59,329167,,,,,,,
892970,65,2022-05-03,1242,1154,88,330409,,,,,,,
892970,66,2022-05-10,1077,986,91,331486,,,,,,,
892970,67,2022-05-17,949,881,68,332435,,,,,,,
892970,68,2022-05-24,902,818,84,333337,,,,,,,
892970,69,2022-05-31,874,813,61,334211,,,,,,,
892970,70,2022-06-07,781,733,48,334992,,,,,,,
892970,71,2022-06-14,860,798,62,335852,,,,,,,
892970,72,2022-06-21,1076,972,104,336928,,,,,,,
892970,73,2022-06-28,1129,1010,119,338057,,,,,,,
892970,74,2022-07-05,1063,946,117,339120,,,,,,,
892970,75,2022-07-12,854,788,66,339974,,,,,,,
892970,76,2022-07-19,898,817,81,340872,,,,,,,
892970,77,2022-07-26,836,748,88,341708,,,,,,,
892970,78,2022-08-02,769,685,84,342477,,,,,,,
892970,79,2022-08-09,744,635,109,343221,,,,,,,
892970,80,2022-08-16,763,675,88,343984,,,,,,,
892970,81,2022-08-23,686,615,71,344670,,,,,,,
892970,82,2022-08-30,753,675,78,345423,,,,,,,
892970,83,2022-09-06,729,667,62,346152,,,,,,,
892970,84,2022-09-13,741,657,84,346893,,,,,,,
892970,85,2022-09-20,683,631,52,347576,,,,,,,
892970,86,2022-09-27,790,697,93,348366,,,,,,,
892970,87,2022-10-04,674,619,55,349040,,,,,,,
892970,88,2022-10-11,679,623,56,349719,,,,,,,
892970,89,2022-10-18,663,607,56,350382,,,,,,,
892970,90,2022-10-25,677,621,56,351059,,,,,,,
892970,91,2022-11-01,654,585,69,351713,,,,,,,
892970,92,2022-11-08,666,591,75,352379,,,,,,,
892970,93,2022-11-15,678,612,66,353057,,,,,,,
892970,94,2022-11-22,4621,4475,146,357678,,,,,,,
892970,95,2022-11-29,1978,1849,129,359656,,,,,,,
892970,96,2022-12-06,3031,2783,248,362687,,,,,,,
892970,97,2022-12-13,1995,1816,179,364682,,,,,,,
892970,98,2022-12-20,2092,1908,184,366774,,,,,,,
892970,99,2022-12-27,2413,2210,203,369187,,,,,,,
892970,100,2023-01-03,2190,2025,165,371377,,,,,,,
892970,101,2023-01-10,1739,1596,143,373116,,,,,,,
892970,102,2023-01-17,1514,1401,113,374630,,,,,,,
892970,103,2023-01-24,1750,1594,156,376380,,,,,,,
892970,104,2023-01-31,1551,1415,136,377931,,,,,,,
892970,105,2023-02-07,1390,1286,104,379321,,,,,,,
892970,106,2023-02-14,1094,1009,85,380415,,,,,,,
892970,107,2023-02-21,1041,968,73,381456,,,,,,,
892970,108,2023-02-28,917,835,82,382373,,,,,,,
892970,109,2023-03-07,1006,930,76,383379,,,,,,,
892970,110,2023-03-14,1270,1182,88,384649,,,,,,,
892970,111,2023-03-21,1387,1298,89,386036,,,,,,,
892970,112,2023-03-28,1293,1214,79,387329,,,,,,,
892970,113,2023-04-04,1019,930,89,388348,,,,,,,
892970,114,2023-04-11,1039,967,72,389387,,,,,,,
892970,115,2023-04-18,869,816,53,390256,,,,,,,
892970,116,2023-04-25,874,824,50,391130,,,,,,,
892970,117,2023-05-02,759,711,48,391889,,,,,,,
892970,118,2023-05-09,677,638,39,392566,,,,,,,
892970,119,2023-05-16,684,630,54,393250,,,,,,,
892970,120,2023-05-23,683,628,55,393933,,,,,,,
892970,121,2023-05-30,665,620,45,394598,,,,,,,
892970,122,2023-06-06,631,585,46,395229,,,,,,,
892970,123,2023-06-13,772,725,47,396001,,,,,,,
892970,124,2023-06-20,673,631,42,396674,,,,,,,
892970,125,2023-06-27,891,826,65,397565,,,,,,,
892970,126,2023-07-04,1131,1041,90,398696,,,,,,,
892970,127,2023-07-11,1116,1019,97,399812,,,,,,,
892970,128,2023-07-18,827,775,52,400639,,,,,,,
892970,129,2023-07-25,688,628,60,401327,,,,,,,
892970,130,2023-08-01,693,634,59,402020,,,,,,,
892970,131,2023-08-08,682,622,60,402702,,,,,,,
892970,132,2023-08-15,700,636,64,403402,,,,,,,
892970,133,2023-08-22,801,741,60,404203,,,,,,,
892970,134,2023-08-29,688,634,54,404891,,,,,,,
892970,135,2023-09-05,597,559,38,405488,,,,,,,
892970,136,2023-09-12,860,782,78,406348,,,,,,,
892970,137,2023-09-19,847,792,55,407195,,,,,,,
892970,138,2023-09-26,725,660,65,407920,,,,,,,
892970,139,2023-10-03,805,732,73,408725,,,,,,,
892970,140,2023-10-10,682,640,42,409407,,,,,,,
892970,141,2023-10-17,735,687,48,410142,,,,,,,
892970,142,2023-10-24,650,601,49,410792,,,,,,,
892970,143,2023-10-31,669,621,48,411461,,,,,,,
892970,144,2023-11-07,817,759,58,412278,,,,,,,
892970,145,2023-11-14,737,685,52,413015,,,,,,,
892970,146,2023-11-21,4207,4115,92,417222,,,,,,,
892970,147,2023-11-28,1204,1116,88,418426,,,,,,,
892970,148,2023-12-05,829,778,51,419255,,,,,,,
892970,149,2023-12-12,1129,1041,88,420384,,,,,,,
892970,150,2023-12-19,1243,1129,114,421627,,,,,,,
892970,151,2023-12-26,1513,1384,129,423140,,,,,,,
892970,152,2024-01-02,1504,1383,121,424644,,,,,,,
892970,153,2024-01-09,1105,1021,84,425749,,,,,,,
892970,154,2024-01-16,1014,920,94,426763,,,,,,,
892970,155,2024-01-23,1268,1147,121,428031,,,,,,,
892970,156,2024-01-30,1101,999,102,429132,,,,,,,
892970,157,2024-02-06,869,793,76,430001,,,,,,,
892970,158,2024-02-13,792,719,73,430793,,,,,,,
892970,159,2024-02-20,772,700,72,431565,,,,,,,
892970,160,2024-02-27,702,650,52,432267,,,,,,,
892970,161,2024-03-05,990,903,87,433257,,,,,,,
892970,162,2024-03-12,1092,989,103,434349,,,,,,,
892970,163,2024-03-19,950,854,96,435299,,,,,,,
892970,164,2024-03-26,832,759,73,436131,,,,,,,
892970,165,2024-04-02,629,576,53,436760,,,,,,,
892970,166,2024-04-09,683,634,49,437443,,,,,,,
892970,167,2024-04-16,652,607,45,438095,,,,,,,
892970,168,2024-04-23,1150,1076,74,439245,,,,,,,
892970,169,2024-04-30,961,885,76,440206,,,,,,,
892970,170,2024-05-07,876,811,65,441082,,,,,,,
892970,171,2024-05-14,1753,1556,197,442835,,,,,,,
892970,172,2024-05-21,1576,1377,199,444411,,,,,,,
892970,173,2024-05-28,1404,1227,177,445815,,,,,,,
892970,174,2024-06-04,1089,932,157,446904,,,,,,,
892970,175,2024-06-11,1047,916,131,447951,,,,,,,
892970,176,2024-06-18,890,770,120,448841,,,,,,,
892970,177,2024-06-25,994,870,124,449835,,,,,,,
892970,178,2024-07-02,1081,950,131,450916,,,,,,,
892970,179,2024-07-09,972,869,103,451888,,,,,,,
892970,180,2024-07-16,928,802,126,452816,,,,,,,
892970,181,2024-07-23,986,869,117,453802,,,,,,,
892970,182,2024-07-30,836,753,83,454638,,,,,,,
892970,183,2024-08-06,675,586,89,455313,,,,,,,
892970,184,2024-08-13,659,573,86,455972,,,,,,,
892970,185,2024-08-20,647,566,81,456619,,,,,,,
892970,186,2024-08-27,651,582,69,457270,,,,,,,
892970,187,2024-09-03,575,525,50,457845,,,,,,,
892970,188,2024-09-10,622,571,51,458467,,,,,,,
892970,189,2024-09-17,597,561,36,459064,,,,,,,
892970,190,2024-09-24,590,525,65,459654,,,,,,,
892970,191,2024-10-01,543,490,53,460197,,,,,,,
892970,192,2024-10-08,626,572,54,460823,,,,,,,
892970,193,2024-10-15,671,608,63,461494,,,,,,,
892970,194,2024-10-22,832,757,75,462326,,,,,,,
892970,195,2024-10-29,1156,1071,85,463482,,,,,,,
892970,196,2024-11-05,971,879,92,464453,,,,,,,
892970,197,2024-11-12,828,765,63,465281,,,,,,,
892970,198,2024-11-19,746,677,69,466027,,,,,,,
892970,199,2024-11-26,4901,4817,84,470928,,,,,,,
892970,200,2024-12-03,1477,1393,84,472405,,,,,,,
892970,201,2024-12-10,765,689,76,473170,,,,,,,
892970,202,2024-12-17,983,894,89,474153,,,,,,,
892970,203,2024-12-24,1107,1004,103,475260,,,,,,,
892970,204,2024-12-31,1159,1049,110,476419,,,,,,,
892970,205,2025-01-07,933,837,96,477352,,,,,,,
892970,206,2025-01-14,837,758,79,478189,,,,,,,
892970,207,2025-01-21,870,806,64,479059,,,,,,,
892970,208,2025-01-28,1153,1052,101,480212,,,,,,,
892970,209,2025-02-04,1006,941,65,481218,,,,,,,
892970,210,2025-02-11,884,790,94,482102,,,,,,,
892970,211,2025-02-18,860,781,79,482962,,,,,,,
892970,212,2025-02-25,779,721,58,483741,,,,,,,
892970,213,2025-03-04,896,829,67,484637,,,,,,,
892970,214,2025-03-11,933,850,83,485570,,,,,,,
892970,215,2025-03-18,1135,1026,109,486705,,,,,,,
892970,216,2025-03-25,1221,1089,132,487926,,,,,,,
892970,217,2025-04-01,1054,974,80,488980,,,,,,,
892970,218,2025-04-08,846,761,85,489826,,,,,,,
892970,219,2025-04-15,771,699,72,490597,,,,,,,
892970,220,2025-04-22,721,634,87,491318,,,,,,,
892970,221,2025-04-29,720,661,59,492038,,,,,,,
892970,222,2025-05-06,625,559,66,492663,,,,,,,
892970,223,2025-05-13,608,545,63,493271,,,,,,,
892970,224,2025-05-20,720,622,98,493991,,,,,,,
892970,225,2025-05-27,648,578,70,494639,,,,,,,
892970,226,2025-06-03,619,567,52,495258,,,,,,,
892970,227,2025-06-10,542,487,55,495800,,,,,,,
892970,228,2025-06-17,567,505,62,496367,,,,,,,
892970,229,2025-06-24,582,515,67,496949,,,,,,,
892970,230,2025-07-01,670,590,80,497619,,,,,,,
892970,231,2025-07-08,640,568,72,498259,,,,,,,
892970,232,2025-07-15,548,498,50,498807,,,,,,,
892970,233,2025-07-22,516,454,62,499323,,,,,,,
892970,234,2025-07-29,568,490,78,499891,,,,,,,
892970,235,2025-08-05,495,451,44,500386,,,,,,,
892970,236,2025-08-12,462,414,48,500848,,,,,,,
892970,237,2025-08-19,769,693,76,501617,,,,,,,
892970,238,2025-08-26,651,592,59,502268,,,,,,,
892970,239,2025-09-02,623,558,65,502891,,,,,,,
892970,240,2025-09-09,919,830,89,503810,,,,,,,
892970,241,2025-09-16,892,785,107,504702,,,,,,,
892970,242,2025-09-23,745,675,70,505447,,,,,,,
892970,243,2025-09-30,833,741,92,506280,,,,,,,
892970,244,2025-10-07,762,697,65,507042,,,,,,,
892970,245,2025-10-14,601,535,66,507643,,,,,,,
892970,246,2025-10-21,778,674,104,508421,,,,,,,
892970,247,2025-10-28,783,717,66,509204,,,,,,,
892970,248,2025-11-04,706,649,57,509910,,,,,,,
892970,249,2025-11-11,635,570,65,510545,,,,,,,
892970,250,2025-11-18,915,861,54,511460,,,,,,,
892970,251,2025-11-25,3608,3529,79,515068,,,,,,,
892970,252,2025-12-02,546,490,56,515614,,,,,,,
892970,253,2025-12-09,496,446,50,516110,,,,,,,
892970,254,2025-12-16,615,549,66,516725,,,,,,,
892970,255,2025-12-23,818,737,81,517543,,,,,,,
892970,256,2025-12-30,870,777,93,518413,,,,,,,
892970,257,2026-01-06,796,708,88,519209,,,,,,,
892970,258,2026-01-13,655,585,70,519864,,,,,,,
892970,259,2026-01-20,851,760,91,520715,,,,,,,
892970,260,2026-01-27,1003,880,123,521718,,,,,,,
892970,261,2026-02-03,940,813,127,522658,,,,,,,
892970,262,2026-02-10,686,602,84,523344,,,,,,,
892970,263,2026-02-17,707,626,81,524051,,,,,,,
892970,264,2026-02-24,714,595,119,524765,,,,,,,
892970,265,2026-03-03,738,653,85,525503,,,,,,,
892970,266,2026-03-10,853,749,104,526356,,,,,,,
892970,267,2026-03-17,884,797,87,527240,,,,,,,
892970,268,2026-03-24,807,717,90,528047,,,,,,,
892970,269,2026-03-31,693,622,71,528740,,,,,,,
892970,270,2026-04-07,567,504,63,529307,,,,,,,
892970,271,2026-04-14,559,490,69,529866,,,,,,,
892970,272,2026-04-21,684,595,89,530550,,,,,,,
892970,273,2026-04-28,731,594,137,531281,,,,,,,
892970,274,2026-05-05,603,517,86,531884,,,,,,,
892970,275,2026-05-12,576,473,103,532460,,,,,,,
892970,276,2026-05-19,502,445,57,532962,,,,,,,
892970,277,2026-05-26,536,456,80,533498,,,,,,,
892970,278,2026-06-02,541,466,75,534039,,,,,,,
892970,279,2026-06-09,629,563,66,534668,,,,,,,
892970,280,2026-06-16,511,465,46,535179,,,,,,,
892970,281,2026-06-23,600,535,65,535779,,,,,,,
892970,282,2026-06-30,693,620,73,536472,,,,,,,
892970,283,2026-07-07,686,608,78,537158,,,,,,,
892970,284,2026-07-14,770,659,111,537928,,,,,,,
892970,285,2026-07-21,740,654,86,538668,,,,,,,
892970,286,2026-07-28,572,517,55,539240,,,,,,,
892970,287,2026-08-04,470,422,48,539710,,,,,,,
1167630,-77,2020-10-28,4008,3853,155,4008,,,,,,,
1167630,-76,2020-11-04,1596,1517,79,5604,,,,,,,
1167630,-75,2020-11-11,762,719,43,6366,,,,,,,
1167630,-74,2020-11-18,809,785,24,7175,,,,,,,
1167630,-73,2020-11-25,2499,2476,23,9674,,,,,,,
1167630,-72,2020-12-02,265,247,18,9939,,,,,,,
1167630,-71,2020-12-09,239,228,11,10178,,,,,,,
1167630,-70,2020-12-16,272,261,11,10450,,,,,,,
1167630,-69,2020-12-23,601,568,33,11051,,,,,,,
1167630,-68,2020-12-30,437,419,18,11488,,,,,,,
1167630,-67,2021-01-06,262,246,16,11750,,,,,,,
1167630,-66,2021-01-13,240,233,7,11990,,,,,,,
1167630,-65,2021-01-20,198,187,11,12188,,,,,,,
1167630,-64,2021-01-27,202,190,12,12390,,,,,,,
1167630,-63,2021-02-03,266,250,16,12656,,,,,,,
1167630,-62,2021-02-10,236,212,24,12892,,,,,,,
1167630,-61,2021-02-17,154,147,7,13046,,,,,,,
1167630,-60,2021-02-24,189,179,10,13235,,,,,,,
1167630,-59,2021-03-03,873,796,77,14108,,,,,,,
1167630,-58,2021-03-10,439,421,18,14547,,,,,,,
1167630,-57,2021-03-17,372,350,22,14919,,,,,,,
1167630,-56,2021-03-24,263,253,10,15182,,,,,,,
1167630,-55,2021-04-01,242,234,8,15424,,,,,,,
1167630,-54,2021-04-08,221,211,10,15645,,,,,,,
1167630,-53,2021-04-15,199,194,5,15844,,,,,,,
1167630,-52,2021-04-22,175,169,6,16019,,,,,,,
1167630,-51,2021-04-29,161,149,12,16180,,,,,,,
1167630,-50,2021-05-06,345,327,18,16525,,,,,,,
1167630,-49,2021-05-13,450,427,23,16975,,,,,,,
1167630,-48,2021-05-20,265,257,8,17240,,,,,,,
1167630,-47,2021-05-27,302,290,12,17542,,,,,,,
1167630,-46,2021-06-03,227,217,10,17769,,,,,,,
1167630,-45,2021-06-10,166,159,7,17935,,,,,,,
1167630,-44,2021-06-17,189,183,6,18124,,,,,,,
1167630,-43,2021-06-24,242,235,7,18366,,,,,,,
1167630,-42,2021-07-01,198,193,5,18564,,,,,,,
1167630,-41,2021-07-08,190,181,9,18754,,,,,,,
1167630,-40,2021-07-15,198,187,11,18952,,,,,,,
1167630,-39,2021-07-22,190,182,8,19142,,,,,,,
1167630,-38,2021-07-29,253,243,10,19395,,,,,,,
1167630,-37,2021-08-05,245,232,13,19640,,,,,,,
1167630,-36,2021-08-12,291,283,8,19931,,,,,,,
1167630,-35,2021-08-19,325,312,13,20256,,,,,,,
1167630,-34,2021-08-26,309,297,12,20565,,,,,,,
1167630,-33,2021-09-02,245,238,7,20810,,,,,,,
1167630,-32,2021-09-09,302,284,18,21112,,,,,,,
1167630,-31,2021-09-16,293,283,10,21405,,,,,,,
1167630,-30,2021-09-23,289,278,11,21694,,,,,,,
1167630,-29,2021-09-30,279,270,9,21973,,,,,,,
1167630,-28,2021-10-07,348,333,15,22321,,,,,,,
1167630,-27,2021-10-14,250,239,11,22571,,,,,,,
1167630,-26,2021-10-21,250,245,5,22821,,,,,,,
1167630,-25,2021-10-28,272,262,10,23093,,,,,,,
1167630,-24,2021-11-03,292,285,7,23385,,,,,,,
1167630,-23,2021-11-10,347,334,13,23732,,,,,,,
1167630,-22,2021-11-17,408,395,13,24140,,,,,,,
1167630,-21,2021-11-24,472,461,11,24612,,,,,,,
1167630,-20,2021-12-01,1207,1154,53,25819,,,,,,,
1167630,-19,2021-12-08,532,513,19,26351,,,,,,,
1167630,-18,2021-12-15,576,557,19,26927,,,,,,,
1167630,-17,2021-12-22,822,783,39,27749,,,,,,,
1167630,-16,2021-12-29,691,658,33,28440,,,,,,,
1167630,-15,2022-01-05,517,499,18,28957,,,,,,,
1167630,-14,2022-01-12,488,471,17,29445,,,,,,,
1167630,-13,2022-01-19,448,437,11,29893,,,,,,,
1167630,-12,2022-01-26,387,377,10,30280,,,,,,,
1167630,-11,2022-02-02,373,361,12,30653,,,,,,,
1167630,-10,2022-02-09,376,366,10,31029,,,,,,,
1167630,-9,2022-02-16,454,444,10,31483,,,,,,,
1167630,-8,2022-02-23,496,483,13,31979,,,,,,,
1167630,-7,2022-03-02,665,632,33,32644,,,,,,,
1167630,-6,2022-03-09,475,460,15,33119,,,,,,,
1167630,-5,2022-03-16,453,442,11,33572,,,,,,,
1167630,-4,2022-03-23,436,424,12,34008,,,,,,,
1167630,-3,2022-03-31,438,426,12,34446,,,,,,,
1167630,-2,2022-04-07,447,427,20,34893,,,,,,,
1167630,-1,2022-04-14,463,448,15,35356,,,,,,,
1167630,0,2022-04-21,1099,1040,59,36455,,,,,,,
1167630,1,2022-04-28,546,520,26,37001,,,,,,,
1167630,2,2022-05-05,435,426,9,37436,,,,,,,
1167630,3,2022-05-12,383,362,21,37819,,,,,,,
1167630,4,2022-05-19,358,345,13,38177,,,,,,,
1167630,5,2022-05-26,419,408,11,38596,,,,,,,
1167630,6,2022-06-02,375,367,8,38971,,,,,,,
1167630,7,2022-06-09,386,373,13,39357,,,,,,,
1167630,8,2022-06-16,514,494,20,39871,,,,,,,
1167630,9,2022-06-23,475,446,29,40346,,,,,,,
1167630,10,2022-06-30,515,489,26,40861,,,,,,,
1167630,11,2022-07-07,393,382,11,41254,,,,,,,
1167630,12,2022-07-14,367,349,18,41621,,,,,,,
1167630,13,2022-07-21,341,329,12,41962,,,,,,,
1167630,14,2022-07-28,306,300,6,42268,,,,,,,
1167630,15,2022-08-04,354,347,7,42622,,,,,,,
1167630,16,2022-08-11,302,286,16,42924,,,,,,,
1167630,17,2022-08-18,368,356,12,43292,,,,,,,
1167630,18,2022-08-25,395,384,11,43687,,,,,,,
1167630,19,2022-09-01,441,426,15,44128,,,,,,,
1167630,20,2022-09-08,386,375,11,44514,,,,,,,
1167630,21,2022-09-15,412,402,10,44926,,,,,,,
1167630,22,2022-09-22,395,385,10,45321,,,,,,,
1167630,23,2022-09-29,378,359,19,45699,,,,,,,
1167630,24,2022-10-06,358,347,11,46057,,,,,,,
1167630,25,2022-10-13,352,343,9,46409,,,,,,,
1167630,26,2022-10-20,532,509,23,46941,,,,,,,
1167630,27,2022-10-27,505,479,26,47446,,,,,,,
1167630,28,2022-11-02,406,391,15,47852,,,,,,,
1167630,29,2022-11-09,400,384,16,48252,,,,,,,
1167630,30,2022-11-16,2039,2011,28,50291,,,,,,,
1167630,31,2022-11-23,2586,2550,36,52877,,,,,,,
1167630,32,2022-11-30,436,418,18,53313,,,,,,,
1167630,33,2022-12-07,473,455,18,53786,,,,,,,
1167630,34,2022-12-14,666,642,24,54452,,,,,,,
1167630,35,2022-12-21,875,833,42,55327,,,,,,,
1167630,36,2022-12-28,831,793,38,56158,,,,,,,
1167630,37,2023-01-04,587,568,19,56745,,,,,,,
1167630,38,2023-01-11,520,498,22,57265,,,,,,,
1167630,39,2023-01-18,488,467,21,57753,,,,,,,
1167630,40,2023-01-25,500,483,17,58253,,,,,,,
1167630,41,2023-02-01,468,446,22,58721,,,,,,,
1167630,42,2023-02-08,426,411,15,59147,,,,,,,
1167630,43,2023-02-15,582,555,27,59729,,,,,,,
1167630,44,2023-02-22,452,434,18,60181,,,,,,,
1167630,45,2023-03-01,417,407,10,60598,,,,,,,
1167630,46,2023-03-08,381,371,10,60979,,,,,,,
1167630,47,2023-03-15,473,452,21,61452,,,,,,,
1167630,48,2023-03-22,433,413,20,61885,,,,,,,
1167630,49,2023-03-30,355,343,12,62240,,,,,,,
1167630,50,2023-04-06,360,347,13,62600,,,,,,,
1167630,51,2023-04-13,279,264,15,62879,,,,,,,
1167630,52,2023-04-20,323,313,10,63202,,,,,,,
1167630,53,2023-04-27,377,362,15,63579,,,,,,,
1167630,54,2023-05-04,331,320,11,63910,,,,,,,
1167630,55,2023-05-11,289,281,8,64199,,,,,,,
1167630,56,2023-05-18,313,306,7,64512,,,,,,,
1167630,57,2023-05-25,336,327,9,64848,,,,,,,
1167630,58,2023-06-01,340,324,16,65188,,,,,,,
1167630,59,2023-06-08,323,310,13,65511,,,,,,,
1167630,60,2023-06-15,745,716,29,66256,,,,,,,
1167630,61,2023-06-22,652,627,25,66908,,,,,,,
1167630,62,2023-06-29,495,479,16,67403,,,,,,,
1167630,63,2023-07-06,403,391,12,67806,,,,,,,
1167630,64,2023-07-13,349,334,15,68155,,,,,,,
1167630,65,2023-07-20,315,299,16,68470,,,,,,,
1167630,66,2023-07-27,335,322,13,68805,,,,,,,
1167630,67,2023-08-03,323,314,9,69128,,,,,,,
1167630,68,2023-08-10,347,339,8,69475,,,,,,,
1167630,69,2023-08-17,284,276,8,69759,,,,,,,
1167630,70,2023-08-24,290,284,6,70049,,,,,,,
1167630,71,2023-08-31,309,297,12,70358,,,,,,,
1167630,72,2023-09-07,261,252,9,70619,,,,,,,
1167630,73,2023-09-14,276,269,7,70895,,,,,,,
1167630,74,2023-09-21,264,255,9,71159,,,,,,,
1167630,75,2023-09-28,372,362,10,71531,,,,,,,
1167630,76,2023-10-05,326,313,13,71857,,,,,,,
1167630,77,2023-10-12,304,297,7,72161,,,,,,,
1167630,78,2023-10-19,283,276,7,72444,,,,,,,
1167630,79,2023-10-26,281,268,13,72725,,,,,,,
1167630,80,2023-11-01,264,255,9,72989,,,,,,,
1167630,81,2023-11-08,396,368,28,73385,,,,,,,
1167630,82,2023-11-15,752,680,72,74137,,,,,,,
1167630,83,2023-11-22,733,655,78,74870,,,,,,,
1167630,84,2023-11-29,483,413,70,75353,,,,,,,
1167630,85,2023-12-06,392,366,26,75745,,,,,,,
1167630,86,2023-12-13,378,351,27,76123,,,,,,,
1167630,87,2023-12-20,575,543,32,76698,,,,,,,
1167630,88,2023-12-27,557,527,30,77255,,,,,,,
1167630,89,2024-01-03,412,390,22,77667,,,,,,,
1167630,90,2024-01-10,369,349,20,78036,,,,,,,
1167630,91,2024-01-17,310,295,15,78346,,,,,,,
1167630,92,2024-01-24,352,341,11,78698,,,,,,,
1167630,93,2024-01-31,341,325,16,79039,,,,,,,
1167630,94,2024-02-07,368,355,13,79407,,,,,,,
1167630,95,2024-02-14,405,384,21,79812,,,,,,,
1167630,96,2024-02-21,326,312,14,80138,,,,,,,
1167630,97,2024-02-28,331,301,30,80469,,,,,,,
1167630,98,2024-03-06,276,257,19,80745,,,,,,,
1167630,99,2024-03-13,337,314,23,81082,,,,,,,
1167630,100,2024-03-20,333,324,9,81415,,,,,,,
1167630,101,2024-03-27,357,344,13,81772,,,,,,,
1167630,102,2024-04-04,292,279,13,82064,,,,,,,
1167630,103,2024-04-11,286,278,8,82350,,,,,,,
1167630,104,2024-04-18,383,367,16,82733,,,,,,,
1167630,105,2024-04-25,359,346,13,83092,,,,,,,
1167630,106,2024-05-02,355,341,14,83447,,,,,,,
1167630,107,2024-05-09,326,315,11,83773,,,,,,,
1167630,108,2024-05-16,288,270,18,84061,,,,,,,
1167630,109,2024-05-23,291,277,14,84352,,,,,,,
1167630,110,2024-05-30,318,308,10,84670,,,,,,,
1167630,111,2024-06-06,344,333,11,85014,,,,,,,
1167630,112,2024-06-13,390,375,15,85404,,,,,,,
1167630,113,2024-06-20,765,707,58,86169,,,,,,,
1167630,114,2024-06-27,599,559,40,86768,,,,,,,
1167630,115,2024-07-04,571,542,29,87339,,,,,,,
1167630,116,2024-07-11,425,406,19,87764,,,,,,,
1167630,117,2024-07-18,373,357,16,88137,,,,,,,
1167630,118,2024-07-25,327,313,14,88464,,,,,,,
1167630,119,2024-08-01,362,339,23,88826,,,,,,,
1167630,120,2024-08-08,394,380,14,89220,,,,,,,
1167630,121,2024-08-15,354,339,15,89574,,,,,,,
1167630,122,2024-08-22,492,469,23,90066,,,,,,,
1167630,123,2024-08-29,332,320,12,90398,,,,,,,
1167630,124,2024-09-05,284,272,12,90682,,,,,,,
1167630,125,2024-09-12,306,295,11,90988,,,,,,,
1167630,126,2024-09-19,267,263,4,91255,,,,,,,
1167630,127,2024-09-26,317,311,6,91572,,,,,,,
1167630,128,2024-10-03,322,311,11,91894,,,,,,,
1167630,129,2024-10-10,958,888,70,92852,,,,,,,
1167630,130,2024-10-17,589,566,23,93441,,,,,,,
1167630,131,2024-10-24,402,385,17,93843,,,,,,,
1167630,132,2024-10-30,327,312,15,94170,,,,,,,
1167630,133,2024-11-06,332,312,20,94502,,,,,,,
1167630,134,2024-11-13,302,286,16,94804,,,,,,,
1167630,135,2024-11-20,483,459,24,95287,,,,,,,
1167630,136,2024-11-27,543,522,21,95830,,,,,,,
1167630,137,2024-12-04,430,414,16,96260,,,,,,,
1167630,138,2024-12-11,300,291,9,96560,,,,,,,
1167630,139,2024-12-18,507,487,20,97067,,,,,,,
1167630,140,2024-12-25,782,755,27,97849,,,,,,,
1167630,141,2025-01-01,541,513,28,98390,,,,,,,
1167630,142,2025-01-08,367,351,16,98757,,,,,,,
1167630,143,2025-01-15,387,372,15,99144,,,,,,,
1167630,144,2025-01-22,335,322,13,99479,,,,,,,
1167630,145,2025-01-29,324,313,11,99803,,,,,,,
1167630,146,2025-02-05,328,301,27,100131,,,,,,,
1167630,147,2025-02-12,622,581,41,100753,,,,,,,
1167630,148,2025-02-19,392,374,18,101145,,,,,,,
1167630,149,2025-02-26,326,313,13,101471,,,,,,,
1167630,150,2025-03-05,342,331,11,101813,,,,,,,
1167630,151,2025-03-12,450,427,23,102263,,,,,,,
1167630,152,2025-03-19,482,458,24,102745,,,,,,,
1167630,153,2025-03-26,380,360,20,103125,,,,,,,
1167630,154,2025-04-03,314,305,9,103439,,,,,,,
1167630,155,2025-04-10,280,270,10,103719,,,,,,,
1167630,156,2025-04-17,296,281,15,104015,,,,,,,
1167630,157,2025-04-24,294,284,10,104309,,,,,,,
1167630,158,2025-05-01,418,399,19,104727,,,,,,,
1167630,159,2025-05-08,355,341,14,105082,,,,,,,
1167630,160,2025-05-15,311,302,9,105393,,,,,,,
1167630,161,2025-05-22,372,353,19,105765,,,,,,,
1167630,162,2025-05-29,330,319,11,106095,,,,,,,
1167630,163,2025-06-05,306,287,19,106401,,,,,,,
1167630,164,2025-06-12,256,249,7,106657,,,,,,,
1167630,165,2025-06-19,474,448,26,107131,,,,,,,
1167630,166,2025-06-26,553,529,24,107684,,,,,,,
1167630,167,2025-07-03,493,462,31,108177,,,,,,,
1167630,168,2025-07-10,400,375,25,108577,,,,,,,
1167630,169,2025-07-17,322,308,14,108899,,,,,,,
1167630,170,2025-07-24,344,327,17,109243,,,,,,,
1167630,171,2025-07-31,377,363,14,109620,,,,,,,
1167630,172,2025-08-07,285,274,11,109905,,,,,,,
1167630,173,2025-08-14,263,247,16,110168,,,,,,,
1167630,174,2025-08-21,249,242,7,110417,,,,,,,
1167630,175,2025-08-28,292,279,13,110709,,,,,,,
1167630,176,2025-09-04,266,258,8,110975,,,,,,,
1167630,177,2025-09-11,411,388,23,111386,,,,,,,
1167630,178,2025-09-18,297,283,14,111683,,,,,,,
1167630,179,2025-09-25,298,287,11,111981,,,,,,,
1167630,180,2025-10-02,428,407,21,112409,,,,,,,
1167630,181,2025-10-09,323,309,14,112732,,,,,,,
1167630,182,2025-10-16,272,262,10,113004,,,,,,,
1167630,183,2025-10-23,246,239,7,113250,,,,,,,
1167630,184,2025-10-29,382,363,19,113632,,,,,,,
1167630,185,2025-11-05,310,299,11,113942,,,,,,,
1167630,186,2025-11-12,258,250,8,114200,,,,,,,
1167630,187,2025-11-19,277,268,9,114477,,,,,,,
1167630,188,2025-11-26,316,309,7,114793,,,,,,,
1167630,189,2025-12-03,308,299,9,115101,,,,,,,
1167630,190,2025-12-10,559,543,16,115660,,,,,,,
1167630,191,2025-12-17,733,705,28,116393,,,,,,,
1167630,192,2025-12-24,828,805,23,117221,,,,,,,
1167630,193,2025-12-31,782,758,24,118003,,,,,,,
1167630,194,2026-01-07,472,452,20,118475,,,,,,,
1167630,195,2026-01-14,438,419,19,118913,,,,,,,
1167630,196,2026-01-21,536,526,10,119449,,,,,,,
1167630,197,2026-01-28,440,427,13,119889,,,,,,,
1167630,198,2026-02-04,385,375,10,120274,,,,,,,
1167630,199,2026-02-11,398,384,14,120672,,,,,,,
1167630,200,2026-02-18,440,417,23,121112,,,,,,,
1167630,201,2026-02-25,404,389,15,121516,,,,,,,
1167630,202,2026-03-04,414,402,12,121930,,,,,,,
1167630,203,2026-03-11,1625,1525,100,123555,,,,,,,
1167630,204,2026-03-18,1244,1189,55,124799,,,,,,,
1167630,205,2026-03-25,932,894,38,125731,,,,,,,
1167630,206,2026-04-02,686,653,33,126417,,,,,,,
1167630,207,2026-04-09,515,495,20,126932,,,,,,,
1167630,208,2026-04-16,513,492,21,127445,,,,,,,
1167630,209,2026-04-23,675,647,28,128120,,,,,,,
1167630,210,2026-04-30,468,445,23,128588,,,,,,,
1167630,211,2026-05-07,423,403,20,129011,,,,,,,
1167630,212,2026-05-14,394,372,22,129405,,,,,,,
1167630,213,2026-05-21,422,405,17,129827,,,,,,,
1167630,214,2026-05-28,430,413,17,130257,,,,,,,
1167630,215,2026-06-04,408,387,21,130665,,,,,,,
1167630,216,2026-06-11,652,608,44,131317,,,,,,,
1167630,217,2026-06-18,466,449,17,131783,,,,,,,
1167630,218,2026-06-25,514,486,28,132297,,,,,,,
1167630,219,2026-07-02,506,483,23,132803,,,,,,,
1167630,220,2026-07-09,411,390,21,133214,,,,,,,
1167630,221,2026-07-16,385,366,19,133599,,,,,,,
1167630,222,2026-07-23,351,340,11,133950,,,,,,,
1167630,223,2026-07-30,326,311,15,134276,,,,,,,
1167630,224,2026-08-06,154,148,6,134430,,,,,,,
753640,0,2020-06-18,1436,1326,110,1436,,,,,,,
753640,1,2020-06-25,1310,1247,63,2746,,,,,,,
753640,2,2020-07-02,966,916,50,3712,,,,,,,
753640,3,2020-07-09,789,748,41,4501,,,,,,,
753640,4,2020-07-16,520,503,17,5021,,,,,,,
753640,5,2020-07-23,393,377,16,5414,,,,,,,
753640,6,2020-07-30,285,273,12,5699,,,,,,,
753640,7,2020-08-06,234,221,13,5933,,,,,,,
753640,8,2020-08-13,237,228,9,6170,,,,,,,
753640,9,2020-08-20,252,243,9,6422,,,,,,,
753640,10,2020-08-27,212,201,11,6634,,,,,,,
753640,11,2020-09-03,210,203,7,6844,,,,,,,
753640,12,2020-09-10,162,157,5,7006,,,,,,,
753640,13,2020-09-17,138,135,3,7144,,,,,,,
753640,14,2020-09-24,120,115,5,7264,,,,,,,
753640,15,2020-10-01,131,128,3,7395,,,,,,,
753640,16,2020-10-08,729,680,49,8124,,,,,,,
753640,17,2020-10-15,429,415,14,8553,,,,,,,
753640,18,2020-10-22,312,299,13,8865,,,,,,,
753640,19,2020-10-28,275,258,17,9140,,,,,,,
753640,20,2020-11-04,244,234,10,9384,,,,,,,
753640,21,2020-11-11,193,184,9,9577,,,,,,,
753640,22,2020-11-18,430,423,7,10007,,,,,,,
753640,23,2020-11-25,2220,2204,16,12227,,,,,,,
753640,24,2020-12-02,271,254,17,12498,,,,,,,
753640,25,2020-12-09,197,184,13,12695,,,,,,,
753640,26,2020-12-16,207,199,8,12902,,,,,,,
753640,27,2020-12-23,407,392,15,13309,,,,,,,
753640,28,2020-12-30,441,423,18,13750,,,,,,,
753640,29,2021-01-06,302,287,15,14052,,,,,,,
753640,30,2021-01-13,254,243,11,14306,,,,,,,
753640,31,2021-01-20,233,226,7,14539,,,,,,,
753640,32,2021-01-27,205,200,5,14744,,,,,,,
753640,33,2021-02-03,187,178,9,14931,,,,,,,
753640,34,2021-02-10,274,264,10,15205,,,,,,,
753640,35,2021-02-17,257,247,10,15462,,,,,,,
753640,36,2021-02-24,199,189,10,15661,,,,,,,
753640,37,2021-03-03,190,185,5,15851,,,,,,,
753640,38,2021-03-10,169,159,10,16020,,,,,,,
753640,39,2021-03-17,154,149,5,16174,,,,,,,
753640,40,2021-03-24,202,188,14,16376,,,,,,,
753640,41,2021-04-01,179,167,12,16555,,,,,,,
753640,42,2021-04-08,168,160,8,16723,,,,,,,
753640,43,2021-04-15,154,141,13,16877,,,,,,,
753640,44,2021-04-22,115,110,5,16992,,,,,,,
753640,45,2021-04-29,172,168,4,17164,,,,,,,
753640,46,2021-05-06,139,134,5,17303,,,,,,,
753640,47,2021-05-13,147,142,5,17450,,,,,,,
753640,48,2021-05-20,390,355,35,17840,,,,,,,
753640,49,2021-05-27,394,360,34,18234,,,,,,,
753640,50,2021-06-03,287,273,14,18521,,,,,,,
753640,51,2021-06-10,201,193,8,18722,,,,,,,
753640,52,2021-06-17,187,172,15,18909,,,,,,,
753640,53,2021-06-24,373,351,22,19282,,,,,,,
753640,54,2021-07-01,368,344,24,19650,,,,,,,
753640,55,2021-07-08,299,284,15,19949,,,,,,,
753640,56,2021-07-15,254,241,13,20203,,,,,,,
753640,57,2021-07-22,178,163,15,20381,,,,,,,
753640,58,2021-07-29,402,378,24,20783,,,,,,,
753640,59,2021-08-05,323,309,14,21106,,,,,,,
753640,60,2021-08-12,236,222,14,21342,,,,,,,
753640,61,2021-08-19,186,177,9,21528,,,,,,,
753640,62,2021-08-26,180,173,7,21708,,,,,,,
753640,63,2021-09-02,192,186,6,21900,,,,,,,
753640,64,2021-09-09,181,176,5,22081,,,,,,,
753640,65,2021-09-16,159,151,8,22240,,,,,,,
753640,66,2021-09-23,479,461,18,22719,,,,,,,
753640,67,2021-09-30,1236,1186,50,23955,,,,,,,
753640,68,2021-10-07,714,701,13,24669,,,,,,,
753640,69,2021-10-14,444,433,11,25113,,,,,,,
753640,70,2021-10-21,403,393,10,25516,,,,,,,
753640,71,2021-10-28,433,406,27,25949,,,,,,,
753640,72,2021-11-03,342,332,10,26291,,,,,,,
753640,73,2021-11-10,296,285,11,26587,,,,,,,
753640,74,2021-11-17,269,260,9,26856,,,,,,,
753640,75,2021-11-24,718,704,14,27574,,,,,,,
753640,76,2021-12-01,362,339,23,27936,,,,,,,
753640,77,2021-12-08,262,255,7,28198,,,,,,,
753640,78,2021-12-15,281,269,12,28479,,,,,,,
753640,79,2021-12-22,443,414,29,28922,,,,,,,
753640,80,2021-12-29,538,507,31,29460,,,,,,,
753640,81,2022-01-05,465,446,19,29925,,,,,,,
753640,82,2022-01-12,367,357,10,30292,,,,,,,
753640,83,2022-01-19,302,293,9,30594,,,,,,,
753640,84,2022-01-26,333,317,16,30927,,,,,,,
753640,85,2022-02-02,338,325,13,31265,,,,,,,
753640,86,2022-02-09,261,247,14,31526,,,,,,,
753640,87,2022-02-16,226,218,8,31752,,,,,,,
753640,88,2022-02-23,171,165,6,31923,,,,,,,
753640,89,2022-03-02,194,189,5,32117,,,,,,,
753640,90,2022-03-09,167,159,8,32284,,,,,,,
753640,91,2022-03-16,188,181,7,32472,,,,,,,
753640,92,2022-03-23,135,128,7,32607,,,,,,,
753640,93,2022-03-31,176,168,8,32783,,,,,,,
753640,94,2022-04-07,245,226,19,33028,,,,,,,
753640,95,2022-04-14,243,240,3,33271,,,,,,,
753640,96,2022-04-21,220,214,6,33491,,,,,,,
753640,97,2022-04-28,231,219,12,33722,,,,,,,
753640,98,2022-05-05,184,176,8,33906,,,,,,,
753640,99,2022-05-12,196,189,7,34102,,,,,,,
753640,100,2022-05-19,315,297,18,34417,,,,,,,
753640,101,2022-05-26,347,325,22,34764,,,,,,,
753640,102,2022-06-02,274,261,13,35038,,,,,,,
753640,103,2022-06-09,208,196,12,35246,,,,,,,
753640,104,2022-06-16,225,217,8,35471,,,,,,,
753640,105,2022-06-23,276,261,15,35747,,,,,,,
753640,106,2022-06-30,314,301,13,36061,,,,,,,
753640,107,2022-07-07,306,292,14,36367,,,,,,,
753640,108,2022-07-14,263,254,9,36630,,,,,,,
753640,109,2022-07-21,288,276,12,36918,,,,,,,
753640,110,2022-07-28,258,251,7,37176,,,,,,,
753640,111,2022-08-04,216,209,7,37392,,,,,,,
753640,112,2022-08-11,223,211,12,37615,,,,,,,
753640,113,2022-08-18,273,258,15,37888,,,,,,,
753640,114,2022-08-25,248,245,3,38136,,,,,,,
753640,115,2022-09-01,196,193,3,38332,,,,,,,
753640,116,2022-09-08,184,175,9,38516,,,,,,,
753640,117,2022-09-15,249,242,7,38765,,,,,,,
753640,118,2022-09-22,234,220,14,38999,,,,,,,
753640,119,2022-09-29,229,216,13,39228,,,,,,,
753640,120,2022-10-06,170,163,7,39398,,,,,,,
753640,121,2022-10-13,195,185,10,39593,,,,,,,
753640,122,2022-10-20,190,181,9,39783,,,,,,,
753640,123,2022-10-27,169,157,12,39952,,,,,,,
753640,124,2022-11-02,244,226,18,40196,,,,,,,
753640,125,2022-11-09,259,245,14,40455,,,,,,,
753640,126,2022-11-16,320,313,7,40775,,,,,,,
753640,127,2022-11-23,407,389,18,41182,,,,,,,
753640,128,2022-11-30,284,268,16,41466,,,,,,,
753640,129,2022-12-07,236,228,8,41702,,,,,,,
753640,130,2022-12-14,204,196,8,41906,,,,,,,
753640,131,2022-12-21,336,325,11,42242,,,,,,,
753640,132,2022-12-28,435,412,23,42677,,,,,,,
753640,133,2023-01-04,390,375,15,43067,,,,,,,
753640,134,2023-01-11,339,329,10,43406,,,,,,,
753640,135,2023-01-18,258,250,8,43664,,,,,,,
753640,136,2023-01-25,266,255,11,43930,,,,,,,
753640,137,2023-02-01,268,264,4,44198,,,,,,,
753640,138,2023-02-08,243,234,9,44441,,,,,,,
753640,139,2023-02-15,242,233,9,44683,,,,,,,
753640,140,2023-02-22,289,273,16,44972,,,,,,,
753640,141,2023-03-01,258,242,16,45230,,,,,,,
753640,142,2023-03-08,237,228,9,45467,,,,,,,
753640,143,2023-03-15,258,249,9,45725,,,,,,,
753640,144,2023-03-22,273,265,8,45998,,,,,,,
753640,145,2023-03-30,305,297,8,46303,,,,,,,
753640,146,2023-04-06,273,261,12,46576,,,,,,,
753640,147,2023-04-13,245,239,6,46821,,,,,,,
753640,148,2023-04-20,226,218,8,47047,,,,,,,
753640,149,2023-04-27,215,208,7,47262,,,,,,,
753640,150,2023-05-04,304,284,20,47566,,,,,,,
753640,151,2023-05-11,318,300,18,47884,,,,,,,
753640,152,2023-05-18,269,253,16,48153,,,,,,,
753640,153,2023-05-25,244,242,2,48397,,,,,,,
753640,154,2023-06-01,222,212,10,48619,,,,,,,
753640,155,2023-06-08,202,192,10,48821,,,,,,,
753640,156,2023-06-15,198,192,6,49019,,,,,,,
753640,157,2023-06-22,233,228,5,49252,,,,,,,
753640,158,2023-06-29,351,335,16,49603,,,,,,,
753640,159,2023-07-06,352,335,17,49955,,,,,,,
753640,160,2023-07-13,347,338,9,50302,,,,,,,
753640,161,2023-07-20,239,227,12,50541,,,,,,,
753640,162,2023-07-27,259,249,10,50800,,,,,,,
753640,163,2023-08-03,307,295,12,51107,,,,,,,
753640,164,2023-08-10,323,315,8,51430,,,,,,,
753640,165,2023-08-17,262,257,5,51692,,,,,,,
753640,166,2023-08-24,250,235,15,51942,,,,,,,
753640,167,2023-08-31,290,278,12,52232,,,,,,,
753640,168,2023-09-07,266,258,8,52498,,,,,,,
753640,169,2023-09-14,249,240,9,52747,,,,,,,
753640,170,2023-09-21,331,317,14,53078,,,,,,,
753640,171,2023-09-28,343,327,16,53421,,,,,,,
753640,172,2023-10-05,227,218,9,53648,,,,,,,
753640,173,2023-10-12,220,218,2,53868,,,,,,,
753640,174,2023-10-19,204,197,7,54072,,,,,,,
753640,175,2023-10-26,272,255,17,54344,,,,,,,
753640,176,2023-11-01,303,289,14,54647,,,,,,,
753640,177,2023-11-08,240,230,10,54887,,,,,,,
753640,178,2023-11-15,324,317,7,55211,,,,,,,
753640,179,2023-11-22,465,446,19,55676,,,,,,,
753640,180,2023-11-29,315,301,14,55991,,,,,,,
753640,181,2023-12-06,317,304,13,56308,,,,,,,
753640,182,2023-12-13,255,244,11,56563,,,,,,,
753640,183,2023-12-20,428,408,20,56991,,,,,,,
753640,184,2023-12-27,584,553,31,57575,,,,,,,
753640,185,2024-01-03,541,520,21,58116,,,,,,,
753640,186,2024-01-10,394,381,13,58510,,,,,,,
753640,187,2024-01-17,383,363,20,58893,,,,,,,
753640,188,2024-01-24,312,298,14,59205,,,,,,,
753640,189,2024-01-31,313,297,16,59518,,,,,,,
753640,190,2024-02-07,314,301,13,59832,,,,,,,
753640,191,2024-02-14,377,363,14,60209,,,,,,,
753640,192,2024-02-21,398,383,15,60607,,,,,,,
753640,193,2024-02-28,341,328,13,60948,,,,,,,
753640,194,2024-03-06,282,267,15,61230,,,,,,,
753640,195,2024-03-13,333,316,17,61563,,,,,,,
753640,196,2024-03-20,354,342,12,61917,,,,,,,
753640,197,2024-03-27,343,331,12,62260,,,,,,,
753640,198,2024-04-04,310,304,6,62570,,,,,,,
753640,199,2024-04-11,319,303,16,62889,,,,,,,
753640,200,2024-04-18,334,325,9,63223,,,,,,,
753640,201,2024-04-25,327,312,15,63550,,,,,,,
753640,202,2024-05-02,298,288,10,63848,,,,,,,
753640,203,2024-05-09,283,274,9,64131,,,,,,,
753640,204,2024-05-16,256,247,9,64387,,,,,,,
753640,205,2024-05-23,345,330,15,64732,,,,,,,
753640,206,2024-05-30,388,380,8,65120,,,,,,,
753640,207,2024-06-06,365,351,14,65485,,,,,,,
753640,208,2024-06-13,317,314,3,65802,,,,,,,
753640,209,2024-06-20,298,284,14,66100,,,,,,,
753640,210,2024-06-27,393,375,18,66493,,,,,,,
753640,211,2024-07-04,399,377,22,66892,,,,,,,
753640,212,2024-07-11,476,453,23,67368,,,,,,,
753640,213,2024-07-18,426,405,21,67794,,,,,,,
753640,214,2024-07-25,348,333,15,68142,,,,,,,
753640,215,2024-08-01,315,308,7,68457,,,,,,,
753640,216,2024-08-08,315,296,19,68772,,,,,,,
753640,217,2024-08-15,300,289,11,69072,,,,,,,
753640,218,2024-08-22,316,308,8,69388,,,,,,,
753640,219,2024-08-29,381,372,9,69769,,,,,,,
753640,220,2024-09-05,373,362,11,70142,,,,,,,
753640,221,2024-09-12,293,285,8,70435,,,,,,,
753640,222,2024-09-19,286,274,12,70721,,,,,,,
753640,223,2024-09-26,295,285,10,71016,,,,,,,
753640,224,2024-10-03,288,283,5,71304,,,,,,,
753640,225,2024-10-10,236,228,8,71540,,,,,,,
753640,226,2024-10-17,249,240,9,71789,,,,,,,
753640,227,2024-10-24,227,212,15,72016,,,,,,,
753640,228,2024-10-30,354,337,17,72370,,,,,,,
753640,229,2024-11-06,327,310,17,72697,,,,,,,
753640,230,2024-11-13,265,252,13,72962,,,,,,,
753640,231,2024-11-20,245,227,18,73207,,,,,,,
753640,232,2024-11-27,432,417,15,73639,,,,,,,
753640,233,2024-12-04,409,390,19,74048,,,,,,,
753640,234,2024-12-11,445,425,20,74493,,,,,,,
753640,235,2024-12-18,468,445,23,74961,,,,,,,
753640,236,2024-12-25,545,510,35,75506,,,,,,,
753640,237,2025-01-01,573,550,23,76079,,,,,,,
753640,238,2025-01-08,423,407,16,76502,,,,,,,
753640,239,2025-01-15,433,412,21,76935,,,,,,,
753640,240,2025-01-22,529,501,28,77464,,,,,,,
753640,241,2025-01-29,440,427,13,77904,,,,,,,
753640,242,2025-02-05,327,319,8,78231,,,,,,,
753640,243,2025-02-12,339,325,14,78570,,,,,,,
753640,244,2025-02-19,361,343,18,78931,,,,,,,
753640,245,2025-02-26,388,369,19,79319,,,,,,,
753640,246,2025-03-05,358,342,16,79677,,,,,,,
753640,247,2025-03-12,440,419,21,80117,,,,,,,
753640,248,2025-03-19,407,390,17,80524,,,,,,,
753640,249,2025-03-26,350,337,13,80874,,,,,,,
753640,250,2025-04-03,293,282,11,81167,,,,,,,
753640,251,2025-04-10,317,299,18,81484,,,,,,,
753640,252,2025-04-17,421,399,22,81905,,,,,,,
753640,253,2025-04-24,326,305,21,82231,,,,,,,
753640,254,2025-05-01,334,319,15,82565,,,,,,,
753640,255,2025-05-08,285,268,17,82850,,,,,,,
753640,256,2025-05-15,302,289,13,83152,,,,,,,
753640,257,2025-05-22,240,236,4,83392,,,,,,,
753640,258,2025-05-29,333,317,16,83725,,,,,,,
753640,259,2025-06-05,346,330,16,84071,,,,,,,
753640,260,2025-06-12,313,299,14,84384,,,,,,,
753640,261,2025-06-19,331,320,11,84715,,,,,,,
753640,262,2025-06-26,408,382,26,85123,,,,,,,
753640,263,2025-07-03,477,448,29,85600,,,,,,,
753640,264,2025-07-10,478,452,26,86078,,,,,,,
753640,265,2025-07-17,453,432,21,86531,,,,,,,
753640,266,2025-07-24,429,410,19,86960,,,,,,,
753640,267,2025-07-31,370,350,20,87330,,,,,,,
753640,268,2025-08-07,337,321,16,87667,,,,,,,
753640,269,2025-08-14,354,337,17,88021,,,,,,,
753640,270,2025-08-21,388,370,18,88409,,,,,,,
753640,271,2025-08-28,425,403,22,88834,,,,,,,
753640,272,2025-09-04,406,388,18,89240,,,,,,,
753640,273,2025-09-11,298,281,17,89538,,,,,,,
753640,274,2025-09-18,249,239,10,89787,,,,,,,
753640,275,2025-09-25,270,256,14,90057,,,,,,,
753640,276,2025-10-02,396,379,17,90453,,,,,,,
753640,277,2025-10-09,369,347,22,90822,,,,,,,
753640,278,2025-10-16,365,347,18,91187,,,,,,,
753640,279,2025-10-23,318,301,17,91505,,,,,,,
753640,280,2025-10-29,281,271,10,91786,,,,,,,
753640,281,2025-11-05,291,280,11,92077,,,,,,,
753640,282,2025-11-12,245,241,4,92322,,,,,,,
753640,283,2025-11-19,325,306,19,92647,,,,,,,
753640,284,2025-11-26,396,376,20,93043,,,,,,,
753640,285,2025-12-03,312,298,14,93355,,,,,,,
753640,286,2025-12-10,266,256,10,93621,,,,,,,
753640,287,2025-12-17,367,347,20,93988,,,,,,,
753640,288,2025-12-24,452,429,23,94440,,,,,,,
753640,289,2025-12-31,492,468,24,94932,,,,,,,
753640,290,2026-01-07,447,432,15,95379,,,,,,,
753640,291,2026-01-14,402,379,23,95781,,,,,,,
753640,292,2026-01-21,358,343,15,96139,,,,,,,
753640,293,2026-01-28,323,303,20,96462,,,,,,,
753640,294,2026-02-04,307,292,15,96769,,,,,,,
753640,295,2026-02-11,265,254,11,97034,,,,,,,
753640,296,2026-02-18,318,299,19,97352,,,,,,,
753640,297,2026-02-25,429,408,21,97781,,,,,,,
753640,298,2026-03-04,379,359,20,98160,,,,,,,
753640,299,2026-03-11,325,311,14,98485,,,,,,,
753640,300,2026-03-18,385,363,22,98870,,,,,,,
753640,301,2026-03-25,351,334,17,99221,,,,,,,
753640,302,2026-04-02,345,329,16,99566,,,,,,,
753640,303,2026-04-09,396,380,16,99962,,,,,,,
753640,304,2026-04-16,394,372,22,100356,,,,,,,
753640,305,2026-04-23,362,349,13,100718,,,,,,,
753640,306,2026-04-30,332,315,17,101050,,,,,,,
753640,307,2026-05-07,336,313,23,101386,,,,,,,
753640,308,2026-05-14,316,304,12,101702,,,,,,,
753640,309,2026-05-21,374,336,38,102076,,,,,,,
753640,310,2026-05-28,443,422,21,102519,,,,,,,
753640,311,2026-06-04,486,468,18,103005,,,,,,,
753640,312,2026-06-11,356,345,11,103361,,,,,,,
753640,313,2026-06-18,340,323,17,103701,,,,,,,
753640,314,2026-06-25,379,363,16,104080,,,,,,,
753640,315,2026-07-02,465,437,28,104545,,,,,,,
753640,316,2026-07-09,411,383,28,104956,,,,,,,
753640,317,2026-07-16,437,418,19,105393,,,,,,,
753640,318,2026-07-23,391,372,19,105784,,,,,,,
753640,319,2026-07-30,332,312,20,106116,,,,,,,
753640,320,2026-08-06,152,144,8,106268,,,,,,,
1203620,0,2024-01-24,15865,13877,1988,15865,,,,,,,
1203620,1,2024-01-31,9658,8527,1131,25523,,,,,,,
1203620,2,2024-02-07,5431,4828,603,30954,,,,,,,
1203620,3,2024-02-14,3386,2998,388,34340,,,,,,,
1203620,4,2024-02-21,2784,2470,314,37124,,,,,,,
1203620,5,2024-02-28,1613,1393,220,38737,,,,,,,
1203620,6,2024-03-06,1208,1035,173,39945,,,,,,,
1203620,7,2024-03-13,1173,1010,163,41118,,,,,,,
1203620,8,2024-03-20,1246,1103,143,42364,,,,,,,
1203620,9,2024-03-27,1533,1373,160,43897,,,,,,,
1203620,10,2024-04-03,758,646,112,44655,,,,,,,
1203620,11,2024-04-10,600,519,81,45255,,,,,,,
1203620,12,2024-04-17,530,460,70,45785,,,,,,,
1203620,13,2024-04-24,381,316,65,46166,,,,,,,
1203620,14,2024-05-01,416,352,64,46582,,,,,,,
1203620,15,2024-05-08,369,306,63,46951,,,,,,,
1203620,16,2024-05-15,301,247,54,47252,,,,,,,
1203620,17,2024-05-22,296,248,48,47548,,,,,,,
1203620,18,2024-05-29,558,438,120,48106,,,,,,,
1203620,19,2024-06-05,782,639,143,48888,,,,,,,
1203620,20,2024-06-12,451,381,70,49339,,,,,,,
1203620,21,2024-06-19,390,321,69,49729,,,,,,,
1203620,22,2024-06-26,385,307,78,50114,,,,,,,
1203620,23,2024-07-03,424,339,85,50538,,,,,,,
1203620,24,2024-07-10,352,289,63,50890,,,,,,,
1203620,25,2024-07-17,250,204,46,51140,,,,,,,
1203620,26,2024-07-24,379,320,59,51519,,,,,,,
1203620,27,2024-07-31,560,434,126,52079,,,,,,,
1203620,28,2024-08-07,429,364,65,52508,,,,,,,
1203620,29,2024-08-14,294,233,61,52802,,,,,,,
1203620,30,2024-08-21,208,173,35,53010,,,,,,,
1203620,31,2024-08-28,203,169,34,53213,,,,,,,
1203620,32,2024-09-04,194,167,27,53407,,,,,,,
1203620,33,2024-09-11,218,169,49,53625,,,,,,,
1203620,34,2024-09-18,255,212,43,53880,,,,,,,
1203620,35,2024-09-25,205,172,33,54085,,,,,,,
1203620,36,2024-10-02,177,153,24,54262,,,,,,,
1203620,37,2024-10-09,176,151,25,54438,,,,,,,
1203620,38,2024-10-16,144,125,19,54582,,,,,,,
1203620,39,2024-10-23,157,134,23,54739,,,,,,,
1203620,40,2024-10-30,280,256,24,55019,,,,,,,
1203620,41,2024-11-06,1048,865,183,56067,,,,,,,
1203620,42,2024-11-13,976,805,171,57043,,,,,,,
1203620,43,2024-11-20,873,763,110,57916,,,,,,,
1203620,44,2024-11-27,5279,5137,142,63195,,,,,,,
1203620,45,2024-12-04,863,778,85,64058,,,,,,,
1203620,46,2024-12-11,410,350,60,64468,,,,,,,
1203620,47,2024-12-18,417,335,82,64885,,,,,,,
1203620,48,2024-12-25,471,408,63,65356,,,,,,,
1203620,49,2025-01-01,545,471,74,65901,,,,,,,
1203620,50,2025-01-08,407,344,63,66308,,,,,,,
1203620,51,2025-01-15,353,306,47,66661,,,,,,,
1203620,52,2025-01-22,526,462,64,67187,,,,,,,
1203620,53,2025-01-29,1006,839,167,68193,,,,,,,
1203620,54,2025-02-05,795,643,152,68988,,,,,,,
1203620,55,2025-02-12,894,781,113,69882,,,,,,,
1203620,56,2025-02-19,590,493,97,70472,,,,,,,
1203620,57,2025-02-26,573,508,65,71045,,,,,,,
1203620,58,2025-03-05,414,361,53,71459,,,,,,,
1203620,59,2025-03-12,439,369,70,71898,,,,,,,
1203620,60,2025-03-19,381,330,51,72279,,,,,,,
1203620,61,2025-03-26,337,278,59,72616,,,,,,,
1203620,62,2025-04-02,327,254,73,72943,,,,,,,
1203620,63,2025-04-09,415,323,92,73358,,,,,,,
1203620,64,2025-04-16,415,337,78,73773,,,,,,,
1203620,65,2025-04-23,342,287,55,74115,,,,,,,
1203620,66,2025-04-30,316,263,53,74431,,,,,,,
1203620,67,2025-05-07,400,350,50,74831,,,,,,,
1203620,68,2025-05-14,939,716,223,75770,,,,,,,
1203620,69,2025-05-21,874,696,178,76644,,,,,,,
1203620,70,2025-05-28,540,445,95,77184,,,,,,,
1203620,71,2025-06-04,539,465,74,77723,,,,,,,
1203620,72,2025-06-11,328,268,60,78051,,,,,,,
1203620,73,2025-06-18,309,257,52,78360,,,,,,,
1203620,74,2025-06-25,333,264,69,78693,,,,,,,
1203620,75,2025-07-02,305,253,52,78998,,,,,,,
1203620,76,2025-07-09,334,267,67,79332,,,,,,,
1203620,77,2025-07-16,283,228,55,79615,,,,,,,
1203620,78,2025-07-23,284,233,51,79899,,,,,,,
1203620,79,2025-07-30,277,236,41,80176,,,,,,,
1203620,80,2025-08-06,204,177,27,80380,,,,,,,
1203620,81,2025-08-13,224,183,41,80604,,,,,,,
1203620,82,2025-08-20,429,335,94,81033,,,,,,,
1203620,83,2025-08-27,386,304,82,81419,,,,,,,
1203620,84,2025-09-03,313,258,55,81732,,,,,,,
1203620,85,2025-09-10,222,193,29,81954,,,,,,,
1203620,86,2025-09-17,192,167,25,82146,,,,,,,
1203620,87,2025-09-24,237,200,37,82383,,,,,,,
1203620,88,2025-10-01,284,231,53,82667,,,,,,,
1203620,89,2025-10-08,248,202,46,82915,,,,,,,
1203620,90,2025-10-15,275,229,46,83190,,,,,,,
1203620,91,2025-10-22,282,231,51,83472,,,,,,,
1203620,92,2025-10-29,214,174,40,83686,,,,,,,
1203620,93,2025-11-05,666,570,96,84352,,,,,,,
1203620,94,2025-11-12,1042,841,201,85394,,,,,,,
1203620,95,2025-11-19,1579,1419,160,86973,,,,,,,
1203620,96,2025-11-26,2054,1906,148,89027,,,,,,,
1203620,97,2025-12-03,685,604,81,89712,,,,,,,
1203620,98,2025-12-10,498,420,78,90210,,,,,,,
1203620,99,2025-12-17,579,480,99,90789,,,,,,,
1203620,100,2025-12-24,608,488,120,91397,,,,,,,
1203620,101,2025-12-31,747,602,145,92144,,,,,,,
1203620,102,2026-01-07,589,497,92,92733,,,,,,,
1203620,103,2026-01-14,512,398,114,93245,,,,,,,
1203620,104,2026-01-21,738,640,98,93983,,,,,,,
1203620,105,2026-01-28,652,534,118,94635,,,,,,,
1203620,106,2026-02-04,538,442,96,95173,,,,,,,
1203620,107,2026-02-11,442,369,73,95615,,,,,,,
1203620,108,2026-02-18,439,363,76,96054,,,,,,,
1203620,109,2026-02-25,338,286,52,96392,,,,,,,
1203620,110,2026-03-04,310,257,53,96702,,,,,,,
1203620,111,2026-03-11,441,343,98,97143,,,,,,,
1203620,112,2026-03-18,412,324,88,97555,,,,,,,
1203620,113,2026-03-25,327,273,54,97882,,,,,,,
1203620,114,2026-04-01,289,225,64,98171,,,,,,,
1203620,115,2026-04-08,281,226,55,98452,,,,,,,
1203620,116,2026-04-15,390,326,64,98842,,,,,,,
1203620,117,2026-04-22,697,520,177,99539,,,,,,,
1203620,118,2026-04-29,619,446,173,100158,,,,,,,
1203620,119,2026-05-06,625,474,151,100783,,,,,,,
1203620,120,2026-05-13,383,291,92,101166,,,,,,,
1203620,121,2026-05-20,322,247,75,101488,,,,,,,
1203620,122,2026-05-27,276,194,82,101764,,,,,,,
1203620,123,2026-06-03,272,207,65,102036,,,,,,,
1203620,124,2026-06-10,255,196,59,102291,,,,,,,
1203620,125,2026-06-17,241,185,56,102532,,,,,,,
1203620,126,2026-06-24,300,237,63,102832,,,,,,,
1203620,127,2026-07-01,354,252,102,103186,,,,,,,
1203620,128,2026-07-08,316,254,62,103502,,,,,,,
1203620,129,2026-07-15,239,189,50,103741,,,,,,,
1203620,130,2026-07-22,224,186,38,103965,,,,,,,
1203620,131,2026-07-29,210,161,49,104175,,,,,,,
1203620,132,2026-08-05,147,128,19,104322,,,,,,,
962130,-113,2020-07-28,3294,2789,505,3294,,,,,,,
962130,-112,2020-08-04,2110,1885,225,5404,,,,,,,
962130,-111,2020-08-11,1211,1104,107,6615,,,,,,,
962130,-110,2020-08-18,666,607,59,7281,,,,,,,
962130,-109,2020-08-25,843,779,64,8124,,,,,,,
962130,-108,2020-09-01,585,525,60,8709,,,,,,,
962130,-107,2020-09-08,430,381,49,9139,,,,,,,
962130,-106,2020-09-15,286,245,41,9425,,,,,,,
962130,-105,2020-09-22,235,215,20,9660,,,,,,,
962130,-104,2020-09-29,265,242,23,9925,,,,,,,
962130,-103,2020-10-06,226,207,19,10151,,,,,,,
962130,-102,2020-10-13,132,115,17,10283,,,,,,,
962130,-101,2020-10-20,147,118,29,10430,,,,,,,
962130,-100,2020-10-26,136,117,19,10566,,,,,,,
962130,-99,2020-11-02,167,150,17,10733,,,,,,,
962130,-98,2020-11-09,1089,901,188,11822,,,,,,,
962130,-97,2020-11-16,316,280,36,12138,,,,,,,
962130,-96,2020-11-23,1776,1749,27,13914,,,,,,,
962130,-95,2020-11-30,198,187,11,14112,,,,,,,
962130,-94,2020-12-07,115,105,10,14227,,,,,,,
962130,-93,2020-12-14,136,123,13,14363,,,,,,,
962130,-92,2020-12-21,183,162,21,14546,,,,,,,
962130,-91,2020-12-28,183,165,18,14729,,,,,,,
962130,-90,2021-01-04,164,147,17,14893,,,,,,,
962130,-89,2021-01-11,167,147,20,15060,,,,,,,
962130,-88,2021-01-18,198,171,27,15258,,,,,,,
962130,-87,2021-01-25,229,203,26,15487,,,,,,,
962130,-86,2021-02-01,312,285,27,15799,,,,,,,
962130,-85,2021-02-08,219,196,23,16018,,,,,,,
962130,-84,2021-02-15,190,159,31,16208,,,,,,,
962130,-83,2021-02-22,218,185,33,16426,,,,,,,
962130,-82,2021-03-01,182,164,18,16608,,,,,,,
962130,-81,2021-03-08,160,141,19,16768,,,,,,,
962130,-80,2021-03-15,114,103,11,16882,,,,,,,
962130,-79,2021-03-22,137,119,18,17019,,,,,,,
962130,-78,2021-03-30,185,171,14,17204,,,,,,,
962130,-77,2021-04-06,180,167,13,17384,,,,,,,
962130,-76,2021-04-13,121,104,17,17505,,,,,,,
962130,-75,2021-04-20,119,105,14,17624,,,,,,,
962130,-74,2021-04-27,155,137,18,17779,,,,,,,
962130,-73,2021-05-04,146,133,13,17925,,,,,,,
962130,-72,2021-05-11,122,110,12,18047,,,,,,,
962130,-71,2021-05-18,106,88,18,18153,,,,,,,
962130,-70,2021-05-25,117,97,20,18270,,,,,,,
962130,-69,2021-06-01,85,72,13,18355,,,,,,,
962130,-68,2021-06-08,96,86,10,18451,,,,,,,
962130,-67,2021-06-15,114,103,11,18565,,,,,,,
962130,-66,2021-06-22,122,106,16,18687,,,,,,,
962130,-65,2021-06-29,243,216,27,18930,,,,,,,
962130,-64,2021-07-06,187,164,23,19117,,,,,,,
962130,-63,2021-07-13,188,151,37,19305,,,,,,,
962130,-62,2021-07-20,163,150,13,19468,,,,,,,
962130,-61,2021-07-27,2604,2073,531,22072,,,,,,,
962130,-60,2021-08-03,1363,1233,130,23435,,,,,,,
962130,-59,2021-08-10,430,345,85,23865,,,,,,,
962130,-58,2021-08-17,265,224,41,24130,,,,,,,
962130,-57,2021-08-24,264,214,50,24394,,,,,,,
962130,-56,2021-08-31,186,159,27,24580,,,,,,,
962130,-55,2021-09-07,169,147,22,24749,,,,,,,
962130,-54,2021-09-14,183,151,32,24932,,,,,,,
962130,-53,2021-09-21,134,110,24,25066,,,,,,,
962130,-52,2021-09-28,111,96,15,25177,,,,,,,
962130,-51,2021-10-05,146,130,16,25323,,,,,,,
962130,-50,2021-10-12,146,136,10,25469,,,,,,,
962130,-49,2021-10-19,267,235,32,25736,,,,,,,
962130,-48,2021-10-26,277,249,28,26013,,,,,,,
962130,-47,2021-11-01,184,164,20,26197,,,,,,,
962130,-46,2021-11-08,174,154,20,26371,,,,,,,
962130,-45,2021-11-15,157,143,14,26528,,,,,,,
962130,-44,2021-11-22,372,357,15,26900,,,,,,,
962130,-43,2021-11-29,137,120,17,27037,,,,,,,
962130,-42,2021-12-06,148,134,14,27185,,,,,,,
962130,-41,2021-12-13,103,91,12,27288,,,,,,,
962130,-40,2021-12-20,131,118,13,27419,,,,,,,
962130,-39,2021-12-27,130,117,13,27549,,,,,,,
962130,-38,2022-01-03,157,138,19,27706,,,,,,,
962130,-37,2022-01-10,138,127,11,27844,,,,,,,
962130,-36,2022-01-17,176,161,15,28020,,,,,,,
962130,-35,2022-01-24,203,191,12,28223,,,,,,,
962130,-34,2022-01-31,312,288,24,28535,,,,,,,
962130,-33,2022-02-07,990,846,144,29525,,,,,,,
962130,-32,2022-02-14,465,420,45,29990,,,,,,,
962130,-31,2022-02-21,235,217,18,30225,,,,,,,
962130,-30,2022-02-28,206,180,26,30431,,,,,,,
962130,-29,2022-03-07,174,153,21,30605,,,,,,,
962130,-28,2022-03-14,183,163,20,30788,,,,,,,
962130,-27,2022-03-21,148,123,25,30936,,,,,,,
962130,-26,2022-03-29,172,143,29,31108,,,,,,,
962130,-25,2022-04-05,170,142,28,31278,,,,,,,
962130,-24,2022-04-12,151,141,10,31429,,,,,,,
962130,-23,2022-04-19,176,148,28,31605,,,,,,,
962130,-22,2022-04-26,202,172,30,31807,,,,,,,
962130,-21,2022-05-03,222,197,25,32029,,,,,,,
962130,-20,2022-05-10,289,247,42,32318,,,,,,,
962130,-19,2022-05-17,267,238,29,32585,,,,,,,
962130,-18,2022-05-24,199,178,21,32784,,,,,,,
962130,-17,2022-05-31,183,149,34,32967,,,,,,,
962130,-16,2022-06-07,201,182,19,33168,,,,,,,
962130,-15,2022-06-14,166,149,17,33334,,,,,,,
962130,-14,2022-06-21,154,132,22,33488,,,,,,,
962130,-13,2022-06-28,134,121,13,33622,,,,,,,
962130,-12,2022-07-05,145,130,15,33767,,,,,,,
962130,-11,2022-07-12,142,121,21,33909,,,,,,,
962130,-10,2022-07-19,173,143,30,34082,,,,,,,
962130,-9,2022-07-26,147,125,22,34229,,,,,,,
962130,-8,2022-08-02,179,159,20,34408,,,,,,,
962130,-7,2022-08-09,162,143,19,34570,,,,,,,
962130,-6,2022-08-16,153,138,15,34723,,,,,,,
962130,-5,2022-08-23,229,199,30,34952,,,,,,,
962130,-4,2022-08-30,236,204,32,35188,,,,,,,
962130,-3,2022-09-06,154,129,25,35342,,,,,,,
962130,-2,2022-09-13,154,133,21,35496,,,,,,,
962130,-1,2022-09-20,151,139,12,35647,,,,,,,
962130,0,2022-09-27,1246,1088,158,36893,,,,,,,
962130,1,2022-10-04,979,869,110,37872,,,,,,,
962130,2,2022-10-11,946,848,98,38818,,,,,,,
962130,3,2022-10-18,849,736,113,39667,,,,,,,
962130,4,2022-10-25,630,530,100,40297,,,,,,,
962130,5,2022-10-31,466,418,48,40763,,,,,,,
962130,6,2022-11-07,422,381,41,41185,,,,,,,
962130,7,2022-11-14,368,325,43,41553,,,,,,,
962130,8,2022-11-21,3405,3301,104,44958,,,,,,,
962130,9,2022-11-28,866,784,82,45824,,,,,,,
962130,10,2022-12-05,557,506,51,46381,,,,,,,
962130,11,2022-12-12,414,379,35,46795,,,,,,,
962130,12,2022-12-19,523,468,55,47318,,,,,,,
962130,13,2022-12-26,939,835,104,48257,,,,,,,
962130,14,2023-01-02,878,799,79,49135,,,,,,,
962130,15,2023-01-09,549,500,49,49684,,,,,,,
962130,16,2023-01-16,393,364,29,50077,,,,,,,
962130,17,2023-01-23,541,506,35,50618,,,,,,,
962130,18,2023-01-30,376,338,38,50994,,,,,,,
962130,19,2023-02-06,258,241,17,51252,,,,,,,
962130,20,2023-02-13,278,253,25,51530,,,,,,,
962130,21,2023-02-20,246,232,14,51776,,,,,,,
962130,22,2023-02-27,229,204,25,52005,,,,,,,
962130,23,2023-03-06,219,199,20,52224,,,,,,,
962130,24,2023-03-13,194,176,18,52418,,,,,,,
962130,25,2023-03-20,175,163,12,52593,,,,,,,
962130,26,2023-03-28,185,168,17,52778,,,,,,,
962130,27,2023-04-04,224,181,43,53002,,,,,,,
962130,28,2023-04-11,247,238,9,53249,,,,,,,
962130,29,2023-04-18,339,313,26,53588,,,,,,,
962130,30,2023-04-25,852,760,92,54440,,,,,,,
962130,31,2023-05-02,601,551,50,55041,,,,,,,
962130,32,2023-05-09,415,392,23,55456,,,,,,,
962130,33,2023-05-16,298,274,24,55754,,,,,,,
962130,34,2023-05-23,325,300,25,56079,,,,,,,
962130,35,2023-05-30,230,214,16,56309,,,,,,,
962130,36,2023-06-06,199,187,12,56508,,,,,,,
962130,37,2023-06-13,447,389,58,56955,,,,,,,
962130,38,2023-06-20,376,333,43,57331,,,,,,,
962130,39,2023-06-27,365,323,42,57696,,,,,,,
962130,40,2023-07-04,417,362,55,58113,,,,,,,
962130,41,2023-07-11,477,432,45,58590,,,,,,,
962130,42,2023-07-18,297,276,21,58887,,,,,,,
962130,43,2023-07-25,244,220,24,59131,,,,,,,
962130,44,2023-08-01,226,216,10,59357,,,,,,,
962130,45,2023-08-08,185,174,11,59542,,,,,,,
962130,46,2023-08-15,229,209,20,59771,,,,,,,
962130,47,2023-08-22,180,163,17,59951,,,,,,,
962130,48,2023-08-29,158,143,15,60109,,,,,,,
962130,49,2023-09-05,144,131,13,60253,,,,,,,
962130,50,2023-09-12,188,172,16,60441,,,,,,,
962130,51,2023-09-19,254,225,29,60695,,,,,,,
962130,52,2023-09-26,257,236,21,60952,,,,,,,
962130,53,2023-10-03,260,229,31,61212,,,,,,,
962130,54,2023-10-10,205,188,17,61417,,,,,,,
962130,55,2023-10-17,166,149,17,61583,,,,,,,
962130,56,2023-10-24,136,126,10,61719,,,,,,,
962130,57,2023-10-30,189,178,11,61908,,,,,,,
962130,58,2023-11-06,203,195,8,62111,,,,,,,
962130,59,2023-11-13,908,764,144,63019,,,,,,,
962130,60,2023-11-20,1244,1176,68,64263,,,,,,,
962130,61,2023-11-27,443,406,37,64706,,,,,,,
962130,62,2023-12-04,267,244,23,64973,,,,,,,
962130,63,2023-12-11,293,265,28,65266,,,,,,,
962130,64,2023-12-18,281,245,36,65547,,,,,,,
962130,65,2023-12-25,341,305,36,65888,,,,,,,
962130,66,2024-01-01,342,303,39,66230,,,,,,,
962130,67,2024-01-08,249,227,22,66479,,,,,,,
962130,68,2024-01-15,218,205,13,66697,,,,,,,
962130,69,2024-01-22,179,155,24,66876,,,,,,,
962130,70,2024-01-29,213,186,27,67089,,,,,,,
962130,71,2024-02-05,209,197,12,67298,,,,,,,
962130,72,2024-02-12,216,205,11,67514,,,,,,,
962130,73,2024-02-19,181,167,14,67695,,,,,,,
962130,74,2024-02-26,148,139,9,67843,,,,,,,
962130,75,2024-03-04,139,128,11,67982,,,,,,,
962130,76,2024-03-11,180,158,22,68162,,,,,,,
962130,77,2024-03-18,221,196,25,68383,,,,,,,
962130,78,2024-03-25,204,192,12,68587,,,,,,,
962130,79,2024-04-02,166,158,8,68753,,,,,,,
962130,80,2024-04-09,168,166,2,68921,,,,,,,
962130,81,2024-04-16,871,764,107,69792,,,,,,,
962130,82,2024-04-23,600,542,58,70392,,,,,,,
962130,83,2024-04-30,434,386,48,70826,,,,,,,
962130,84,2024-05-07,379,342,37,71205,,,,,,,
962130,85,2024-05-14,263,241,22,71468,,,,,,,
962130,86,2024-05-21,190,175,15,71658,,,,,,,
962130,87,2024-05-28,194,178,16,71852,,,,,,,
962130,88,2024-06-04,192,174,18,72044,,,,,,,
962130,89,2024-06-11,201,176,25,72245,,,,,,,
962130,90,2024-06-18,263,247,16,72508,,,,,,,
962130,91,2024-06-25,245,224,21,72753,,,,,,,
962130,92,2024-07-02,362,305,57,73115,,,,,,,
962130,93,2024-07-09,318,282,36,73433,,,,,,,
962130,94,2024-07-16,229,200,29,73662,,,,,,,
962130,95,2024-07-23,203,177,26,73865,,,,,,,
962130,96,2024-07-30,179,161,18,74044,,,,,,,
962130,97,2024-08-06,155,134,21,74199,,,,,,,
962130,98,2024-08-13,205,192,13,74404,,,,,,,
962130,99,2024-08-20,148,138,10,74552,,,,,,,
962130,100,2024-08-27,127,113,14,74679,,,,,,,
962130,101,2024-09-03,139,132,7,74818,,,,,,,
962130,102,2024-09-10,117,110,7,74935,,,,,,,
962130,103,2024-09-17,165,149,16,75100,,,,,,,
962130,104,2024-09-24,284,250,34,75384,,,,,,,
962130,105,2024-10-01,296,265,31,75680,,,,,,,
962130,106,2024-10-08,174,157,17,75854,,,,,,,
962130,107,2024-10-15,149,132,17,76003,,,,,,,
962130,108,2024-10-22,151,136,15,76154,,,,,,,
962130,109,2024-10-28,150,141,9,76304,,,,,,,
962130,110,2024-11-04,156,140,16,76460,,,,,,,
962130,111,2024-11-11,193,171,22,76653,,,,,,,
962130,112,2024-11-18,222,202,20,76875,,,,,,,
962130,113,2024-11-25,701,674,27,77576,,,,,,,
962130,114,2024-12-02,339,320,19,77915,,,,,,,
962130,115,2024-12-09,194,173,21,78109,,,,,,,
962130,116,2024-12-16,213,189,24,78322,,,,,,,
962130,117,2024-12-23,359,311,48,78681,,,,,,,
962130,118,2024-12-30,369,333,36,79050,,,,,,,
962130,119,2025-01-06,225,198,27,79275,,,,,,,
962130,120,2025-01-13,174,163,11,79449,,,,,,,
962130,121,2025-01-20,185,168,17,79634,,,,,,,
962130,122,2025-01-27,168,157,11,79802,,,,,,,
962130,123,2025-02-03,182,169,13,79984,,,,,,,
962130,124,2025-02-10,152,140,12,80136,,,,,,,
962130,125,2025-02-17,167,154,13,80303,,,,,,,
962130,126,2025-02-24,169,159,10,80472,,,,,,,
962130,127,2025-03-03,169,161,8,80641,,,,,,,
962130,128,2025-03-10,231,211,20,80872,,,,,,,
962130,129,2025-03-17,273,237,36,81145,,,,,,,
962130,130,2025-03-24,209,186,23,81354,,,,,,,
962130,131,2025-04-01,174,161,13,81528,,,,,,,
962130,132,2025-04-08,167,155,12,81695,,,,,,,
962130,133,2025-04-15,188,176,12,81883,,,,,,,
962130,134,2025-04-22,262,239,23,82145,,,,,,,
962130,135,2025-04-29,285,244,41,82430,,,,,,,
962130,136,2025-05-06,316,276,40,82746,,,,,,,
962130,137,2025-05-13,272,243,29,83018,,,,,,,
962130,138,2025-05-20,183,168,15,83201,,,,,,,
962130,139,2025-05-27,158,143,15,83359,,,,,,,
962130,140,2025-06-03,218,207,11,83577,,,,,,,
962130,141,2025-06-10,464,445,19,84041,,,,,,,
962130,142,2025-06-17,301,284,17,84342,,,,,,,
962130,143,2025-06-24,511,457,54,84853,,,,,,,
962130,144,2025-07-01,456,415,41,85309,,,,,,,
962130,145,2025-07-08,409,375,34,85718,,,,,,,
962130,146,2025-07-15,305,288,17,86023,,,,,,,
962130,147,2025-07-22,345,327,18,86368,,,,,,,
962130,148,2025-07-29,524,488,36,86892,,,,,,,
962130,149,2025-08-05,364,342,22,87256,,,,,,,
962130,150,2025-08-12,272,251,21,87528,,,,,,,
962130,151,2025-08-19,256,230,26,87784,,,,,,,
962130,152,2025-08-26,175,162,13,87959,,,,,,,
962130,153,2025-09-02,144,133,11,88103,,,,,,,
962130,154,2025-09-09,152,140,12,88255,,,,,,,
962130,155,2025-09-16,117,96,21,88372,,,,,,,
962130,156,2025-09-23,166,146,20,88538,,,,,,,
962130,157,2025-09-30,257,226,31,88795,,,,,,,
962130,158,2025-10-07,217,188,29,89012,,,,,,,
962130,159,2025-10-14,133,125,8,89145,,,,,,,
962130,160,2025-10-21,122,103,19,89267,,,,,,,
962130,161,2025-10-27,121,106,15,89388,,,,,,,
962130,162,2025-11-03,102,90,12,89490,,,,,,,
962130,163,2025-11-10,98,90,8,89588,,,,,,,
962130,164,2025-11-17,132,114,18,89720,,,,,,,
962130,165,2025-11-24,227,200,27,89947,,,,,,,
962130,166,2025-12-01,173,149,24,90120,,,,,,,
962130,167,2025-12-08,120,106,14,90240,,,,,,,
962130,168,2025-12-15,125,119,6,90365,,,,,,,
962130,169,2025-12-22,179,162,17,90544,,,,,,,
962130,170,2025-12-29,183,167,16,90727,,,,,,,
962130,171,2026-01-05,164,144,20,90891,,,,,,,
962130,172,2026-01-12,141,128,13,91032,,,,,,,
962130,173,2026-01-19,127,117,10,91159,,,,,,,
962130,174,2026-01-26,196,170,26,91355,,,,,,,
962130,175,2026-02-02,210,175,35,91565,,,,,,,
962130,176,2026-02-09,172,168,4,91737,,,,,,,
962130,177,2026-02-16,162,147,15,91899,,,,,,,
962130,178,2026-02-23,127,121,6,92026,,,,,,,
962130,179,2026-03-02,99,86,13,92125,,,,,,,
962130,180,2026-03-09,87,77,10,92212,,,,,,,
962130,181,2026-03-16,130,112,18,92342,,,,,,,
962130,182,2026-03-23,144,128,16,92486,,,,,,,
962130,183,2026-03-31,118,106,12,92604,,,,,,,
962130,184,2026-04-07,110,108,2,92714,,,,,,,
962130,185,2026-04-14,133,116,17,92847,,,,,,,
962130,186,2026-04-21,170,148,22,93017,,,,,,,
962130,187,2026-04-28,185,170,15,93202,,,,,,,
962130,188,2026-05-05,135,124,11,93337,,,,,,,
962130,189,2026-05-12,136,122,14,93473,,,,,,,
962130,190,2026-05-19,116,103,13,93589,,,,,,,
962130,191,2026-05-26,109,98,11,93698,,,,,,,
962130,192,2026-06-02,147,134,13,93845,,,,,,,
962130,193,2026-06-09,233,202,31,94078,,,,,,,
962130,194,2026-06-16,203,178,25,94281,,,,,,,
962130,195,2026-06-23,179,162,17,94460,,,,,,,
962130,196,2026-06-30,204,186,18,94664,,,,,,,
962130,197,2026-07-07,191,176,15,94855,,,,,,,
962130,198,2026-07-14,128,116,12,94983,,,,,,,
962130,199,2026-07-21,112,103,9,95095,,,,,,,
962130,200,2026-07-28,111,103,8,95206,,,,,,,
962130,201,2026-08-04,83,72,11,95289,,,,,,,
1641960,-95,2023-06-19,726,650,76,726,,,,,,,
1641960,-94,2023-06-26,573,511,62,1299,,,,,,,
1641960,-93,2023-07-03,318,280,38,1617,,,,,,,
1641960,-92,2023-07-10,229,208,21,1846,,,,,,,
1641960,-91,2023-07-17,168,150,18,2014,,,,,,,
1641960,-90,2023-07-24,99,86,13,2113,,,,,,,
1641960,-89,2023-07-31,88,82,6,2201,,,,,,,
1641960,-88,2023-08-07,86,82,4,2287,,,,,,,
1641960,-87,2023-08-14,35,32,3,2322,,,,,,,
1641960,-86,2023-08-21,63,52,11,2385,,,,,,,
1641960,-85,2023-08-28,65,57,8,2450,,,,,,,
1641960,-84,2023-09-04,39,37,2,2489,,,,,,,
1641960,-83,2023-09-11,13,12,1,2502,,,,,,,
1641960,-82,2023-09-18,18,15,3,2520,,,,,,,
1641960,-81,2023-09-25,17,15,2,2537,,,,,,,
1641960,-80,2023-10-02,8,8,0,2545,,,,,,,
1641960,-79,2023-10-09,20,20,0,2565,,,,,,,
1641960,-78,2023-10-16,97,74,23,2662,,,,,,,
1641960,-77,2023-10-23,52,42,10,2714,,,,,,,
1641960,-76,2023-10-29,52,46,6,2766,,,,,,,
1641960,-75,2023-11-05,25,21,4,2791,,,,,,,
1641960,-74,2023-11-12,25,22,3,2816,,,,,,,
1641960,-73,2023-11-19,142,140,2,2958,,,,,,,
1641960,-72,2023-11-26,44,40,4,3002,,,,,,,
1641960,-71,2023-12-03,26,25,1,3028,,,,,,,
1641960,-70,2023-12-10,38,28,10,3066,,,,,,,
1641960,-69,2023-12-17,43,39,4,3109,,,,,,,
1641960,-68,2023-12-24,46,38,8,3155,,,,,,,
1641960,-67,2023-12-31,38,35,3,3193,,,,,,,
1641960,-66,2024-01-07,28,24,4,3221,,,,,,,
1641960,-65,2024-01-14,40,35,5,3261,,,,,,,
1641960,-64,2024-01-21,32,32,0,3293,,,,,,,
1641960,-63,2024-01-28,22,21,1,3315,,,,,,,
1641960,-62,2024-02-04,21,18,3,3336,,,,,,,
1641960,-61,2024-02-11,28,20,8,3364,,,,,,,
1641960,-60,2024-02-18,34,27,7,3398,,,,,,,
1641960,-59,2024-02-25,20,15,5,3418,,,,,,,
1641960,-58,2024-03-03,18,10,8,3436,,,,,,,
1641960,-57,2024-03-10,18,15,3,3454,,,,,,,
1641960,-56,2024-03-17,23,21,2,3477,,,,,,,
1641960,-55,2024-03-24,36,29,7,3513,,,,,,,
1641960,-54,2024-04-01,54,51,3,3567,,,,,,,
1641960,-53,2024-04-08,31,24,7,3598,,,,,,,
1641960,-52,2024-04-15,43,35,8,3641,,,,,,,
1641960,-51,2024-04-22,19,17,2,3660,,,,,,,
1641960,-50,2024-04-29,16,14,2,3676,,,,,,,
1641960,-49,2024-05-06,13,10,3,3689,,,,,,,
1641960,-48,2024-05-13,15,11,4,3704,,,,,,,
1641960,-47,2024-05-20,21,18,3,3725,,,,,,,
1641960,-46,2024-05-27,49,39,10,3774,,,,,,,
1641960,-45,2024-06-03,29,23,6,3803,,,,,,,
1641960,-44,2024-06-10,21,14,7,3824,,,,,,,
1641960,-43,2024-06-17,15,13,2,3839,,,,,,,
1641960,-42,2024-06-24,24,18,6,3863,,,,,,,
1641960,-41,2024-07-01,29,26,3,3892,,,,,,,
1641960,-40,2024-07-08,29,20,9,3921,,,,,,,
1641960,-39,2024-07-15,19,19,0,3940,,,,,,,
1641960,-38,2024-07-22,11,9,2,3951,,,,,,,
1641960,-37,2024-07-29,11,10,1,3962,,,,,,,
1641960,-36,2024-08-05,29,23,6,3991,,,,,,,
1641960,-35,2024-08-12,18,16,2,4009,,,,,,,
1641960,-34,2024-08-19,10,9,1,4019,,,,,,,
1641960,-33,2024-08-26,14,10,4,4033,,,,,,,
1641960,-32,2024-09-02,22,15,7,4055,,,,,,,
1641960,-31,2024-09-09,37,33,4,4092,,,,,,,
1641960,-30,2024-09-16,30,28,2,4122,,,,,,,
1641960,-29,2024-09-23,21,18,3,4143,,,,,,,
1641960,-28,2024-09-30,20,18,2,4163,,,,,,,
1641960,-27,2024-10-07,18,12,6,4181,,,,,,,
1641960,-26,2024-10-14,24,20,4,4205,,,,,,,
1641960,-25,2024-10-21,24,22,2,4229,,,,,,,
1641960,-24,2024-10-27,20,17,3,4249,,,,,,,
1641960,-23,2024-11-03,18,15,3,4267,,,,,,,
1641960,-22,2024-11-10,21,16,5,4288,,,,,,,
1641960,-21,2024-11-17,10,5,5,4298,,,,,,,
1641960,-20,2024-11-24,25,22,3,4323,,,,,,,
1641960,-19,2024-12-01,29,24,5,4352,,,,,,,
1641960,-18,2024-12-08,161,125,36,4513,,,,,,,
1641960,-17,2024-12-15,156,118,38,4669,,,,,,,
1641960,-16,2024-12-22,105,73,32,4774,,,,,,,
1641960,-15,2024-12-29,92,65,27,4866,,,,,,,
1641960,-14,2025-01-05,79,57,22,4945,,,,,,,
1641960,-13,2025-01-12,51,35,16,4996,,,,,,,
1641960,-12,2025-01-19,92,66,26,5088,,,,,,,
1641960,-11,2025-01-26,60,45,15,5148,,,,,,,
1641960,-10,2025-02-02,33,24,9,5181,,,,,,,
1641960,-9,2025-02-09,35,22,13,5216,,,,,,,
1641960,-8,2025-02-16,30,24,6,5246,,,,,,,
1641960,-7,2025-02-23,34,24,10,5280,,,,,,,
1641960,-6,2025-03-02,61,46,15,5341,,,,,,,
1641960,-5,2025-03-09,39,29,10,5380,,,,,,,
1641960,-4,2025-03-16,57,44,13,5437,,,,,,,
1641960,-3,2025-03-23,40,35,5,5477,,,,,,,
1641960,-2,2025-03-31,49,44,5,5526,,,,,,,
1641960,-1,2025-04-07,36,24,12,5562,,,,,,,
1641960,0,2025-04-14,458,307,151,6020,,,,,,,
1641960,1,2025-04-21,342,230,112,6362,,,,,,,
1641960,2,2025-04-28,138,87,51,6500,,,,,,,
1641960,3,2025-05-05,119,64,55,6619,,,,,,,
1641960,4,2025-05-12,85,53,32,6704,,,,,,,
1641960,5,2025-05-19,66,43,23,6770,,,,,,,
1641960,6,2025-05-26,40,25,15,6810,,,,,,,
1641960,7,2025-06-02,63,49,14,6873,,,,,,,
1641960,8,2025-06-09,32,24,8,6905,,,,,,,
1641960,9,2025-06-16,23,17,6,6928,,,,,,,
1641960,10,2025-06-23,20,17,3,6948,,,,,,,
1641960,11,2025-06-30,39,26,13,6987,,,,,,,
1641960,12,2025-07-07,47,28,19,7034,,,,,,,
1641960,13,2025-07-14,29,20,9,7063,,,,,,,
1641960,14,2025-07-21,25,17,8,7088,,,,,,,
1641960,15,2025-07-28,20,14,6,7108,,,,,,,
1641960,16,2025-08-04,18,13,5,7126,,,,,,,
1641960,17,2025-08-11,23,14,9,7149,,,,,,,
1641960,18,2025-08-18,31,22,9,7180,,,,,,,
1641960,19,2025-08-25,15,13,2,7195,,,,,,,
1641960,20,2025-09-01,41,28,13,7236,,,,,,,
1641960,21,2025-09-08,14,11,3,7250,,,,,,,
1641960,22,2025-09-15,15,12,3,7265,,,,,,,
1641960,23,2025-09-22,21,15,6,7286,,,,,,,
1641960,24,2025-09-29,17,14,3,7303,,,,,,,
1641960,25,2025-10-06,34,24,10,7337,,,,,,,
1641960,26,2025-10-13,45,33,12,7382,,,,,,,
1641960,27,2025-10-20,22,14,8,7404,,,,,,,
1641960,28,2025-10-26,26,19,7,7430,,,,,,,
1641960,29,2025-11-02,27,15,12,7457,,,,,,,
1641960,30,2025-11-09,36,29,7,7493,,,,,,,
1641960,31,2025-11-16,69,51,18,7562,,,,,,,
1641960,32,2025-11-23,172,147,25,7734,,,,,,,
1641960,33,2025-11-30,51,32,19,7785,,,,,,,
1641960,34,2025-12-07,24,17,7,7809,,,,,,,
1641960,35,2025-12-14,43,30,13,7852,,,,,,,
1641960,36,2025-12-21,26,21,5,7878,,,,,,,
1641960,37,2025-12-28,54,41,13,7932,,,,,,,
1641960,38,2026-01-04,38,26,12,7970,,,,,,,
1641960,39,2026-01-11,19,9,10,7989,,,,,,,
1641960,40,2026-01-18,50,37,13,8039,,,,,,,
1641960,41,2026-01-25,44,28,16,8083,,,,,,,
1641960,42,2026-02-01,29,16,13,8112,,,,,,,
1641960,43,2026-02-08,21,13,8,8133,,,,,,,
1641960,44,2026-02-15,23,8,15,8156,,,,,,,
1641960,45,2026-02-22,9,7,2,8165,,,,,,,
1641960,46,2026-03-01,21,15,6,8186,,,,,,,
1641960,47,2026-03-08,23,16,7,8209,,,,,,,
1641960,48,2026-03-15,23,15,8,8232,,,,,,,
1641960,49,2026-03-22,24,15,9,8256,,,,,,,
1641960,50,2026-03-30,23,15,8,8279,,,,,,,
1641960,51,2026-04-06,21,14,7,8300,,,,,,,
1641960,52,2026-04-13,21,17,4,8321,,,,,,,
1641960,53,2026-04-20,30,21,9,8351,,,,,,,
1641960,54,2026-04-27,28,20,8,8379,,,,,,,
1641960,55,2026-05-04,20,14,6,8399,,,,,,,
1641960,56,2026-05-11,14,10,4,8413,,,,,,,
1641960,57,2026-05-18,12,10,2,8425,,,,,,,
1641960,58,2026-05-25,19,13,6,8444,,,,,,,
1641960,59,2026-06-01,27,19,8,8471,,,,,,,
1641960,60,2026-06-08,28,17,11,8499,,,,,,,
1641960,61,2026-06-15,19,11,8,8518,,,,,,,
1641960,62,2026-06-22,14,8,6,8532,,,,,,,
1641960,63,2026-06-29,7,6,1,8539,,,,,,,
1641960,64,2026-07-06,22,16,6,8561,,,,,,,
1641960,65,2026-07-13,14,10,4,8575,,,,,,,
1641960,66,2026-07-20,12,11,1,8587,,,,,,,
1641960,67,2026-07-27,109,61,48,8696,,,,,,,
1641960,68,2026-08-03,143,101,42,8839,,,,,,,
1641960,69,2026-08-10,0,0,0,8839,,,,,,,
1159690,-131,2023-05-05,807,535,272,807,,,,,,,
1159690,-130,2023-05-12,612,424,188,1419,,,,,,,
1159690,-129,2023-05-19,190,141,49,1609,,,,,,,
1159690,-128,2023-05-26,125,78,47,1734,,,,,,,
1159690,-127,2023-06-02,74,53,21,1808,,,,,,,
1159690,-126,2023-06-09,41,28,13,1849,,,,,,,
1159690,-125,2023-06-16,71,60,11,1920,,,,,,,
1159690,-124,2023-06-23,81,63,18,2001,,,,,,,
1159690,-123,2023-06-30,86,64,22,2087,,,,,,,
1159690,-122,2023-07-07,87,66,21,2174,,,,,,,
1159690,-121,2023-07-14,53,40,13,2227,,,,,,,
1159690,-120,2023-07-21,26,22,4,2253,,,,,,,
1159690,-119,2023-07-28,26,18,8,2279,,,,,,,
1159690,-118,2023-08-04,45,37,8,2324,,,,,,,
1159690,-117,2023-08-11,73,56,17,2397,,,,,,,
1159690,-116,2023-08-18,27,23,4,2424,,,,,,,
1159690,-115,2023-08-25,26,19,7,2450,,,,,,,
1159690,-114,2023-09-01,13,8,5,2463,,,,,,,
1159690,-113,2023-09-08,24,16,8,2487,,,,,,,
1159690,-112,2023-09-15,20,18,2,2507,,,,,,,
1159690,-111,2023-09-22,21,17,4,2528,,,,,,,
1159690,-110,2023-09-29,54,41,13,2582,,,,,,,
1159690,-109,2023-10-06,58,53,5,2640,,,,,,,
1159690,-108,2023-10-13,43,31,12,2683,,,,,,,
1159690,-107,2023-10-20,39,29,10,2722,,,,,,,
1159690,-106,2023-10-27,21,18,3,2743,,,,,,,
1159690,-105,2023-11-03,20,14,6,2763,,,,,,,
1159690,-104,2023-11-10,16,13,3,2779,,,,,,,
1159690,-103,2023-11-17,263,240,23,3042,,,,,,,
1159690,-102,2023-11-24,182,166,16,3224,,,,,,,
1159690,-101,2023-12-01,35,27,8,3259,,,,,,,
1159690,-100,2023-12-08,19,14,5,3278,,,,,,,
1159690,-99,2023-12-15,28,20,8,3306,,,,,,,
1159690,-98,2023-12-22,88,68,20,3394,,,,,,,
1159690,-97,2023-12-29,103,76,27,3497,,,,,,,
1159690,-96,2024-01-05,63,45,18,3560,,,,,,,
1159690,-95,2024-01-12,41,36,5,3601,,,,,,,
1159690,-94,2024-01-19,45,37,8,3646,,,,,,,
1159690,-93,2024-01-26,40,30,10,3686,,,,,,,
1159690,-92,2024-02-02,27,21,6,3713,,,,,,,
1159690,-91,2024-02-09,25,14,11,3738,,,,,,,
1159690,-90,2024-02-16,27,17,10,3765,,,,,,,
1159690,-89,2024-02-23,52,47,5,3817,,,,,,,
1159690,-88,2024-03-01,106,70,36,3923,,,,,,,
1159690,-87,2024-03-08,64,48,16,3987,,,,,,,
1159690,-86,2024-03-15,49,36,13,4036,,,,,,,
1159690,-85,2024-03-22,38,26,12,4074,,,,,,,
1159690,-84,2024-03-29,23,19,4,4097,,,,,,,
1159690,-83,2024-04-05,26,13,13,4123,,,,,,,
1159690,-82,2024-04-12,40,32,8,4163,,,,,,,
1159690,-81,2024-04-19,29,22,7,4192,,,,,,,
1159690,-80,2024-04-26,20,15,5,4212,,,,,,,
1159690,-79,2024-05-03,23,18,5,4235,,,,,,,
1159690,-78,2024-05-10,12,10,2,4247,,,,,,,
1159690,-77,2024-05-17,16,12,4,4263,,,,,,,
1159690,-76,2024-05-24,71,52,19,4334,,,,,,,
1159690,-75,2024-05-31,57,43,14,4391,,,,,,,
1159690,-74,2024-06-07,24,19,5,4415,,,,,,,
1159690,-73,2024-06-14,19,15,4,4434,,,,,,,
1159690,-72,2024-06-21,22,15,7,4456,,,,,,,
1159690,-71,2024-06-28,44,32,12,4500,,,,,,,
1159690,-70,2024-07-05,30,19,11,4530,,,,,,,
1159690,-69,2024-07-12,28,22,6,4558,,,,,,,
1159690,-68,2024-07-19,32,21,11,4590,,,,,,,
1159690,-67,2024-07-26,33,26,7,4623,,,,,,,
1159690,-66,2024-08-02,26,17,9,4649,,,,,,,
1159690,-65,2024-08-09,17,12,5,4666,,,,,,,
1159690,-64,2024-08-16,17,14,3,4683,,,,,,,
1159690,-63,2024-08-23,18,13,5,4701,,,,,,,
1159690,-62,2024-08-30,25,19,6,4726,,,,,,,
1159690,-61,2024-09-06,24,19,5,4750,,,,,,,
1159690,-60,2024-09-13,11,8,3,4761,,,,,,,
1159690,-59,2024-09-20,14,13,1,4775,,,,,,,
1159690,-58,2024-09-27,14,10,4,4789,,,,,,,
1159690,-57,2024-10-04,27,23,4,4816,,,,,,,
1159690,-56,2024-10-11,57,46,11,4873,,,,,,,
1159690,-55,2024-10-18,47,38,9,4920,,,,,,,
1159690,-54,2024-10-25,35,29,6,4955,,,,,,,
1159690,-53,2024-11-01,50,41,9,5005,,,,,,,
1159690,-52,2024-11-08,30,28,2,5035,,,,,,,
1159690,-51,2024-11-15,29,18,11,5064,,,,,,,
1159690,-50,2024-11-22,39,36,3,5103,,,,,,,
1159690,-49,2024-11-29,45,39,6,5148,,,,,,,
1159690,-48,2024-12-06,37,34,3,5185,,,,,,,
1159690,-47,2024-12-13,26,18,8,5211,,,,,,,
1159690,-46,2024-12-20,28,23,5,5239,,,,,,,
1159690,-45,2024-12-27,39,30,9,5278,,,,,,,
1159690,-44,2025-01-03,35,28,7,5313,,,,,,,
1159690,-43,2025-01-10,24,19,5,5337,,,,,,,
1159690,-42,2025-01-17,20,14,6,5357,,,,,,,
1159690,-41,2025-01-24,46,31,15,5403,,,,,,,
1159690,-40,2025-01-31,33,25,8,5436,,,,,,,
1159690,-39,2025-02-07,14,11,3,5450,,,,,,,
1159690,-38,2025-02-14,20,20,0,5470,,,,,,,
1159690,-37,2025-02-21,21,19,2,5491,,,,,,,
1159690,-36,2025-02-28,21,20,1,5512,,,,,,,
1159690,-35,2025-03-07,41,30,11,5553,,,,,,,
1159690,-34,2025-03-14,44,29,15,5597,,,,,,,
1159690,-33,2025-03-21,30,23,7,5627,,,,,,,
1159690,-32,2025-03-28,17,14,3,5644,,,,,,,
1159690,-31,2025-04-04,17,13,4,5661,,,,,,,
1159690,-30,2025-04-11,20,15,5,5681,,,,,,,
1159690,-29,2025-04-18,57,44,13,5738,,,,,,,
1159690,-28,2025-04-25,29,18,11,5767,,,,,,,
1159690,-27,2025-05-02,22,19,3,5789,,,,,,,
1159690,-26,2025-05-09,22,17,5,5811,,,,,,,
1159690,-25,2025-05-16,22,18,4,5833,,,,,,,
1159690,-24,2025-05-23,17,9,8,5850,,,,,,,
1159690,-23,2025-05-30,13,8,5,5863,,,,,,,
1159690,-22,2025-06-06,11,7,4,5874,,,,,,,
1159690,-21,2025-06-13,28,22,6,5902,,,,,,,
1159690,-20,2025-06-20,28,18,10,5930,,,,,,,
1159690,-19,2025-06-27,22,19,3,5952,,,,,,,
1159690,-18,2025-07-04,16,13,3,5968,,,,,,,
1159690,-17,2025-07-11,17,15,2,5985,,,,,,,
1159690,-16,2025-07-18,19,14,5,6004,,,,,,,
1159690,-15,2025-07-25,9,8,1,6013,,,,,,,
1159690,-14,2025-08-01,10,4,6,6023,,,,,,,
1159690,-13,2025-08-08,4,2,2,6027,,,,,,,
1159690,-12,2025-08-15,11,9,2,6038,,,,,,,
1159690,-11,2025-08-22,30,24,6,6068,,,,,,,
1159690,-10,2025-08-29,14,11,3,6082,,,,,,,
1159690,-9,2025-09-05,8,6,2,6090,,,,,,,
1159690,-8,2025-09-12,7,3,4,6097,,,,,,,
1159690,-7,2025-09-19,11,8,3,6108,,,,,,,
1159690,-6,2025-09-26,10,8,2,6118,,,,,,,
1159690,-5,2025-10-03,12,12,0,6130,,,,,,,
1159690,-4,2025-10-10,12,9,3,6142,,,,,,,
1159690,-3,2025-10-17,15,10,5,6157,,,,,,,
1159690,-2,2025-10-24,14,11,3,6171,,,,,,,
1159690,-1,2025-10-31,16,12,4,6187,,,,,,,
1159690,0,2025-11-07,375,264,111,6562,,,,,,,
1159690,1,2025-11-14,278,165,113,6840,,,,,,,
1159690,2,2025-11-21,486,414,72,7326,,,,,,,
1159690,3,2025-11-28,227,192,35,7553,,,,,,,
1159690,4,2025-12-05,74,47,27,7627,,,,,,,
1159690,5,2025-12-12,47,31,16,7674,,,,,,,
1159690,6,2025-12-19,77,46,31,7751,,,,,,,
1159690,7,2025-12-26,109,75,34,7860,,,,,,,
1159690,8,2026-01-02,125,83,42,7985,,,,,,,
1159690,9,2026-01-09,97,77,20,8082,,,,,,,
1159690,10,2026-01-16,80,62,18,8162,,,,,,,
1159690,11,2026-01-23,64,45,19,8226,,,,,,,
1159690,12,2026-01-30,64,46,18,8290,,,,,,,
1159690,13,2026-02-06,43,31,12,8333,,,,,,,
1159690,14,2026-02-13,44,33,11,8377,,,,,,,
1159690,15,2026-02-20,245,169,76,8622,,,,,,,
1159690,16,2026-02-27,193,135,58,8815,,,,,,,
1159690,17,2026-03-06,140,101,39,8955,,,,,,,
1159690,18,2026-03-13,77,51,26,9032,,,,,,,
1159690,19,2026-03-20,62,34,28,9094,,,,,,,
1159690,20,2026-03-27,52,27,25,9146,,,,,,,
1159690,21,2026-04-03,52,34,18,9198,,,,,,,
1159690,22,2026-04-10,42,36,6,9240,,,,,,,
1159690,23,2026-04-17,50,23,27,9290,,,,,,,
1159690,24,2026-04-24,31,20,11,9321,,,,,,,
1159690,25,2026-05-01,28,16,12,9349,,,,,,,
1159690,26,2026-05-08,25,15,10,9374,,,,,,,
1159690,27,2026-05-15,23,15,8,9397,,,,,,,
1159690,28,2026-05-22,31,23,8,9428,,,,,,,
1159690,29,2026-05-29,37,24,13,9465,,,,,,,
1159690,30,2026-06-05,27,17,10,9492,,,,,,,
1159690,31,2026-06-12,33,25,8,9525,,,,,,,
1159690,32,2026-06-19,23,16,7,9548,,,,,,,
1159690,33,2026-06-26,26,19,7,9574,,,,,,,
1159690,34,2026-07-03,39,28,11,9613,,,,,,,
1159690,35,2026-07-10,19,17,2,9632,,,,,,,
1159690,36,2026-07-17,30,25,5,9662,,,,,,,
1159690,37,2026-07-24,48,32,16,9710,,,,,,,
1159690,38,2026-07-31,42,30,12,9752,,,,,,,
1159690,39,2026-08-07,10,4,6,9762,,,,,,,
251570,-554,2013-12-11,362,318,44,362,,,,,,,
251570,-553,2013-12-18,264,234,30,626,,,,,,,
251570,-552,2013-12-25,245,226,19,871,,,,,,,
251570,-551,2014-01-01,290,264,26,1161,,,,,,,
251570,-550,2014-01-08,236,206,30,1397,,,,,,,
251570,-549,2014-01-15,207,175,32,1604,,,,,,,
251570,-548,2014-01-22,186,157,29,1790,,,,,,,
251570,-547,2014-01-29,195,164,31,1985,,,,,,,
251570,-546,2014-02-05,271,231,40,2256,,,,,,,
251570,-545,2014-02-12,353,297,56,2609,,,,,,,
251570,-544,2014-02-19,187,166,21,2796,,,,,,,
251570,-543,2014-02-26,250,213,37,3046,,,,,,,
251570,-542,2014-03-05,263,228,35,3309,,,,,,,
251570,-541,2014-03-12,157,125,32,3466,,,,,,,
251570,-540,2014-03-19,219,188,31,3685,,,,,,,
251570,-539,2014-03-26,226,198,28,3911,,,,,,,
251570,-538,2014-04-03,175,158,17,4086,,,,,,,
251570,-537,2014-04-10,120,102,18,4206,,,,,,,
251570,-536,2014-04-17,112,97,15,4318,,,,,,,
251570,-535,2014-04-24,103,90,13,4421,,,,,,,
251570,-534,2014-05-01,114,94,20,4535,,,,,,,
251570,-533,2014-05-08,147,118,29,4682,,,,,,,
251570,-532,2014-05-15,125,106,19,4807,,,,,,,
251570,-531,2014-05-22,107,90,17,4914,,,,,,,
251570,-530,2014-05-29,96,83,13,5010,,,,,,,
251570,-529,2014-06-05,94,79,15,5104,,,,,,,
251570,-528,2014-06-12,126,103,23,5230,,,,,,,
251570,-527,2014-06-19,623,539,84,5853,,,,,,,
251570,-526,2014-06-26,429,364,65,6282,,,,,,,
251570,-525,2014-07-03,211,180,31,6493,,,,,,,
251570,-524,2014-07-10,176,142,34,6669,,,,,,,
251570,-523,2014-07-17,142,114,28,6811,,,,,,,
251570,-522,2014-07-24,117,104,13,6928,,,,,,,
251570,-521,2014-07-31,126,109,17,7054,,,,,,,
251570,-520,2014-08-07,110,93,17,7164,,,,,,,
251570,-519,2014-08-14,336,283,53,7500,,,,,,,
251570,-518,2014-08-21,229,188,41,7729,,,,,,,
251570,-517,2014-08-28,240,204,36,7969,,,,,,,
251570,-516,2014-09-04,236,199,37,8205,,,,,,,
251570,-515,2014-09-11,183,161,22,8388,,,,,,,
251570,-514,2014-09-18,182,153,29,8570,,,,,,,
251570,-513,2014-09-25,148,125,23,8718,,,,,,,
251570,-512,2014-10-02,167,144,23,8885,,,,,,,
251570,-511,2014-10-09,193,149,44,9078,,,,,,,
251570,-510,2014-10-16,122,98,24,9200,,,,,,,
251570,-509,2014-10-23,111,93,18,9311,,,,,,,
251570,-508,2014-10-29,202,164,38,9513,,,,,,,
251570,-507,2014-11-05,159,137,22,9672,,,,,,,
251570,-506,2014-11-12,154,135,19,9826,,,,,,,
251570,-505,2014-11-19,226,184,42,10052,,,,,,,
251570,-504,2014-11-26,377,316,61,10429,,,,,,,
251570,-503,2014-12-03,216,174,42,10645,,,,,,,
251570,-502,2014-12-10,247,208,39,10892,,,,,,,
251570,-501,2014-12-17,482,396,86,11374,,,,,,,
251570,-500,2014-12-24,361,305,56,11735,,,,,,,
251570,-499,2014-12-31,414,327,87,12149,,,,,,,
251570,-498,2015-01-07,238,194,44,12387,,,,,,,
251570,-497,2015-01-14,251,209,42,12638,,,,,,,
251570,-496,2015-01-21,242,191,51,12880,,,,,,,
251570,-495,2015-01-28,191,168,23,13071,,,,,,,
251570,-494,2015-02-04,180,157,23,13251,,,,,,,
251570,-493,2015-02-11,145,115,30,13396,,,,,,,
251570,-492,2015-02-18,177,151,26,13573,,,,,,,
251570,-491,2015-02-25,120,101,19,13693,,,,,,,
251570,-490,2015-03-04,132,115,17,13825,,,,,,,
251570,-489,2015-03-11,126,105,21,13951,,,,,,,
251570,-488,2015-03-18,171,158,13,14122,,,,,,,
251570,-487,2015-03-25,245,208,37,14367,,,,,,,
251570,-486,2015-04-02,326,256,70,14693,,,,,,,
251570,-485,2015-04-09,203,170,33,14896,,,,,,,
251570,-484,2015-04-16,173,151,22,15069,,,,,,,
251570,-483,2015-04-23,160,132,28,15229,,,,,,,
251570,-482,2015-04-30,140,120,20,15369,,,,,,,
251570,-481,2015-05-07,144,120,24,15513,,,,,,,
251570,-480,2015-05-14,138,117,21,15651,,,,,,,
251570,-479,2015-05-21,139,116,23,15790,,,,,,,
251570,-478,2015-05-28,188,160,28,15978,,,,,,,
251570,-477,2015-06-04,178,134,44,16156,,,,,,,
251570,-476,2015-06-11,491,375,116,16647,,,,,,,
251570,-475,2015-06-18,354,271,83,17001,,,,,,,
251570,-474,2015-06-25,217,176,41,17218,,,,,,,
251570,-473,2015-07-02,282,217,65,17500,,,,,,,
251570,-472,2015-07-09,180,141,39,17680,,,,,,,
251570,-471,2015-07-16,162,128,34,17842,,,,,,,
251570,-470,2015-07-23,133,105,28,17975,,,,,,,
251570,-469,2015-07-30,260,203,57,18235,,,,,,,
251570,-468,2015-08-06,172,143,29,18407,,,,,,,
251570,-467,2015-08-13,132,104,28,18539,,,,,,,
251570,-466,2015-08-20,128,109,19,18667,,,,,,,
251570,-465,2015-08-27,121,94,27,18788,,,,,,,
251570,-464,2015-09-03,75,65,10,18863,,,,,,,
251570,-463,2015-09-10,80,61,19,18943,,,,,,,
251570,-462,2015-09-17,92,70,22,19035,,,,,,,
251570,-461,2015-09-24,109,88,21,19144,,,,,,,
251570,-460,2015-10-01,126,108,18,19270,,,,,,,
251570,-459,2015-10-08,99,79,20,19369,,,,,,,
251570,-458,2015-10-15,114,88,26,19483,,,,,,,
251570,-457,2015-10-22,111,91,20,19594,,,,,,,
251570,-456,2015-10-28,212,165,47,19806,,,,,,,
251570,-455,2015-11-04,120,98,22,19926,,,,,,,
251570,-454,2015-11-11,108,88,20,20034,,,,,,,
251570,-453,2015-11-18,91,68,23,20125,,,,,,,
251570,-452,2015-11-25,226,167,59,20351,,,,,,,
251570,-451,2015-12-02,150,117,33,20501,,,,,,,
251570,-450,2015-12-09,291,224,67,20792,,,,,,,
251570,-449,2015-12-16,278,200,78,21070,,,,,,,
251570,-448,2015-12-23,371,289,82,21441,,,,,,,
251570,-447,2015-12-30,403,308,95,21844,,,,,,,
251570,-446,2016-01-06,213,173,40,22057,,,,,,,
251570,-445,2016-01-13,161,125,36,22218,,,,,,,
251570,-444,2016-01-20,139,99,40,22357,,,,,,,
251570,-443,2016-01-27,140,110,30,22497,,,,,,,
251570,-442,2016-02-03,160,124,36,22657,,,,,,,
251570,-441,2016-02-10,192,141,51,22849,,,,,,,
251570,-440,2016-02-17,153,125,28,23002,,,,,,,
251570,-439,2016-02-24,149,117,32,23151,,,,,,,
251570,-438,2016-03-02,115,85,30,23266,,,,,,,
251570,-437,2016-03-09,109,83,26,23375,,,,,,,
251570,-436,2016-03-16,108,88,20,23483,,,,,,,
251570,-435,2016-03-23,233,183,50,23716,,,,,,,
251570,-434,2016-03-31,248,204,44,23964,,,,,,,
251570,-433,2016-04-07,282,221,61,24246,,,,,,,
251570,-432,2016-04-14,196,156,40,24442,,,,,,,
251570,-431,2016-04-21,154,121,33,24596,,,,,,,
251570,-430,2016-04-28,162,127,35,24758,,,,,,,
251570,-429,2016-05-05,155,124,31,24913,,,,,,,
251570,-428,2016-05-12,148,114,34,25061,,,,,,,
251570,-427,2016-05-19,128,103,25,25189,,,,,,,
251570,-426,2016-05-26,133,113,20,25322,,,,,,,
251570,-425,2016-06-02,129,103,26,25451,,,,,,,
251570,-424,2016-06-09,127,98,29,25578,,,,,,,
251570,-423,2016-06-16,167,132,35,25745,,,,,,,
251570,-422,2016-06-23,500,364,136,26245,,,,,,,
251570,-421,2016-06-30,533,398,135,26778,,,,,,,
251570,-420,2016-07-07,266,210,56,27044,,,,,,,
251570,-419,2016-07-14,223,184,39,27267,,,,,,,
251570,-418,2016-07-21,221,166,55,27488,,,,,,,
251570,-417,2016-07-28,199,148,51,27687,,,,,,,
251570,-416,2016-08-04,197,148,49,27884,,,,,,,
251570,-415,2016-08-11,198,143,55,28082,,,,,,,
251570,-414,2016-08-18,168,129,39,28250,,,,,,,
251570,-413,2016-08-25,190,156,34,28440,,,,,,,
251570,-412,2016-09-01,176,140,36,28616,,,,,,,
251570,-411,2016-09-08,150,112,38,28766,,,,,,,
251570,-410,2016-09-15,192,161,31,28958,,,,,,,
251570,-409,2016-09-22,160,123,37,29118,,,,,,,
251570,-408,2016-09-29,144,115,29,29262,,,,,,,
251570,-407,2016-10-06,249,201,48,29511,,,,,,,
251570,-406,2016-10-13,235,202,33,29746,,,,,,,
251570,-405,2016-10-20,156,121,35,29902,,,,,,,
251570,-404,2016-10-27,483,350,133,30385,,,,,,,
251570,-403,2016-11-02,277,223,54,30662,,,,,,,
251570,-402,2016-11-09,236,192,44,30898,,,,,,,
251570,-401,2016-11-16,386,331,55,31284,,,,,,,
251570,-400,2016-11-23,2858,2654,204,34142,,,,,,,
251570,-399,2016-11-30,289,245,44,34431,,,,,,,
251570,-398,2016-12-07,286,243,43,34717,,,,,,,
251570,-397,2016-12-14,259,217,42,34976,,,,,,,
251570,-396,2016-12-21,622,491,131,35598,,,,,,,
251570,-395,2016-12-28,659,535,124,36257,,,,,,,
251570,-394,2017-01-04,386,336,50,36643,,,,,,,
251570,-393,2017-01-11,365,304,61,37008,,,,,,,
251570,-392,2017-01-18,284,238,46,37292,,,,,,,
251570,-391,2017-01-25,262,222,40,37554,,,,,,,
251570,-390,2017-02-01,285,236,49,37839,,,,,,,
251570,-389,2017-02-08,261,216,45,38100,,,,,,,
251570,-388,2017-02-15,288,233,55,38388,,,,,,,
251570,-387,2017-02-22,198,165,33,38586,,,,,,,
251570,-386,2017-03-01,1215,907,308,39801,,,,,,,
251570,-385,2017-03-08,444,375,69,40245,,,,,,,
251570,-384,2017-03-15,293,247,46,40538,,,,,,,
251570,-383,2017-03-22,277,237,40,40815,,,,,,,
251570,-382,2017-03-30,251,213,38,41066,,,,,,,
251570,-381,2017-04-06,227,185,42,41293,,,,,,,
251570,-380,2017-04-13,217,179,38,41510,,,,,,,
251570,-379,2017-04-20,195,171,24,41705,,,,,,,
251570,-378,2017-04-27,199,169,30,41904,,,,,,,
251570,-377,2017-05-04,186,156,30,42090,,,,,,,
251570,-376,2017-05-11,181,149,32,42271,,,,,,,
251570,-375,2017-05-18,198,166,32,42469,,,,,,,
251570,-374,2017-05-25,208,170,38,42677,,,,,,,
251570,-373,2017-06-01,222,178,44,42899,,,,,,,
251570,-372,2017-06-08,263,215,48,43162,,,,,,,
251570,-371,2017-06-15,270,225,45,43432,,,,,,,
251570,-370,2017-06-22,693,600,93,44125,,,,,,,
251570,-369,2017-06-29,817,671,146,44942,,,,,,,
251570,-368,2017-07-06,385,325,60,45327,,,,,,,
251570,-367,2017-07-13,521,423,98,45848,,,,,,,
251570,-366,2017-07-20,333,267,66,46181,,,,,,,
251570,-365,2017-07-27,318,250,68,46499,,,,,,,
251570,-364,2017-08-03,251,192,59,46750,,,,,,,
251570,-363,2017-08-10,263,207,56,47013,,,,,,,
251570,-362,2017-08-17,226,172,54,47239,,,,,,,
251570,-361,2017-08-24,251,205,46,47490,,,,,,,
251570,-360,2017-08-31,240,185,55,47730,,,,,,,
251570,-359,2017-09-07,213,166,47,47943,,,,,,,
251570,-358,2017-09-14,223,184,39,48166,,,,,,,
251570,-357,2017-09-21,181,158,23,48347,,,,,,,
251570,-356,2017-09-28,182,152,30,48529,,,,,,,
251570,-355,2017-10-05,172,142,30,48701,,,,,,,
251570,-354,2017-10-12,167,138,29,48868,,,,,,,
251570,-353,2017-10-19,176,145,31,49044,,,,,,,
251570,-352,2017-10-26,520,390,130,49564,,,,,,,
251570,-351,2017-11-01,318,247,71,49882,,,,,,,
251570,-350,2017-11-08,231,191,40,50113,,,,,,,
251570,-349,2017-11-15,415,370,45,50528,,,,,,,
251570,-348,2017-11-22,2417,2267,150,52945,,,,,,,
251570,-347,2017-11-29,241,196,45,53186,,,,,,,
251570,-346,2017-12-06,229,197,32,53415,,,,,,,
251570,-345,2017-12-13,205,164,41,53620,,,,,,,
251570,-344,2017-12-20,423,333,90,54043,,,,,,,
251570,-343,2017-12-27,484,367,117,54527,,,,,,,
251570,-342,2018-01-03,302,246,56,54829,,,,,,,
251570,-341,2018-01-10,260,218,42,55089,,,,,,,
251570,-340,2018-01-17,221,181,40,55310,,,,,,,
251570,-339,2018-01-24,197,157,40,55507,,,,,,,
251570,-338,2018-01-31,208,160,48,55715,,,,,,,
251570,-337,2018-02-07,173,130,43,55888,,,,,,,
251570,-336,2018-02-14,271,203,68,56159,,,,,,,
251570,-335,2018-02-21,237,186,51,56396,,,,,,,
251570,-334,2018-02-28,162,123,39,56558,,,,,,,
251570,-333,2018-03-07,171,138,33,56729,,,,,,,
251570,-332,2018-03-14,181,149,32,56910,,,,,,,
251570,-331,2018-03-21,166,134,32,57076,,,,,,,
251570,-330,2018-03-29,165,118,47,57241,,,,,,,
251570,-329,2018-04-05,186,154,32,57427,,,,,,,
251570,-328,2018-04-12,143,109,34,57570,,,,,,,
251570,-327,2018-04-19,112,88,24,57682,,,,,,,
251570,-326,2018-04-26,139,116,23,57821,,,,,,,
251570,-325,2018-05-03,157,119,38,57978,,,,,,,
251570,-324,2018-05-10,144,111,33,58122,,,,,,,
251570,-323,2018-05-17,160,118,42,58282,,,,,,,
251570,-322,2018-05-24,236,196,40,58518,,,,,,,
251570,-321,2018-05-31,167,127,40,58685,,,,,,,
251570,-320,2018-06-07,152,114,38,58837,,,,,,,
251570,-319,2018-06-14,139,114,25,58976,,,,,,,
251570,-318,2018-06-21,303,224,79,59279,,,,,,,
251570,-317,2018-06-28,330,236,94,59609,,,,,,,
251570,-316,2018-07-05,189,139,50,59798,,,,,,,
251570,-315,2018-07-12,174,121,53,59972,,,,,,,
251570,-314,2018-07-19,193,146,47,60165,,,,,,,
251570,-313,2018-07-26,155,119,36,60320,,,,,,,
251570,-312,2018-08-02,157,111,46,60477,,,,,,,
251570,-311,2018-08-09,158,115,43,60635,,,,,,,
251570,-310,2018-08-16,140,104,36,60775,,,,,,,
251570,-309,2018-08-23,146,104,42,60921,,,,,,,
251570,-308,2018-08-30,157,98,59,61078,,,,,,,
251570,-307,2018-09-06,143,102,41,61221,,,,,,,
251570,-306,2018-09-13,139,90,49,61360,,,,,,,
251570,-305,2018-09-20,147,104,43,61507,,,,,,,
251570,-304,2018-09-27,123,84,39,61630,,,,,,,
251570,-303,2018-10-04,172,108,64,61802,,,,,,,
251570,-302,2018-10-11,132,76,56,61934,,,,,,,
251570,-301,2018-10-18,129,84,45,62063,,,,,,,
251570,-300,2018-10-25,225,139,86,62288,,,,,,,
251570,-299,2018-10-31,222,156,66,62510,,,,,,,
251570,-298,2018-11-07,160,112,48,62670,,,,,,,
251570,-297,2018-11-14,523,429,94,63193,,,,,,,
251570,-296,2018-11-21,2671,2453,218,65864,,,,,,,
251570,-295,2018-11-28,262,200,62,66126,,,,,,,
251570,-294,2018-12-05,188,150,38,66314,,,,,,,
251570,-293,2018-12-12,214,160,54,66528,,,,,,,
251570,-292,2018-12-19,484,311,173,67012,,,,,,,
251570,-291,2018-12-26,544,321,223,67556,,,,,,,
251570,-290,2019-01-02,377,248,129,67933,,,,,,,
251570,-289,2019-01-09,264,174,90,68197,,,,,,,
251570,-288,2019-01-16,304,195,109,68501,,,,,,,
251570,-287,2019-01-23,219,151,68,68720,,,,,,,
251570,-286,2019-01-30,258,170,88,68978,,,,,,,
251570,-285,2019-02-06,335,245,90,69313,,,,,,,
251570,-284,2019-02-13,166,115,51,69479,,,,,,,
251570,-283,2019-02-20,172,124,48,69651,,,,,,,
251570,-282,2019-02-27,158,110,48,69809,,,,,,,
251570,-281,2019-03-06,162,111,51,69971,,,,,,,
251570,-280,2019-03-13,151,103,48,70122,,,,,,,
251570,-279,2019-03-20,127,92,35,70249,,,,,,,
251570,-278,2019-03-27,160,110,50,70409,,,,,,,
251570,-277,2019-04-04,145,92,53,70554,,,,,,,
251570,-276,2019-04-11,129,83,46,70683,,,,,,,
251570,-275,2019-04-18,154,108,46,70837,,,,,,,
251570,-274,2019-04-25,121,79,42,70958,,,,,,,
251570,-273,2019-05-02,162,117,45,71120,,,,,,,
251570,-272,2019-05-09,135,80,55,71255,,,,,,,
251570,-271,2019-05-16,125,88,37,71380,,,,,,,
251570,-270,2019-05-23,152,104,48,71532,,,,,,,
251570,-269,2019-05-30,153,96,57,71685,,,,,,,
251570,-268,2019-06-06,123,83,40,71808,,,,,,,
251570,-267,2019-06-13,131,103,28,71939,,,,,,,
251570,-266,2019-06-20,154,105,49,72093,,,,,,,
251570,-265,2019-06-27,3151,2929,222,75244,,,,,,,
251570,-264,2019-07-04,1045,937,108,76289,,,,,,,
251570,-263,2019-07-11,156,115,41,76445,,,,,,,
251570,-262,2019-07-18,137,103,34,76582,,,,,,,
251570,-261,2019-07-25,126,91,35,76708,,,,,,,
251570,-260,2019-08-01,115,86,29,76823,,,,,,,
251570,-259,2019-08-08,141,102,39,76964,,,,,,,
251570,-258,2019-08-15,110,74,36,77074,,,,,,,
251570,-257,2019-08-22,102,73,29,77176,,,,,,,
251570,-256,2019-08-29,107,72,35,77283,,,,,,,
251570,-255,2019-09-05,106,83,23,77389,,,,,,,
251570,-254,2019-09-12,96,76,20,77485,,,,,,,
251570,-253,2019-09-19,99,77,22,77584,,,,,,,
251570,-252,2019-09-26,107,80,27,77691,,,,,,,
251570,-251,2019-10-03,166,127,39,77857,,,,,,,
251570,-250,2019-10-10,178,130,48,78035,,,,,,,
251570,-249,2019-10-17,184,140,44,78219,,,,,,,
251570,-248,2019-10-24,708,579,129,78927,,,,,,,
251570,-247,2019-10-30,3964,3719,245,82891,,,,,,,
251570,-246,2019-11-06,1947,1822,125,84838,,,,,,,
251570,-245,2019-11-13,1423,1338,85,86261,,,,,,,
251570,-244,2019-11-20,1637,1548,89,87898,,,,,,,
251570,-243,2019-11-27,2418,2279,139,90316,,,,,,,
251570,-242,2019-12-04,1247,1157,90,91563,,,,,,,
251570,-241,2019-12-11,931,848,83,92494,,,,,,,
251570,-240,2019-12-18,1170,1072,98,93664,,,,,,,
251570,-239,2019-12-25,1590,1480,110,95254,,,,,,,
251570,-238,2020-01-01,1279,1183,96,96533,,,,,,,
251570,-237,2020-01-08,966,904,62,97499,,,,,,,
251570,-236,2020-01-15,761,717,44,98260,,,,,,,
251570,-235,2020-01-22,1194,1086,108,99454,,,,,,,
251570,-234,2020-01-29,986,884,102,100440,,,,,,,
251570,-233,2020-02-05,855,785,70,101295,,,,,,,
251570,-232,2020-02-12,770,702,68,102065,,,,,,,
251570,-231,2020-02-19,728,664,64,102793,,,,,,,
251570,-230,2020-02-26,670,611,59,103463,,,,,,,
251570,-229,2020-03-04,709,654,55,104172,,,,,,,
251570,-228,2020-03-11,820,726,94,104992,,,,,,,
251570,-227,2020-03-18,1618,1428,190,106610,,,,,,,
251570,-226,2020-03-25,1156,1052,104,107766,,,,,,,
251570,-225,2020-04-02,894,815,79,108660,,,,,,,
251570,-224,2020-04-09,744,673,71,109404,,,,,,,
251570,-223,2020-04-16,794,725,69,110198,,,,,,,
251570,-222,2020-04-23,829,764,65,111027,,,,,,,
251570,-221,2020-04-30,871,796,75,111898,,,,,,,
251570,-220,2020-05-07,847,770,77,112745,,,,,,,
251570,-219,2020-05-14,719,679,40,113464,,,,,,,
251570,-218,2020-05-21,702,655,47,114166,,,,,,,
251570,-217,2020-05-28,600,542,58,114766,,,,,,,
251570,-216,2020-06-04,544,509,35,115310,,,,,,,
251570,-215,2020-06-11,517,477,40,115827,,,,,,,
251570,-214,2020-06-18,534,481,53,116361,,,,,,,
251570,-213,2020-06-25,1750,1632,118,118111,,,,,,,
251570,-212,2020-07-02,1592,1457,135,119703,,,,,,,
251570,-211,2020-07-09,1364,1253,111,121067,,,,,,,
251570,-210,2020-07-16,1068,983,85,122135,,,,,,,
251570,-209,2020-07-23,875,828,47,123010,,,,,,,
251570,-208,2020-07-30,768,706,62,123778,,,,,,,
251570,-207,2020-08-06,756,694,62,124534,,,,,,,
251570,-206,2020-08-13,645,603,42,125179,,,,,,,
251570,-205,2020-08-20,907,816,91,126086,,,,,,,
251570,-204,2020-08-27,795,704,91,126881,,,,,,,
251570,-203,2020-09-03,770,699,71,127651,,,,,,,
251570,-202,2020-09-10,694,632,62,128345,,,,,,,
251570,-201,2020-09-17,735,674,61,129080,,,,,,,
251570,-200,2020-09-24,648,599,49,129728,,,,,,,
251570,-199,2020-10-01,584,542,42,130312,,,,,,,
251570,-198,2020-10-08,608,571,37,130920,,,,,,,
251570,-197,2020-10-15,623,581,42,131543,,,,,,,
251570,-196,2020-10-22,663,614,49,132206,,,,,,,
251570,-195,2020-10-28,1292,1172,120,133498,,,,,,,
251570,-194,2020-11-04,991,931,60,134489,,,,,,,
251570,-193,2020-11-11,782,724,58,135271,,,,,,,
251570,-192,2020-11-18,866,809,57,136137,,,,,,,
251570,-191,2020-11-25,2680,2546,134,138817,,,,,,,
251570,-190,2020-12-02,968,892,76,139785,,,,,,,
251570,-189,2020-12-09,692,642,50,140477,,,,,,,
251570,-188,2020-12-16,807,756,51,141284,,,,,,,
251570,-187,2020-12-23,1455,1348,107,142739,,,,,,,
251570,-186,2020-12-30,1536,1405,131,144275,,,,,,,
251570,-185,2021-01-06,1114,1017,97,145389,,,,,,,
251570,-184,2021-01-13,1010,944,66,146399,,,,,,,
251570,-183,2021-01-20,840,782,58,147239,,,,,,,
251570,-182,2021-01-27,834,781,53,148073,,,,,,,
251570,-181,2021-02-03,773,726,47,148846,,,,,,,
251570,-180,2021-02-10,1159,1057,102,150005,,,,,,,
251570,-179,2021-02-17,839,778,61,150844,,,,,,,
251570,-178,2021-02-24,760,708,52,151604,,,,,,,
251570,-177,2021-03-03,703,647,56,152307,,,,,,,
251570,-176,2021-03-10,814,730,84,153121,,,,,,,
251570,-175,2021-03-17,619,569,50,153740,,,,,,,
251570,-174,2021-03-24,606,566,40,154346,,,,,,,
251570,-173,2021-04-01,600,537,63,154946,,,,,,,
251570,-172,2021-04-08,596,547,49,155542,,,,,,,
251570,-171,2021-04-15,740,644,96,156282,,,,,,,
251570,-170,2021-04-22,1620,1448,172,157902,,,,,,,
251570,-169,2021-04-29,1150,1049,101,159052,,,,,,,
251570,-168,2021-05-06,794,723,71,159846,,,,,,,
251570,-167,2021-05-13,678,630,48,160524,,,,,,,
251570,-166,2021-05-20,636,600,36,161160,,,,,,,
251570,-165,2021-05-27,1256,1139,117,162416,,,,,,,
251570,-164,2021-06-03,892,817,75,163308,,,,,,,
251570,-163,2021-06-10,767,713,54,164075,,,,,,,
251570,-162,2021-06-17,642,592,50,164717,,,,,,,
251570,-161,2021-06-24,1075,974,101,165792,,,,,,,
251570,-160,2021-07-01,1170,1052,118,166962,,,,,,,
251570,-159,2021-07-08,990,898,92,167952,,,,,,,
251570,-158,2021-07-15,747,665,82,168699,,,,,,,
251570,-157,2021-07-22,720,667,53,169419,,,,,,,
251570,-156,2021-07-29,776,717,59,170195,,,,,,,
251570,-155,2021-08-05,737,677,60,170932,,,,,,,
251570,-154,2021-08-12,672,616,56,171604,,,,,,,
251570,-153,2021-08-19,705,649,56,172309,,,,,,,
251570,-152,2021-08-26,668,617,51,172977,,,,,,,
251570,-151,2021-09-02,699,640,59,173676,,,,,,,
251570,-150,2021-09-09,690,629,61,174366,,,,,,,
251570,-149,2021-09-16,701,654,47,175067,,,,,,,
251570,-148,2021-09-23,593,548,45,175660,,,,,,,
251570,-147,2021-09-30,594,544,50,176254,,,,,,,
251570,-146,2021-10-07,572,521,51,176826,,,,,,,
251570,-145,2021-10-14,499,451,48,177325,,,,,,,
251570,-144,2021-10-21,450,414,36,177775,,,,,,,
251570,-143,2021-10-28,968,866,102,178743,,,,,,,
251570,-142,2021-11-03,784,734,50,179527,,,,,,,
251570,-141,2021-11-10,673,629,44,180200,,,,,,,
251570,-140,2021-11-17,718,668,50,180918,,,,,,,
251570,-139,2021-11-24,2249,2098,151,183167,,,,,,,
251570,-138,2021-12-01,2074,1921,153,185241,,,,,,,
251570,-137,2021-12-08,1595,1460,135,186836,,,,,,,
251570,-136,2021-12-15,1712,1600,112,188548,,,,,,,
251570,-135,2021-12-22,1913,1736,177,190461,,,,,,,
251570,-134,2021-12-29,1908,1709,199,192369,,,,,,,
251570,-133,2022-01-05,1406,1290,116,193775,,,,,,,
251570,-132,2022-01-12,1065,968,97,194840,,,,,,,
251570,-131,2022-01-19,1058,964,94,195898,,,,,,,
251570,-130,2022-01-26,1420,1282,138,197318,,,,,,,
251570,-129,2022-02-02,1411,1254,157,198729,,,,,,,
251570,-128,2022-02-09,879,786,93,199608,,,,,,,
251570,-127,2022-02-16,857,779,78,200465,,,,,,,
251570,-126,2022-02-23,784,717,67,201249,,,,,,,
251570,-125,2022-03-02,693,632,61,201942,,,,,,,
251570,-124,2022-03-09,584,537,47,202526,,,,,,,
251570,-123,2022-03-16,571,511,60,203097,,,,,,,
251570,-122,2022-03-23,577,526,51,203674,,,,,,,
251570,-121,2022-03-31,621,550,71,204295,,,,,,,
251570,-120,2022-04-07,1303,1121,182,205598,,,,,,,
251570,-119,2022-04-14,997,871,126,206595,,,,,,,
251570,-118,2022-04-21,964,851,113,207559,,,,,,,
251570,-117,2022-04-28,871,741,130,208430,,,,,,,
251570,-116,2022-05-05,716,619,97,209146,,,,,,,
251570,-115,2022-05-12,760,669,91,209906,,,,,,,
251570,-114,2022-05-19,621,548,73,210527,,,,,,,
251570,-113,2022-05-26,574,508,66,211101,,,,,,,
251570,-112,2022-06-02,610,542,68,211711,,,,,,,
251570,-111,2022-06-09,582,524,58,212293,,,,,,,
251570,-110,2022-06-16,565,505,60,212858,,,,,,,
251570,-109,2022-06-23,875,750,125,213733,,,,,,,
251570,-108,2022-06-30,912,782,130,214645,,,,,,,
251570,-107,2022-07-07,803,729,74,215448,,,,,,,
251570,-106,2022-07-14,663,595,68,216111,,,,,,,
251570,-105,2022-07-21,606,521,85,216717,,,,,,,
251570,-104,2022-07-28,706,620,86,217423,,,,,,,
251570,-103,2022-08-04,1050,904,146,218473,,,,,,,
251570,-102,2022-08-11,875,797,78,219348,,,,,,,
251570,-101,2022-08-18,772,689,83,220120,,,,,,,
251570,-100,2022-08-25,654,595,59,220774,,,,,,,
251570,-99,2022-09-01,625,571,54,221399,,,,,,,
251570,-98,2022-09-08,578,520,58,221977,,,,,,,
251570,-97,2022-09-15,579,508,71,222556,,,,,,,
251570,-96,2022-09-22,564,512,52,223120,,,,,,,
251570,-95,2022-09-29,525,462,63,223645,,,,,,,
251570,-94,2022-10-06,497,452,45,224142,,,,,,,
251570,-93,2022-10-13,552,502,50,224694,,,,,,,
251570,-92,2022-10-20,555,491,64,225249,,,,,,,
251570,-91,2022-10-27,826,699,127,226075,,,,,,,
251570,-90,2022-11-02,734,656,78,226809,,,,,,,
251570,-89,2022-11-09,636,561,75,227445,,,,,,,
251570,-88,2022-11-16,1218,1132,86,228663,,,,,,,
251570,-87,2022-11-23,2018,1884,134,230681,,,,,,,
251570,-86,2022-11-30,860,749,111,231541,,,,,,,
251570,-85,2022-12-07,629,552,77,232170,,,,,,,
251570,-84,2022-12-14,568,497,71,232738,,,,,,,
251570,-83,2022-12-21,1050,926,124,233788,,,,,,,
251570,-82,2022-12-28,1356,1177,179,235144,,,,,,,
251570,-81,2023-01-04,1088,943,145,236232,,,,,,,
251570,-80,2023-01-11,878,776,102,237110,,,,,,,
251570,-79,2023-01-18,864,777,87,237974,,,,,,,
251570,-78,2023-01-25,851,767,84,238825,,,,,,,
251570,-77,2023-02-01,776,689,87,239601,,,,,,,
251570,-76,2023-02-08,700,620,80,240301,,,,,,,
251570,-75,2023-02-15,683,608,75,240984,,,,,,,
251570,-74,2023-02-22,681,612,69,241665,,,,,,,
251570,-73,2023-03-01,656,576,80,242321,,,,,,,
251570,-72,2023-03-08,623,551,72,242944,,,,,,,
251570,-71,2023-03-15,923,796,127,243867,,,,,,,
251570,-70,2023-03-22,881,776,105,244748,,,,,,,
251570,-69,2023-03-30,668,593,75,245416,,,,,,,
251570,-68,2023-04-06,649,554,95,246065,,,,,,,
251570,-67,2023-04-13,568,508,60,246633,,,,,,,
251570,-66,2023-04-20,670,590,80,247303,,,,,,,
251570,-65,2023-04-27,561,503,58,247864,,,,,,,
251570,-64,2023-05-04,542,491,51,248406,,,,,,,
251570,-63,2023-05-11,530,475,55,248936,,,,,,,
251570,-62,2023-05-18,494,445,49,249430,,,,,,,
251570,-61,2023-05-25,545,488,57,249975,,,,,,,
251570,-60,2023-06-01,484,421,63,250459,,,,,,,
251570,-59,2023-06-08,1282,1169,113,251741,,,,,,,
251570,-58,2023-06-15,1389,1223,166,253130,,,,,,,
251570,-57,2023-06-22,1091,969,122,254221,,,,,,,
251570,-56,2023-06-29,2126,1749,377,256347,,,,,,,
251570,-55,2023-07-06,2044,1718,326,258391,,,,,,,
251570,-54,2023-07-13,1649,1404,245,260040,,,,,,,
251570,-53,2023-07-20,1278,1026,252,261318,,,,,,,
251570,-52,2023-07-27,1129,929,200,262447,,,,,,,
251570,-51,2023-08-03,1085,935,150,263532,,,,,,,
251570,-50,2023-08-10,1175,1024,151,264707,,,,,,,
251570,-49,2023-08-17,825,712,113,265532,,,,,,,
251570,-48,2023-08-24,768,662,106,266300,,,,,,,
251570,-47,2023-08-31,693,606,87,266993,,,,,,,
251570,-46,2023-09-07,661,577,84,267654,,,,,,,
251570,-45,2023-09-14,638,558,80,268292,,,,,,,
251570,-44,2023-09-21,647,570,77,268939,,,,,,,
251570,-43,2023-09-28,647,563,84,269586,,,,,,,
251570,-42,2023-10-05,698,606,92,270284,,,,,,,
251570,-41,2023-10-12,678,597,81,270962,,,,,,,
251570,-40,2023-10-19,647,569,78,271609,,,,,,,
251570,-39,2023-10-26,1303,1123,180,272912,,,,,,,
251570,-38,2023-11-01,1322,1146,176,274234,,,,,,,
251570,-37,2023-11-08,1012,878,134,275246,,,,,,,
251570,-36,2023-11-15,2583,2414,169,277829,,,,,,,
251570,-35,2023-11-22,3625,3432,193,281454,,,,,,,
251570,-34,2023-11-29,1016,903,113,282470,,,,,,,
251570,-33,2023-12-06,836,738,98,283306,,,,,,,
251570,-32,2023-12-13,940,778,162,284246,,,,,,,
251570,-31,2023-12-20,1016,884,132,285262,,,,,,,
251570,-30,2023-12-27,1351,1181,170,286613,,,,,,,
251570,-29,2024-01-03,1119,982,137,287732,,,,,,,
251570,-28,2024-01-10,905,803,102,288637,,,,,,,
251570,-27,2024-01-17,1042,930,112,289679,,,,,,,
251570,-26,2024-01-24,1206,1045,161,290885,,,,,,,
251570,-25,2024-01-31,919,811,108,291804,,,,,,,
251570,-24,2024-02-07,774,695,79,292578,,,,,,,
251570,-23,2024-02-14,699,611,88,293277,,,,,,,
251570,-22,2024-02-21,665,591,74,293942,,,,,,,
251570,-21,2024-02-28,551,502,49,294493,,,,,,,
251570,-20,2024-03-06,615,545,70,295108,,,,,,,
251570,-19,2024-03-13,922,796,126,296030,,,,,,,
251570,-18,2024-03-20,920,831,89,296950,,,,,,,
251570,-17,2024-03-27,810,735,75,297760,,,,,,,
251570,-16,2024-04-04,681,610,71,298441,,,,,,,
251570,-15,2024-04-11,570,513,57,299011,,,,,,,
251570,-14,2024-04-18,1314,1134,180,300325,,,,,,,
251570,-13,2024-04-25,2169,1866,303,302494,,,,,,,
251570,-12,2024-05-02,1770,1544,226,304264,,,,,,,
251570,-11,2024-05-09,1333,1195,138,305597,,,,,,,
251570,-10,2024-05-16,975,872,103,306572,,,,,,,
251570,-9,2024-05-23,956,858,98,307528,,,,,,,
251570,-8,2024-05-30,1017,917,100,308545,,,,,,,
251570,-7,2024-06-06,938,851,87,309483,,,,,,,
251570,-6,2024-06-13,882,788,94,310365,,,,,,,
251570,-5,2024-06-20,2196,1905,291,312561,,,,,,,
251570,-4,2024-06-27,1978,1731,247,314539,,,,,,,
251570,-3,2024-07-04,1522,1342,180,316061,,,,,,,
251570,-2,2024-07-11,1375,1211,164,317436,,,,,,,
251570,-1,2024-07-18,1320,1148,172,318756,,,,,,,
251570,0,2024-07-25,4917,3559,1358,323673,,,,,,,
251570,1,2024-08-01,1919,1524,395,325592,,,,,,,
251570,2,2024-08-08,1544,1284,260,327136,,,,,,,
251570,3,2024-08-15,1327,1124,203,328463,,,,,,,
251570,4,2024-08-22,1063,895,168,329526,,,,,,,
251570,5,2024-08-29,864,723,141,330390,,,,,,,
251570,6,2024-09-05,721,634,87,331111,,,,,,,
251570,7,2024-09-12,750,637,113,331861,,,,,,,
251570,8,2024-09-19,678,581,97,332539,,,,,,,
251570,9,2024-09-26,743,646,97,333282,,,,,,,
251570,10,2024-10-03,706,607,99,333988,,,,,,,
251570,11,2024-10-10,648,564,84,334636,,,,,,,
251570,12,2024-10-17,588,510,78,335224,,,,,,,
251570,13,2024-10-24,607,528,79,335831,,,,,,,
251570,14,2024-10-30,597,513,84,336428,,,,,,,
251570,15,2024-11-06,531,468,63,336959,,,,,,,
251570,16,2024-11-13,549,477,72,337508,,,,,,,
251570,17,2024-11-20,1684,1592,92,339192,,,,,,,
251570,18,2024-11-27,11091,10842,249,350283,,,,,,,
251570,19,2024-12-04,726,633,93,351009,,,,,,,
251570,20,2024-12-11,578,502,76,351587,,,,,,,
251570,21,2024-12-18,659,571,88,352246,,,,,,,
251570,22,2024-12-25,739,648,91,352985,,,,,,,
251570,23,2025-01-01,737,631,106,353722,,,,,,,
251570,24,2025-01-08,695,609,86,354417,,,,,,,
251570,25,2025-01-15,614,543,71,355031,,,,,,,
251570,26,2025-01-22,545,483,62,355576,,,,,,,
251570,27,2025-01-29,539,477,62,356115,,,,,,,
251570,28,2025-02-05,570,493,77,356685,,,,,,,
251570,29,2025-02-12,678,573,105,357363,,,,,,,
251570,30,2025-02-19,521,461,60,357884,,,,,,,
251570,31,2025-02-26,596,518,78,358480,,,,,,,
251570,32,2025-03-05,677,582,95,359157,,,,,,,
251570,33,2025-03-12,634,552,82,359791,,,,,,,
251570,34,2025-03-19,587,524,63,360378,,,,,,,
251570,35,2025-03-26,521,460,61,360899,,,,,,,
251570,36,2025-04-03,454,390,64,361353,,,,,,,
251570,37,2025-04-10,624,533,91,361977,,,,,,,
251570,38,2025-04-17,630,549,81,362607,,,,,,,
251570,39,2025-04-24,572,510,62,363179,,,,,,,
251570,40,2025-05-01,532,476,56,363711,,,,,,,
251570,41,2025-05-08,509,440,69,364220,,,,,,,
251570,42,2025-05-15,448,389,59,364668,,,,,,,
251570,43,2025-05-22,500,442,58,365168,,,,,,,
251570,44,2025-05-29,556,476,80,365724,,,,,,,
251570,45,2025-06-05,517,449,68,366241,,,,,,,
251570,46,2025-06-12,836,701,135,367077,,,,,,,
251570,47,2025-06-19,848,711,137,367925,,,,,,,
251570,48,2025-06-26,1696,1078,618,369621,,,,,,,
251570,49,2025-07-03,1189,800,389,370810,,,,,,,
251570,50,2025-07-10,1071,789,282,371881,,,,,,,
251570,51,2025-07-17,1212,673,539,373093,,,,,,,
251570,52,2025-07-24,2033,700,1333,375126,,,,,,,
251570,53,2025-07-31,1027,550,477,376153,,,,,,,
251570,54,2025-08-07,937,520,417,377090,,,,,,,
251570,55,2025-08-14,664,473,191,377754,,,,,,,
251570,56,2025-08-21,601,455,146,378355,,,,,,,
251570,57,2025-08-28,655,496,159,379010,,,,,,,
251570,58,2025-09-04,576,456,120,379586,,,,,,,
251570,59,2025-09-11,508,410,98,380094,,,,,,,
251570,60,2025-09-18,401,322,79,380495,,,,,,,
251570,61,2025-09-25,485,412,73,380980,,,,,,,
251570,62,2025-10-02,532,431,101,381512,,,,,,,
251570,63,2025-10-09,419,342,77,381931,,,,,,,
251570,64,2025-10-16,473,392,81,382404,,,,,,,
251570,65,2025-10-23,455,386,69,382859,,,,,,,
251570,66,2025-10-29,459,387,72,383318,,,,,,,
251570,67,2025-11-05,433,365,68,383751,,,,,,,
251570,68,2025-11-12,382,332,50,384133,,,,,,,
251570,69,2025-11-19,1545,1462,83,385678,,,,,,,
251570,70,2025-11-26,1375,1312,63,387053,,,,,,,
251570,71,2025-12-03,415,346,69,387468,,,,,,,
251570,72,2025-12-10,498,407,91,387966,,,,,,,
251570,73,2025-12-17,670,541,129,388636,,,,,,,
251570,74,2025-12-24,670,552,118,389306,,,,,,,
251570,75,2025-12-31,720,621,99,390026,,,,,,,
251570,76,2026-01-07,545,445,100,390571,,,,,,,
251570,77,2026-01-14,537,451,86,391108,,,,,,,
251570,78,2026-01-21,487,404,83,391595,,,,,,,
251570,79,2026-01-28,509,428,81,392104,,,,,,,
251570,80,2026-02-04,464,399,65,392568,,,,,,,
251570,81,2026-02-11,393,337,56,392961,,,,,,,
251570,82,2026-02-18,397,345,52,393358,,,,,,,
251570,83,2026-02-25,418,356,62,393776,,,,,,,
251570,84,2026-03-04,362,299,63,394138,,,,,,,
251570,85,2026-03-11,395,336,59,394533,,,,,,,
251570,86,2026-03-18,475,389,86,395008,,,,,,,
251570,87,2026-03-25,519,396,123,395527,,,,,,,
251570,88,2026-04-02,459,385,74,395986,,,,,,,
251570,89,2026-04-09,397,338,59,396383,,,,,,,
251570,90,2026-04-16,349,298,51,396732,,,,,,,
251570,91,2026-04-23,373,308,65,397105,,,,,,,
251570,92,2026-04-30,381,316,65,397486,,,,,,,
251570,93,2026-05-07,339,279,60,397825,,,,,,,
251570,94,2026-05-14,330,271,59,398155,,,,,,,
251570,95,2026-05-21,362,304,58,398517,,,,,,,
251570,96,2026-05-28,335,271,64,398852,,,,,,,
251570,97,2026-06-04,384,301,83,399236,,,,,,,
251570,98,2026-06-11,706,547,159,399942,,,,,,,
251570,99,2026-06-18,643,528,115,400585,,,,,,,
251570,100,2026-06-25,860,665,195,401445,,,,,,,
251570,101,2026-07-02,791,616,175,402236,,,,,,,
251570,102,2026-07-09,703,548,155,402939,,,,,,,
251570,103,2026-07-16,568,437,131,403507,,,,,,,
251570,104,2026-07-23,2132,426,1706,405639,,,,,,,
251570,105,2026-07-30,1182,401,781,406821,,,,,,,
251570,106,2026-08-06,290,193,97,407111,,,,,,,
427410,-64,2024-04-30,2560,2493,67,2560,,,,,,,
427410,-63,2024-05-07,3034,2930,104,5594,,,,,,,
427410,-62,2024-05-14,1400,1343,57,6994,,,,,,,
427410,-61,2024-05-21,1050,1003,47,8044,,,,,,,
427410,-60,2024-05-28,923,892,31,8967,,,,,,,
427410,-59,2024-06-04,639,619,20,9606,,,,,,,
427410,-58,2024-06-11,468,456,12,10074,,,,,,,
427410,-57,2024-06-18,398,380,18,10472,,,,,,,
427410,-56,2024-06-25,630,587,43,11102,,,,,,,
427410,-55,2024-07-02,701,662,39,11803,,,,,,,
427410,-54,2024-07-09,564,529,35,12367,,,,,,,
427410,-53,2024-07-16,346,329,17,12713,,,,,,,
427410,-52,2024-07-23,305,298,7,13018,,,,,,,
427410,-51,2024-07-30,257,249,8,13275,,,,,,,
427410,-50,2024-08-06,429,414,15,13704,,,,,,,
427410,-49,2024-08-13,839,812,27,14543,,,,,,,
427410,-48,2024-08-20,549,533,16,15092,,,,,,,
427410,-47,2024-08-27,409,391,18,15501,,,,,,,
427410,-46,2024-09-03,311,297,14,15812,,,,,,,
427410,-45,2024-09-10,241,229,12,16053,,,,,,,
427410,-44,2024-09-17,320,307,13,16373,,,,,,,
427410,-43,2024-09-24,215,206,9,16588,,,,,,,
427410,-42,2024-10-01,226,219,7,16814,,,,,,,
427410,-41,2024-10-08,378,358,20,17192,,,,,,,
427410,-40,2024-10-15,471,451,20,17663,,,,,,,
427410,-39,2024-10-22,370,352,18,18033,,,,,,,
427410,-38,2024-10-28,254,247,7,18287,,,,,,,
427410,-37,2024-11-04,196,191,5,18483,,,,,,,
427410,-36,2024-11-11,232,227,5,18715,,,,,,,
427410,-35,2024-11-18,205,199,6,18920,,,,,,,
427410,-34,2024-11-25,3220,3195,25,22140,,,,,,,
427410,-33,2024-12-02,738,722,16,22878,,,,,,,
427410,-32,2024-12-09,205,200,5,23083,,,,,,,
427410,-31,2024-12-16,198,187,11,23281,,,,,,,
427410,-30,2024-12-23,320,306,14,23601,,,,,,,
427410,-29,2024-12-30,348,326,22,23949,,,,,,,
427410,-28,2025-01-06,262,250,12,24211,,,,,,,
427410,-27,2025-01-13,230,222,8,24441,,,,,,,
427410,-26,2025-01-20,218,211,7,24659,,,,,,,
427410,-25,2025-01-27,244,238,6,24903,,,,,,,
427410,-24,2025-02-03,758,715,43,25661,,,,,,,
427410,-23,2025-02-10,636,610,26,26297,,,,,,,
427410,-22,2025-02-17,417,396,21,26714,,,,,,,
427410,-21,2025-02-24,319,303,16,27033,,,,,,,
427410,-20,2025-03-03,289,279,10,27322,,,,,,,
427410,-19,2025-03-10,341,333,8,27663,,,,,,,
427410,-18,2025-03-17,313,298,15,27976,,,,,,,
427410,-17,2025-03-24,273,263,10,28249,,,,,,,
427410,-16,2025-04-01,195,182,13,28444,,,,,,,
427410,-15,2025-04-08,186,180,6,28630,,,,,,,
427410,-14,2025-04-15,411,384,27,29041,,,,,,,
427410,-13,2025-04-22,444,431,13,29485,,,,,,,
427410,-12,2025-04-29,448,435,13,29933,,,,,,,
427410,-11,2025-05-06,292,277,15,30225,,,,,,,
427410,-10,2025-05-13,235,226,9,30460,,,,,,,
427410,-9,2025-05-20,209,198,11,30669,,,,,,,
427410,-8,2025-05-27,245,232,13,30914,,,,,,,
427410,-7,2025-06-03,216,205,11,31130,,,,,,,
427410,-6,2025-06-10,167,162,5,31297,,,,,,,
427410,-5,2025-06-17,143,138,5,31440,,,,,,,
427410,-4,2025-06-24,189,181,8,31629,,,,,,,
427410,-3,2025-07-01,194,186,8,31823,,,,,,,
427410,-2,2025-07-08,184,174,10,32007,,,,,,,
427410,-1,2025-07-15,304,292,12,32311,,,,,,,
427410,0,2025-07-22,1823,1712,111,34134,,,,,,,
427410,1,2025-07-29,1466,1344,122,35600,,,,,,,
427410,2,2025-08-05,1125,1065,60,36725,,,,,,,
427410,3,2025-08-12,969,914,55,37694,,,,,,,
427410,4,2025-08-19,1005,954,51,38699,,,,,,,
427410,5,2025-08-26,700,658,42,39399,,,,,,,
427410,6,2025-09-02,596,564,32,39995,,,,,,,
427410,7,2025-09-09,438,419,19,40433,,,,,,,
427410,8,2025-09-16,378,363,15,40811,,,,,,,
427410,9,2025-09-23,390,364,26,41201,,,,,,,
427410,10,2025-09-30,422,401,21,41623,,,,,,,
427410,11,2025-10-07,326,301,25,41949,,,,,,,
427410,12,2025-10-14,325,305,20,42274,,,,,,,
427410,13,2025-10-21,277,262,15,42551,,,,,,,
427410,14,2025-10-27,289,281,8,42840,,,,,,,
427410,15,2025-11-03,420,400,20,43260,,,,,,,
427410,16,2025-11-10,304,283,21,43564,,,,,,,
427410,17,2025-11-17,590,570,20,44154,,,,,,,
427410,18,2025-11-24,4073,4051,22,48227,,,,,,,
427410,19,2025-12-01,286,276,10,48513,,,,,,,
427410,20,2025-12-08,228,210,18,48741,,,,,,,
427410,21,2025-12-15,313,295,18,49054,,,,,,,
427410,22,2025-12-22,298,271,27,49352,,,,,,,
427410,23,2025-12-29,379,353,26,49731,,,,,,,
427410,24,2026-01-05,316,291,25,50047,,,,,,,
427410,25,2026-01-12,266,254,12,50313,,,,,,,
427410,26,2026-01-19,281,265,16,50594,,,,,,,
427410,27,2026-01-26,229,214,15,50823,,,,,,,
427410,28,2026-02-02,229,218,11,51052,,,,,,,
427410,29,2026-02-09,237,221,16,51289,,,,,,,
427410,30,2026-02-16,227,206,21,51516,,,,,,,
427410,31,2026-02-23,243,222,21,51759,,,,,,,
427410,32,2026-03-02,191,182,9,51950,,,,,,,
427410,33,2026-03-09,211,200,11,52161,,,,,,,
427410,34,2026-03-16,207,196,11,52368,,,,,,,
427410,35,2026-03-23,252,239,13,52620,,,,,,,
427410,36,2026-03-31,224,208,16,52844,,,,,,,
427410,37,2026-04-07,216,210,6,53060,,,,,,,
427410,38,2026-04-14,199,183,16,53259,,,,,,,
427410,39,2026-04-21,212,196,16,53471,,,,,,,
427410,40,2026-04-28,253,242,11,53724,,,,,,,
427410,41,2026-05-05,477,448,29,54201,,,,,,,
427410,42,2026-05-12,438,421,17,54639,,,,,,,
427410,43,2026-05-19,320,308,12,54959,,,,,,,
427410,44,2026-05-26,296,290,6,55255,,,,,,,
427410,45,2026-06-02,289,277,12,55544,,,,,,,
427410,46,2026-06-09,295,285,10,55839,,,,,,,
427410,47,2026-06-16,235,220,15,56074,,,,,,,
427410,48,2026-06-23,249,232,17,56323,,,,,,,
427410,49,2026-06-30,300,280,20,56623,,,,,,,
427410,50,2026-07-07,313,293,20,56936,,,,,,,
427410,51,2026-07-14,318,294,24,57254,,,,,,,
427410,52,2026-07-21,276,263,13,57530,,,,,,,
427410,53,2026-07-28,259,249,10,57789,,,,,,,
427410,54,2026-08-04,193,182,11,57982,,,,,,,
1374490,0,2025-04-15,11462,9815,1647,11462,,,,,,,
1374490,1,2025-04-22,3540,3050,490,15002,,,,,,,
1374490,2,2025-04-29,1369,1115,254,16371,,,,,,,
1374490,3,2025-05-06,696,555,141,17067,,,,,,,
1374490,4,2025-05-13,415,311,104,17482,,,,,,,
1374490,5,2025-05-20,286,214,72,17768,,,,,,,
1374490,6,2025-05-27,229,147,82,17997,,,,,,,
1374490,7,2025-06-03,198,130,68,18195,,,,,,,
1374490,8,2025-06-10,181,99,82,18376,,,,,,,
1374490,9,2025-06-17,202,122,80,18578,,,,,,,
1374490,10,2025-06-24,189,94,95,18767,,,,,,,
1374490,11,2025-07-01,286,182,104,19053,,,,,,,
1374490,12,2025-07-08,186,132,54,19239,,,,,,,
1374490,13,2025-07-15,128,88,40,19367,,,,,,,
1374490,14,2025-07-22,90,48,42,19457,,,,,,,
1374490,15,2025-07-29,103,69,34,19560,,,,,,,
1374490,16,2025-08-05,58,36,22,19618,,,,,,,
1374490,17,2025-08-12,54,28,26,19672,,,,,,,
1374490,18,2025-08-19,113,76,37,19785,,,,,,,
1374490,19,2025-08-26,80,55,25,19865,,,,,,,
1374490,20,2025-09-02,57,35,22,19922,,,,,,,
1374490,21,2025-09-09,82,47,35,20004,,,,,,,
1374490,22,2025-09-16,56,39,17,20060,,,,,,,
1374490,23,2025-09-23,51,38,13,20111,,,,,,,
1374490,24,2025-09-30,181,133,48,20292,,,,,,,
1374490,25,2025-10-07,135,98,37,20427,,,,,,,
1374490,26,2025-10-14,69,54,15,20496,,,,,,,
1374490,27,2025-10-21,63,46,17,20559,,,,,,,
1374490,28,2025-10-27,51,36,15,20610,,,,,,,
1374490,29,2025-11-03,53,40,13,20663,,,,,,,
1374490,30,2025-11-10,67,54,13,20730,,,,,,,
1374490,31,2025-11-17,80,63,17,20810,,,,,,,
1374490,32,2025-11-24,297,282,15,21107,,,,,,,
1374490,33,2025-12-01,67,59,8,21174,,,,,,,
1374490,34,2025-12-08,85,72,13,21259,,,,,,,
1374490,35,2025-12-15,415,310,105,21674,,,,,,,
1374490,36,2025-12-22,387,284,103,22061,,,,,,,
1374490,37,2025-12-29,385,306,79,22446,,,,,,,
1374490,38,2026-01-05,217,166,51,22663,,,,,,,
1374490,39,2026-01-12,183,156,27,22846,,,,,,,
1374490,40,2026-01-19,143,116,27,22989,,,,,,,
1374490,41,2026-01-26,92,77,15,23081,,,,,,,
1374490,42,2026-02-02,78,53,25,23159,,,,,,,
1374490,43,2026-02-09,83,68,15,23242,,,,,,,
1374490,44,2026-02-16,79,65,14,23321,,,,,,,
1374490,45,2026-02-23,108,93,15,23429,,,,,,,
1374490,46,2026-03-02,84,67,17,23513,,,,,,,
1374490,47,2026-03-09,65,54,11,23578,,,,,,,
1374490,48,2026-03-16,105,84,21,23683,,,,,,,
1374490,49,2026-03-23,117,93,24,23800,,,,,,,
1374490,50,2026-03-31,290,234,56,24090,,,,,,,
1374490,51,2026-04-07,163,129,34,24253,,,,,,,
1374490,52,2026-04-14,122,96,26,24375,,,,,,,
1374490,53,2026-04-21,159,139,20,24534,,,,,,,
1374490,54,2026-04-28,141,125,16,24675,,,,,,,
1374490,55,2026-05-05,79,63,16,24754,,,,,,,
1374490,56,2026-05-12,77,54,23,24831,,,,,,,
1374490,57,2026-05-19,101,81,20,24932,,,,,,,
1374490,58,2026-05-26,99,78,21,25031,,,,,,,
1374490,59,2026-06-02,112,84,28,25143,,,,,,,
1374490,60,2026-06-09,114,95,19,25257,,,,,,,
1374490,61,2026-06-16,123,106,17,25380,,,,,,,
1374490,62,2026-06-23,865,616,249,26245,,,,,,,
1374490,63,2026-06-30,700,515,185,26945,,,,,,,
1374490,64,2026-07-07,635,505,130,27580,,,,,,,
1374490,65,2026-07-14,326,262,64,27906,,,,,,,
1374490,66,2026-07-21,284,235,49,28190,,,,,,,
1374490,67,2026-07-28,358,305,53,28548,,,,,,,
1374490,68,2026-08-04,215,170,45,28763,,,,,,,
1645820,0,2022-06-24,55,52,3,55,,,,,,,
1645820,1,2022-07-01,71,64,7,126,,,,,,,
1645820,2,2022-07-08,80,72,8,206,,,,,,,
1645820,3,2022-07-15,104,95,9,310,,,,,,,
1645820,4,2022-07-22,91,82,9,401,,,,,,,
1645820,5,2022-07-29,139,127,12,540,,,,,,,
1645820,6,2022-08-05,209,193,16,749,,,,,,,
1645820,7,2022-08-12,97,90,7,846,,,,,,,
1645820,8,2022-08-19,80,71,9,926,,,,,,,
1645820,9,2022-08-26,76,64,12,1002,,,,,,,
1645820,10,2022-09-02,83,74,9,1085,,,,,,,
1645820,11,2022-09-09,33,30,3,1118,,,,,,,
1645820,12,2022-09-16,45,44,1,1163,,,,,,,
1645820,13,2022-09-23,47,42,5,1210,,,,,,,
1645820,14,2022-09-30,43,37,6,1253,,,,,,,
1645820,15,2022-10-07,22,18,4,1275,,,,,,,
1645820,16,2022-10-14,28,23,5,1303,,,,,,,
1645820,17,2022-10-21,19,14,5,1322,,,,,,,
1645820,18,2022-10-28,27,24,3,1349,,,,,,,
1645820,19,2022-11-03,40,36,4,1389,,,,,,,
1645820,20,2022-11-10,44,41,3,1433,,,,,,,
1645820,21,2022-11-17,71,68,3,1504,,,,,,,
1645820,22,2022-11-24,67,65,2,1571,,,,,,,
1645820,23,2022-12-01,28,25,3,1599,,,,,,,
1645820,24,2022-12-08,20,19,1,1619,,,,,,,
1645820,25,2022-12-15,21,20,1,1640,,,,,,,
1645820,26,2022-12-22,41,38,3,1681,,,,,,,
1645820,27,2022-12-29,76,71,5,1757,,,,,,,
1645820,28,2023-01-05,59,57,2,1816,,,,,,,
1645820,29,2023-01-12,76,71,5,1892,,,,,,,
1645820,30,2023-01-19,52,50,2,1944,,,,,,,
1645820,31,2023-01-26,72,59,13,2016,,,,,,,
1645820,32,2023-02-02,78,72,6,2094,,,,,,,
1645820,33,2023-02-09,76,65,11,2170,,,,,,,
1645820,34,2023-02-16,74,66,8,2244,,,,,,,
1645820,35,2023-02-23,54,46,8,2298,,,,,,,
1645820,36,2023-03-02,43,38,5,2341,,,,,,,
1645820,37,2023-03-09,45,39,6,2386,,,,,,,
1645820,38,2023-03-16,55,50,5,2441,,,,,,,
1645820,39,2023-03-23,36,34,2,2477,,,,,,,
1645820,40,2023-03-31,26,23,3,2503,,,,,,,
1645820,41,2023-04-07,29,26,3,2532,,,,,,,
1645820,42,2023-04-14,27,26,1,2559,,,,,,,
1645820,43,2023-04-21,36,32,4,2595,,,,,,,
1645820,44,2023-04-28,48,38,10,2643,,,,,,,
1645820,45,2023-05-05,22,17,5,2665,,,,,,,
1645820,46,2023-05-12,28,21,7,2693,,,,,,,
1645820,47,2023-05-19,21,18,3,2714,,,,,,,
1645820,48,2023-05-26,33,27,6,2747,,,,,,,
1645820,49,2023-06-02,28,25,3,2775,,,,,,,
1645820,50,2023-06-09,23,22,1,2798,,,,,,,
1645820,51,2023-06-16,25,23,2,2823,,,,,,,
1645820,52,2023-06-23,26,23,3,2849,,,,,,,
1645820,53,2023-06-30,74,61,13,2923,,,,,,,
1645820,54,2023-07-07,71,60,11,2994,,,,,,,
1645820,55,2023-07-14,61,48,13,3055,,,,,,,
1645820,56,2023-07-21,55,47,8,3110,,,,,,,
1645820,57,2023-07-28,37,33,4,3147,,,,,,,
1645820,58,2023-08-04,28,25,3,3175,,,,,,,
1645820,59,2023-08-11,34,31,3,3209,,,,,,,
1645820,60,2023-08-18,32,27,5,3241,,,,,,,
1645820,61,2023-08-25,31,28,3,3272,,,,,,,
1645820,62,2023-09-01,28,26,2,3300,,,,,,,
1645820,63,2023-09-08,23,22,1,3323,,,,,,,
1645820,64,2023-09-15,25,22,3,3348,,,,,,,
1645820,65,2023-09-22,17,13,4,3365,,,,,,,
1645820,66,2023-09-29,18,15,3,3383,,,,,,,
1645820,67,2023-10-06,12,11,1,3395,,,,,,,
1645820,68,2023-10-13,14,9,5,3409,,,,,,,
1645820,69,2023-10-20,23,14,9,3432,,,,,,,
1645820,70,2023-10-27,59,50,9,3491,,,,,,,
1645820,71,2023-11-02,55,47,8,3546,,,,,,,
1645820,72,2023-11-09,40,39,1,3586,,,,,,,
1645820,73,2023-11-16,42,37,5,3628,,,,,,,
1645820,74,2023-11-23,68,66,2,3696,,,,,,,
1645820,75,2023-11-30,41,32,9,3737,,,,,,,
1645820,76,2023-12-07,31,24,7,3768,,,,,,,
1645820,77,2023-12-14,35,27,8,3803,,,,,,,
1645820,78,2023-12-21,56,48,8,3859,,,,,,,
1645820,79,2023-12-28,73,70,3,3932,,,,,,,
1645820,80,2024-01-04,74,64,10,4006,,,,,,,
1645820,81,2024-01-11,48,44,4,4054,,,,,,,
1645820,82,2024-01-18,41,37,4,4095,,,,,,,
1645820,83,2024-01-25,32,28,4,4127,,,,,,,
1645820,84,2024-02-01,44,40,4,4171,,,,,,,
1645820,85,2024-02-08,32,31,1,4203,,,,,,,
1645820,86,2024-02-15,36,31,5,4239,,,,,,,
1645820,87,2024-02-22,35,32,3,4274,,,,,,,
1645820,88,2024-02-29,31,30,1,4305,,,,,,,
1645820,89,2024-03-07,42,37,5,4347,,,,,,,
1645820,90,2024-03-14,79,67,12,4426,,,,,,,
1645820,91,2024-03-21,68,65,3,4494,,,,,,,
1645820,92,2024-03-28,48,44,4,4542,,,,,,,
1645820,93,2024-04-05,35,33,2,4577,,,,,,,
1645820,94,2024-04-12,33,29,4,4610,,,,,,,
1645820,95,2024-04-19,29,28,1,4639,,,,,,,
1645820,96,2024-04-26,27,24,3,4666,,,,,,,
1645820,97,2024-05-03,16,14,2,4682,,,,,,,
1645820,98,2024-05-10,28,27,1,4710,,,,,,,
1645820,99,2024-05-17,18,13,5,4728,,,,,,,
1645820,100,2024-05-24,58,54,4,4786,,,,,,,
1645820,101,2024-05-31,84,79,5,4870,,,,,,,
1645820,102,2024-06-07,47,44,3,4917,,,,,,,
1645820,103,2024-06-14,36,35,1,4953,,,,,,,
1645820,104,2024-06-21,20,19,1,4973,,,,,,,
1645820,105,2024-06-28,30,25,5,5003,,,,,,,
1645820,106,2024-07-05,49,46,3,5052,,,,,,,
1645820,107,2024-07-12,53,51,2,5105,,,,,,,
1645820,108,2024-07-19,37,35,2,5142,,,,,,,
1645820,109,2024-07-26,33,29,4,5175,,,,,,,
1645820,110,2024-08-02,44,38,6,5219,,,,,,,
1645820,111,2024-08-09,214,186,28,5433,,,,,,,
1645820,112,2024-08-16,109,107,2,5542,,,,,,,
1645820,113,2024-08-23,58,48,10,5600,,,,,,,
1645820,114,2024-08-30,48,41,7,5648,,,,,,,
1645820,115,2024-09-06,33,28,5,5681,,,,,,,
1645820,116,2024-09-13,40,36,4,5721,,,,,,,
1645820,117,2024-09-20,59,58,1,5780,,,,,,,
1645820,118,2024-09-27,67,64,3,5847,,,,,,,
1645820,119,2024-10-04,39,38,1,5886,,,,,,,
1645820,120,2024-10-11,40,37,3,5926,,,,,,,
1645820,121,2024-10-18,30,28,2,5956,,,,,,,
1645820,122,2024-10-25,34,29,5,5990,,,,,,,
1645820,123,2024-10-31,43,43,0,6033,,,,,,,
1645820,124,2024-11-07,39,34,5,6072,,,,,,,
1645820,125,2024-11-14,28,26,2,6100,,,,,,,
1645820,126,2024-11-21,52,50,2,6152,,,,,,,
1645820,127,2024-11-28,93,85,8,6245,,,,,,,
1645820,128,2024-12-05,35,33,2,6280,,,,,,,
1645820,129,2024-12-12,19,19,0,6299,,,,,,,
1645820,130,2024-12-19,38,36,2,6337,,,,,,,
1645820,131,2024-12-26,52,47,5,6389,,,,,,,
1645820,132,2025-01-02,38,31,7,6427,,,,,,,
1645820,133,2025-01-09,20,16,4,6447,,,,,,,
1645820,134,2025-01-16,28,24,4,6475,,,,,,,
1645820,135,2025-01-23,21,20,1,6496,,,,,,,
1645820,136,2025-01-30,32,29,3,6528,,,,,,,
1645820,137,2025-02-06,24,24,0,6552,,,,,,,
1645820,138,2025-02-13,23,21,2,6575,,,,,,,
1645820,139,2025-02-20,28,26,2,6603,,,,,,,
1645820,140,2025-02-27,29,28,1,6632,,,,,,,
1645820,141,2025-03-06,29,26,3,6661,,,,,,,
1645820,142,2025-03-13,42,39,3,6703,,,,,,,
1645820,143,2025-03-20,42,40,2,6745,,,,,,,
1645820,144,2025-03-27,27,26,1,6772,,,,,,,
1645820,145,2025-04-04,73,63,10,6845,,,,,,,
1645820,146,2025-04-11,144,130,14,6989,,,,,,,
1645820,147,2025-04-18,96,90,6,7085,,,,,,,
1645820,148,2025-04-25,52,50,2,7137,,,,,,,
1645820,149,2025-05-02,78,71,7,7215,,,,,,,
1645820,150,2025-05-09,52,50,2,7267,,,,,,,
1645820,151,2025-05-16,91,85,6,7358,,,,,,,
1645820,152,2025-05-23,241,203,38,7599,,,,,,,
1645820,153,2025-05-30,501,461,40,8100,,,,,,,
1645820,154,2025-06-06,336,310,26,8436,,,,,,,
1645820,155,2025-06-13,180,164,16,8616,,,,,,,
1645820,156,2025-06-20,259,247,12,8875,,,,,,,
1645820,157,2025-06-27,692,646,46,9567,,,,,,,
1645820,158,2025-07-04,740,696,44,10307,,,,,,,
1645820,159,2025-07-11,641,607,34,10948,,,,,,,
1645820,160,2025-07-18,491,460,31,11439,,,,,,,
1645820,161,2025-07-25,516,497,19,11955,,,,,,,
1645820,162,2025-08-01,352,330,22,12307,,,,,,,
1645820,163,2025-08-08,251,234,17,12558,,,,,,,
1645820,164,2025-08-15,380,362,18,12938,,,,,,,
1645820,165,2025-08-22,328,303,25,13266,,,,,,,
1645820,166,2025-08-29,316,301,15,13582,,,,,,,
1645820,167,2025-09-05,243,228,15,13825,,,,,,,
1645820,168,2025-09-12,309,289,20,14134,,,,,,,
1645820,169,2025-09-19,332,322,10,14466,,,,,,,
1645820,170,2025-09-26,507,461,46,14973,,,,,,,
1645820,171,2025-10-03,1011,949,62,15984,,,,,,,
1645820,172,2025-10-10,596,550,46,16580,,,,,,,
1645820,173,2025-10-17,356,335,21,16936,,,,,,,
1645820,174,2025-10-24,396,358,38,17332,,,,,,,
1645820,175,2025-10-30,453,416,37,17785,,,,,,,
1645820,176,2025-11-06,300,277,23,18085,,,,,,,
1645820,177,2025-11-13,227,206,21,18312,,,,,,,
1645820,178,2025-11-20,367,352,15,18679,,,,,,,
1645820,179,2025-11-27,254,235,19,18933,,,,,,,
1645820,180,2025-12-04,253,223,30,19186,,,,,,,
1645820,181,2025-12-11,425,391,34,19611,,,,,,,
1645820,182,2025-12-18,356,316,40,19967,,,,,,,
1645820,183,2025-12-25,431,386,45,20398,,,,,,,
1645820,184,2026-01-01,499,450,49,20897,,,,,,,
1645820,185,2026-01-08,260,241,19,21157,,,,,,,
1645820,186,2026-01-15,177,161,16,21334,,,,,,,
1645820,187,2026-01-22,171,154,17,21505,,,,,,,
1645820,188,2026-01-29,159,142,17,21664,,,,,,,
1645820,189,2026-02-05,222,200,22,21886,,,,,,,
1645820,190,2026-02-12,268,247,21,22154,,,,,,,
1645820,191,2026-02-19,225,208,17,22379,,,,,,,
1645820,192,2026-02-26,226,217,9,22605,,,,,,,
1645820,193,2026-03-05,182,167,15,22787,,,,,,,
1645820,194,2026-03-12,188,177,11,22975,,,,,,,
1645820,195,2026-03-19,261,245,16,23236,,,,,,,
1645820,196,2026-03-26,253,232,21,23489,,,,,,,
1645820,197,2026-04-03,200,186,14,23689,,,,,,,
1645820,198,2026-04-10,192,176,16,23881,,,,,,,
1645820,199,2026-04-17,162,145,17,24043,,,,,,,
1645820,200,2026-04-24,155,145,10,24198,,,,,,,
1645820,201,2026-05-01,170,152,18,24368,,,,,,,
1645820,202,2026-05-08,146,129,17,24514,,,,,,,
1645820,203,2026-05-15,122,102,20,24636,,,,,,,
1645820,204,2026-05-22,130,109,21,24766,,,,,,,
1645820,205,2026-05-29,120,100,20,24886,,,,,,,
1645820,206,2026-06-05,112,93,19,24998,,,,,,,
1645820,207,2026-06-12,110,95,15,25108,,,,,,,
1645820,208,2026-06-19,114,101,13,25222,,,,,,,
1645820,209,2026-06-26,205,164,41,25427,,,,,,,
1645820,210,2026-07-03,207,191,16,25634,,,,,,,
1645820,211,2026-07-10,173,157,16,25807,,,,,,,
1645820,212,2026-07-17,131,118,13,25938,,,,,,,
1645820,213,2026-07-24,134,124,10,26072,,,,,,,
1645820,214,2026-07-31,127,105,22,26199,,,,,,,
1645820,215,2026-08-07,53,42,11,26252,,,,,,,
221100,-261,2013-12-12,1559,1317,242,1559,,,,,,,
221100,-260,2013-12-19,4005,3531,474,5564,,,,,,,
221100,-259,2013-12-26,4751,4257,494,10315,,,,,,,
221100,-258,2014-01-02,4181,3727,454,14496,,,,,,,
221100,-257,2014-01-09,3306,2946,360,17802,,,,,,,
221100,-256,2014-01-16,2694,2342,352,20496,,,,,,,
221100,-255,2014-01-23,2041,1774,267,22537,,,,,,,
221100,-254,2014-01-30,1813,1553,260,24350,,,,,,,
221100,-253,2014-02-06,1875,1599,276,26225,,,,,,,
221100,-252,2014-02-13,2567,2219,348,28792,,,,,,,
221100,-251,2014-02-20,1644,1402,242,30436,,,,,,,
221100,-250,2014-02-27,1452,1239,213,31888,,,,,,,
221100,-249,2014-03-06,1276,1084,192,33164,,,,,,,
221100,-248,2014-03-13,1165,978,187,34329,,,,,,,
221100,-247,2014-03-20,1110,915,195,35439,,,,,,,
221100,-246,2014-03-27,1152,969,183,36591,,,,,,,
221100,-245,2014-04-03,1080,894,186,37671,,,,,,,
221100,-244,2014-04-10,1150,969,181,38821,,,,,,,
221100,-243,2014-04-17,1355,1130,225,40176,,,,,,,
221100,-242,2014-04-24,1056,873,183,41232,,,,,,,
221100,-241,2014-05-01,966,808,158,42198,,,,,,,
221100,-240,2014-05-08,1076,872,204,43274,,,,,,,
221100,-239,2014-05-15,1224,1017,207,44498,,,,,,,
221100,-238,2014-05-22,1095,916,179,45593,,,,,,,
221100,-237,2014-05-29,957,760,197,46550,,,,,,,
221100,-236,2014-06-05,977,769,208,47527,,,,,,,
221100,-235,2014-06-12,890,689,201,48417,,,,,,,
221100,-234,2014-06-19,3271,2754,517,51688,,,,,,,
221100,-233,2014-06-26,1841,1532,309,53529,,,,,,,
221100,-232,2014-07-03,1316,1090,226,54845,,,,,,,
221100,-231,2014-07-10,1148,906,242,55993,,,,,,,
221100,-230,2014-07-17,1029,840,189,57022,,,,,,,
221100,-229,2014-07-24,1057,831,226,58079,,,,,,,
221100,-228,2014-07-31,1121,829,292,59200,,,,,,,
221100,-227,2014-08-07,1059,813,246,60259,,,,,,,
221100,-226,2014-08-14,1244,898,346,61503,,,,,,,
221100,-225,2014-08-21,941,706,235,62444,,,,,,,
221100,-224,2014-08-28,987,747,240,63431,,,,,,,
221100,-223,2014-09-04,762,563,199,64193,,,,,,,
221100,-222,2014-09-11,747,554,193,64940,,,,,,,
221100,-221,2014-09-18,811,586,225,65751,,,,,,,
221100,-220,2014-09-25,668,468,200,66419,,,,,,,
221100,-219,2014-10-02,599,418,181,67018,,,,,,,
221100,-218,2014-10-09,640,449,191,67658,,,,,,,
221100,-217,2014-10-16,524,378,146,68182,,,,,,,
221100,-216,2014-10-23,627,439,188,68809,,,,,,,
221100,-215,2014-10-30,780,542,238,69589,,,,,,,
221100,-214,2014-11-06,1020,617,403,70609,,,,,,,
221100,-213,2014-11-13,826,548,278,71435,,,,,,,
221100,-212,2014-11-20,705,483,222,72140,,,,,,,
221100,-211,2014-11-27,1214,797,417,73354,,,,,,,
221100,-210,2014-12-04,1012,691,321,74366,,,,,,,
221100,-209,2014-12-11,980,686,294,75346,,,,,,,
221100,-208,2014-12-18,1233,861,372,76579,,,,,,,
221100,-207,2014-12-25,1318,896,422,77897,,,,,,,
221100,-206,2015-01-01,1195,833,362,79092,,,,,,,
221100,-205,2015-01-08,1010,684,326,80102,,,,,,,
221100,-204,2015-01-15,1231,791,440,81333,,,,,,,
221100,-203,2015-01-22,1024,656,368,82357,,,,,,,
221100,-202,2015-01-29,887,587,300,83244,,,,,,,
221100,-201,2015-02-05,824,544,280,84068,,,,,,,
221100,-200,2015-02-12,652,443,209,84720,,,,,,,
221100,-199,2015-02-19,875,607,268,85595,,,,,,,
221100,-198,2015-02-26,590,375,215,86185,,,,,,,
221100,-197,2015-03-05,838,552,286,87023,,,,,,,
221100,-196,2015-03-12,651,424,227,87674,,,,,,,
221100,-195,2015-03-19,620,444,176,88294,,,,,,,
221100,-194,2015-03-26,685,458,227,88979,,,,,,,
221100,-193,2015-04-02,905,520,385,89884,,,,,,,
221100,-192,2015-04-09,689,392,297,90573,,,,,,,
221100,-191,2015-04-16,478,294,184,91051,,,,,,,
221100,-190,2015-04-23,483,268,215,91534,,,,,,,
221100,-189,2015-04-30,501,278,223,92035,,,,,,,
221100,-188,2015-05-07,684,316,368,92719,,,,,,,
221100,-187,2015-05-14,542,284,258,93261,,,,,,,
221100,-186,2015-05-21,501,275,226,93762,,,,,,,
221100,-185,2015-05-28,577,289,288,94339,,,,,,,
221100,-184,2015-06-04,764,352,412,95103,,,,,,,
221100,-183,2015-06-11,995,469,526,96098,,,,,,,
221100,-182,2015-06-18,828,437,391,96926,,,,,,,
221100,-181,2015-06-25,662,343,319,97588,,,,,,,
221100,-180,2015-07-02,596,309,287,98184,,,,,,,
221100,-179,2015-07-09,595,297,298,98779,,,,,,,
221100,-178,2015-07-16,590,323,267,99369,,,,,,,
221100,-177,2015-07-23,550,320,230,99919,,,,,,,
221100,-176,2015-07-30,533,288,245,100452,,,,,,,
221100,-175,2015-08-06,605,332,273,101057,,,,,,,
221100,-174,2015-08-13,567,308,259,101624,,,,,,,
221100,-173,2015-08-20,592,339,253,102216,,,,,,,
221100,-172,2015-08-27,662,321,341,102878,,,,,,,
221100,-171,2015-09-03,420,189,231,103298,,,,,,,
221100,-170,2015-09-10,375,194,181,103673,,,,,,,
221100,-169,2015-09-17,424,222,202,104097,,,,,,,
221100,-168,2015-09-24,448,198,250,104545,,,,,,,
221100,-167,2015-10-01,412,183,229,104957,,,,,,,
221100,-166,2015-10-08,406,187,219,105363,,,,,,,
221100,-165,2015-10-15,376,158,218,105739,,,,,,,
221100,-164,2015-10-22,408,204,204,106147,,,,,,,
221100,-163,2015-10-29,567,252,315,106714,,,,,,,
221100,-162,2015-11-05,458,211,247,107172,,,,,,,
221100,-161,2015-11-12,365,174,191,107537,,,,,,,
221100,-160,2015-11-19,390,181,209,107927,,,,,,,
221100,-159,2015-11-26,778,286,492,108705,,,,,,,
221100,-158,2015-12-03,462,189,273,109167,,,,,,,
221100,-157,2015-12-10,614,263,351,109781,,,,,,,
221100,-156,2015-12-17,652,312,340,110433,,,,,,,
221100,-155,2015-12-24,1195,488,707,111628,,,,,,,
221100,-154,2015-12-31,925,433,492,112553,,,,,,,
221100,-153,2016-01-07,559,281,278,113112,,,,,,,
221100,-152,2016-01-14,502,257,245,113614,,,,,,,
221100,-151,2016-01-21,496,275,221,114110,,,,,,,
221100,-150,2016-01-28,453,229,224,114563,,,,,,,
221100,-149,2016-02-04,588,296,292,115151,,,,,,,
221100,-148,2016-02-11,578,281,297,115729,,,,,,,
221100,-147,2016-02-18,443,229,214,116172,,,,,,,
221100,-146,2016-02-25,445,234,211,116617,,,,,,,
221100,-145,2016-03-03,482,245,237,117099,,,,,,,
221100,-144,2016-03-10,396,223,173,117495,,,,,,,
221100,-143,2016-03-17,422,197,225,117917,,,,,,,
221100,-142,2016-03-24,421,218,203,118338,,,,,,,
221100,-141,2016-03-31,394,164,230,118732,,,,,,,
221100,-140,2016-04-07,381,185,196,119113,,,,,,,
221100,-139,2016-04-14,327,163,164,119440,,,,,,,
221100,-138,2016-04-21,331,169,162,119771,,,,,,,
221100,-137,2016-04-28,340,184,156,120111,,,,,,,
221100,-136,2016-05-05,424,244,180,120535,,,,,,,
221100,-135,2016-05-12,602,280,322,121137,,,,,,,
221100,-134,2016-05-19,341,172,169,121478,,,,,,,
221100,-133,2016-05-26,324,157,167,121802,,,,,,,
221100,-132,2016-06-02,350,163,187,122152,,,,,,,
221100,-131,2016-06-09,412,226,186,122564,,,,,,,
221100,-130,2016-06-16,845,456,389,123409,,,,,,,
221100,-129,2016-06-23,900,490,410,124309,,,,,,,
221100,-128,2016-06-30,637,336,301,124946,,,,,,,
221100,-127,2016-07-07,418,280,138,125364,,,,,,,
221100,-126,2016-07-14,322,191,131,125686,,,,,,,
221100,-125,2016-07-21,293,154,139,125979,,,,,,,
221100,-124,2016-07-28,287,164,123,126266,,,,,,,
221100,-123,2016-08-04,262,143,119,126528,,,,,,,
221100,-122,2016-08-11,330,163,167,126858,,,,,,,
221100,-121,2016-08-18,260,146,114,127118,,,,,,,
221100,-120,2016-08-25,319,143,176,127437,,,,,,,
221100,-119,2016-09-01,265,113,152,127702,,,,,,,
221100,-118,2016-09-08,251,124,127,127953,,,,,,,
221100,-117,2016-09-15,276,125,151,128229,,,,,,,
221100,-116,2016-09-22,294,130,164,128523,,,,,,,
221100,-115,2016-09-29,265,133,132,128788,,,,,,,
221100,-114,2016-10-06,241,124,117,129029,,,,,,,
221100,-113,2016-10-13,220,108,112,129249,,,,,,,
221100,-112,2016-10-20,212,110,102,129461,,,,,,,
221100,-111,2016-10-27,369,162,207,129830,,,,,,,
221100,-110,2016-11-03,265,139,126,130095,,,,,,,
221100,-109,2016-11-10,227,124,103,130322,,,,,,,
221100,-108,2016-11-17,569,352,217,130891,,,,,,,
221100,-107,2016-11-24,2347,1703,644,133238,,,,,,,
221100,-106,2016-12-01,289,126,163,133527,,,,,,,
221100,-105,2016-12-08,277,140,137,133804,,,,,,,
221100,-104,2016-12-15,360,159,201,134164,,,,,,,
221100,-103,2016-12-22,581,274,307,134745,,,,,,,
221100,-102,2016-12-29,557,293,264,135302,,,,,,,
221100,-101,2017-01-05,556,271,285,135858,,,,,,,
221100,-100,2017-01-12,416,189,227,136274,,,,,,,
221100,-99,2017-01-19,321,138,183,136595,,,,,,,
221100,-98,2017-01-26,371,164,207,136966,,,,,,,
221100,-97,2017-02-02,415,192,223,137381,,,,,,,
221100,-96,2017-02-09,402,170,232,137783,,,,,,,
221100,-95,2017-02-16,415,197,218,138198,,,,,,,
221100,-94,2017-02-23,331,164,167,138529,,,,,,,
221100,-93,2017-03-02,305,148,157,138834,,,,,,,
221100,-92,2017-03-09,310,149,161,139144,,,,,,,
221100,-91,2017-03-16,335,144,191,139479,,,,,,,
221100,-90,2017-03-23,380,167,213,139859,,,,,,,
221100,-89,2017-03-30,413,161,252,140272,,,,,,,
221100,-88,2017-04-06,333,118,215,140605,,,,,,,
221100,-87,2017-04-13,361,149,212,140966,,,,,,,
221100,-86,2017-04-20,338,111,227,141304,,,,,,,
221100,-85,2017-04-27,525,157,368,141829,,,,,,,
221100,-84,2017-05-04,376,131,245,142205,,,,,,,
221100,-83,2017-05-11,327,139,188,142532,,,,,,,
221100,-82,2017-05-18,261,101,160,142793,,,,,,,
221100,-81,2017-05-25,361,138,223,143154,,,,,,,
221100,-80,2017-06-01,344,157,187,143498,,,,,,,
221100,-79,2017-06-08,370,166,204,143868,,,,,,,
221100,-78,2017-06-15,377,154,223,144245,,,,,,,
221100,-77,2017-06-22,546,248,298,144791,,,,,,,
221100,-76,2017-06-29,608,227,381,145399,,,,,,,
221100,-75,2017-07-06,639,217,422,146038,,,,,,,
221100,-74,2017-07-13,354,150,204,146392,,,,,,,
221100,-73,2017-07-20,328,137,191,146720,,,,,,,
221100,-72,2017-07-27,356,118,238,147076,,,,,,,
221100,-71,2017-08-03,360,141,219,147436,,,,,,,
221100,-70,2017-08-10,316,128,188,147752,,,,,,,
221100,-69,2017-08-17,278,116,162,148030,,,,,,,
221100,-68,2017-08-24,269,96,173,148299,,,,,,,
221100,-67,2017-08-31,287,88,199,148586,,,,,,,
221100,-66,2017-09-07,332,126,206,148918,,,,,,,
221100,-65,2017-09-14,229,73,156,149147,,,,,,,
221100,-64,2017-09-21,275,110,165,149422,,,,,,,
221100,-63,2017-09-28,249,90,159,149671,,,,,,,
221100,-62,2017-10-05,242,110,132,149913,,,,,,,
221100,-61,2017-10-12,236,87,149,150149,,,,,,,
221100,-60,2017-10-19,229,83,146,150378,,,,,,,
221100,-59,2017-10-26,298,131,167,150676,,,,,,,
221100,-58,2017-11-02,217,100,117,150893,,,,,,,
221100,-57,2017-11-09,255,114,141,151148,,,,,,,
221100,-56,2017-11-16,385,222,163,151533,,,,,,,
221100,-55,2017-11-23,1190,802,388,152723,,,,,,,
221100,-54,2017-11-30,246,110,136,152969,,,,,,,
221100,-53,2017-12-07,438,147,291,153407,,,,,,,
221100,-52,2017-12-14,260,101,159,153667,,,,,,,
221100,-51,2017-12-21,356,153,203,154023,,,,,,,
221100,-50,2017-12-28,362,173,189,154385,,,,,,,
221100,-49,2018-01-04,280,119,161,154665,,,,,,,
221100,-48,2018-01-11,284,125,159,154949,,,,,,,
221100,-47,2018-01-18,228,87,141,155177,,,,,,,
221100,-46,2018-01-25,232,93,139,155409,,,,,,,
221100,-45,2018-02-01,195,88,107,155604,,,,,,,
221100,-44,2018-02-08,190,76,114,155794,,,,,,,
221100,-43,2018-02-15,213,90,123,156007,,,,,,,
221100,-42,2018-02-22,264,85,179,156271,,,,,,,
221100,-41,2018-03-01,243,88,155,156514,,,,,,,
221100,-40,2018-03-08,210,95,115,156724,,,,,,,
221100,-39,2018-03-15,169,75,94,156893,,,,,,,
221100,-38,2018-03-22,211,98,113,157104,,,,,,,
221100,-37,2018-03-29,234,79,155,157338,,,,,,,
221100,-36,2018-04-05,204,92,112,157542,,,,,,,
221100,-35,2018-04-12,156,74,82,157698,,,,,,,
221100,-34,2018-04-19,159,71,88,157857,,,,,,,
221100,-33,2018-04-26,181,93,88,158038,,,,,,,
221100,-32,2018-05-03,126,65,61,158164,,,,,,,
221100,-31,2018-05-10,179,82,97,158343,,,,,,,
221100,-30,2018-05-17,207,103,104,158550,,,,,,,
221100,-29,2018-05-24,190,92,98,158740,,,,,,,
221100,-28,2018-05-31,185,87,98,158925,,,,,,,
221100,-27,2018-06-07,161,83,78,159086,,,,,,,
221100,-26,2018-06-14,288,136,152,159374,,,,,,,
221100,-25,2018-06-21,279,122,157,159653,,,,,,,
221100,-24,2018-06-28,193,90,103,159846,,,,,,,
221100,-23,2018-07-05,179,83,96,160025,,,,,,,
221100,-22,2018-07-12,161,74,87,160186,,,,,,,
221100,-21,2018-07-19,116,54,62,160302,,,,,,,
221100,-20,2018-07-26,140,55,85,160442,,,,,,,
221100,-19,2018-08-02,131,51,80,160573,,,,,,,
221100,-18,2018-08-09,110,36,74,160683,,,,,,,
221100,-17,2018-08-16,113,56,57,160796,,,,,,,
221100,-16,2018-08-23,162,64,98,160958,,,,,,,
221100,-15,2018-08-30,255,84,171,161213,,,,,,,
221100,-14,2018-09-06,132,64,68,161345,,,,,,,
221100,-13,2018-09-13,216,83,133,161561,,,,,,,
221100,-12,2018-09-20,108,60,48,161669,,,,,,,
221100,-11,2018-09-27,97,41,56,161766,,,,,,,
221100,-10,2018-10-04,108,51,57,161874,,,,,,,
221100,-9,2018-10-11,90,51,39,161964,,,,,,,
221100,-8,2018-10-18,96,46,50,162060,,,,,,,
221100,-7,2018-10-25,120,54,66,162180,,,,,,,
221100,-6,2018-11-01,135,82,53,162315,,,,,,,
221100,-5,2018-11-08,444,248,196,162759,,,,,,,
221100,-4,2018-11-15,729,473,256,163488,,,,,,,
221100,-3,2018-11-22,1855,1645,210,165343,,,,,,,
221100,-2,2018-11-29,186,106,80,165529,,,,,,,
221100,-1,2018-12-06,177,106,71,165706,,,,,,,
221100,0,2018-12-13,5313,1912,3401,171019,,,,,,,
221100,1,2018-12-20,915,444,471,171934,,,,,,,
221100,2,2018-12-27,555,299,256,172489,,,,,,,
221100,3,2019-01-03,428,229,199,172917,,,,,,,
221100,4,2019-01-10,287,137,150,173204,,,,,,,
221100,5,2019-01-17,221,127,94,173425,,,,,,,
221100,6,2019-01-24,190,116,74,173615,,,,,,,
221100,7,2019-01-31,200,115,85,173815,,,,,,,
221100,8,2019-02-07,182,109,73,173997,,,,,,,
221100,9,2019-02-14,124,69,55,174121,,,,,,,
221100,10,2019-02-21,125,67,58,174246,,,,,,,
221100,11,2019-02-28,126,80,46,174372,,,,,,,
221100,12,2019-03-07,100,56,44,174472,,,,,,,
221100,13,2019-03-14,113,63,50,174585,,,,,,,
221100,14,2019-03-21,121,75,46,174706,,,,,,,
221100,15,2019-03-28,115,71,44,174821,,,,,,,
221100,16,2019-04-04,143,84,59,174964,,,,,,,
221100,17,2019-04-11,126,76,50,175090,,,,,,,
221100,18,2019-04-18,117,77,40,175207,,,,,,,
221100,19,2019-04-25,121,75,46,175328,,,,,,,
221100,20,2019-05-02,113,73,40,175441,,,,,,,
221100,21,2019-05-09,127,85,42,175568,,,,,,,
221100,22,2019-05-16,444,291,153,176012,,,,,,,
221100,23,2019-05-23,247,171,76,176259,,,,,,,
221100,24,2019-05-30,199,124,75,176458,,,,,,,
221100,25,2019-06-06,177,106,71,176635,,,,,,,
221100,26,2019-06-13,155,92,63,176790,,,,,,,
221100,27,2019-06-20,196,123,73,176986,,,,,,,
221100,28,2019-06-27,2833,2468,365,179819,,,,,,,
221100,29,2019-07-04,961,825,136,180780,,,,,,,
221100,30,2019-07-11,199,141,58,180979,,,,,,,
221100,31,2019-07-18,164,96,68,181143,,,,,,,
221100,32,2019-07-25,156,106,50,181299,,,,,,,
221100,33,2019-08-01,149,93,56,181448,,,,,,,
221100,34,2019-08-08,154,102,52,181602,,,,,,,
221100,35,2019-08-15,139,92,47,181741,,,,,,,
221100,36,2019-08-22,136,103,33,181877,,,,,,,
221100,37,2019-08-29,100,75,25,181977,,,,,,,
221100,38,2019-09-05,122,79,43,182099,,,,,,,
221100,39,2019-09-12,111,73,38,182210,,,,,,,
221100,40,2019-09-19,113,74,39,182323,,,,,,,
221100,41,2019-09-26,225,147,78,182548,,,,,,,
221100,42,2019-10-03,139,96,43,182687,,,,,,,
221100,43,2019-10-10,127,84,43,182814,,,,,,,
221100,44,2019-10-17,165,100,65,182979,,,,,,,
221100,45,2019-10-24,239,195,44,183218,,,,,,,
221100,46,2019-10-31,1340,1259,81,184558,,,,,,,
221100,47,2019-11-07,737,670,67,185295,,,,,,,
221100,48,2019-11-14,636,572,64,185931,,,,,,,
221100,49,2019-11-21,2661,2410,251,188592,,,,,,,
221100,50,2019-11-28,3580,3280,300,192172,,,,,,,
221100,51,2019-12-05,1066,794,272,193238,,,,,,,
221100,52,2019-12-12,713,586,127,193951,,,,,,,
221100,53,2019-12-19,995,802,193,194946,,,,,,,
221100,54,2019-12-26,1355,1066,289,196301,,,,,,,
221100,55,2020-01-02,1192,890,302,197493,,,,,,,
221100,56,2020-01-09,737,582,155,198230,,,,,,,
221100,57,2020-01-16,627,498,129,198857,,,,,,,
221100,58,2020-01-23,781,594,187,199638,,,,,,,
221100,59,2020-01-30,748,553,195,200386,,,,,,,
221100,60,2020-02-06,863,632,231,201249,,,,,,,
221100,61,2020-02-13,3860,1987,1873,205109,,,,,,,
221100,62,2020-02-20,1051,716,335,206160,,,,,,,
221100,63,2020-02-27,691,528,163,206851,,,,,,,
221100,64,2020-03-05,550,435,115,207401,,,,,,,
221100,65,2020-03-12,501,388,113,207902,,,,,,,
221100,66,2020-03-19,538,419,119,208440,,,,,,,
221100,67,2020-03-26,613,499,114,209053,,,,,,,
221100,68,2020-04-02,782,634,148,209835,,,,,,,
221100,69,2020-04-09,860,698,162,210695,,,,,,,
221100,70,2020-04-16,687,551,136,211382,,,,,,,
221100,71,2020-04-23,561,459,102,211943,,,,,,,
221100,72,2020-04-30,511,414,97,212454,,,,,,,
221100,73,2020-05-07,480,381,99,212934,,,,,,,
221100,74,2020-05-14,429,345,84,213363,,,,,,,
221100,75,2020-05-21,2621,1473,1148,215984,,,,,,,
221100,76,2020-05-28,619,513,106,216603,,,,,,,
221100,77,2020-06-04,511,424,87,217114,,,,,,,
221100,78,2020-06-11,411,350,61,217525,,,,,,,
221100,79,2020-06-18,403,338,65,217928,,,,,,,
221100,80,2020-06-25,904,790,114,218832,,,,,,,
221100,81,2020-07-02,695,589,106,219527,,,,,,,
221100,82,2020-07-09,562,469,93,220089,,,,,,,
221100,83,2020-07-16,483,402,81,220572,,,,,,,
221100,84,2020-07-23,426,365,61,220998,,,,,,,
221100,85,2020-07-30,399,318,81,221397,,,,,,,
221100,86,2020-08-06,375,295,80,221772,,,,,,,
221100,87,2020-08-13,367,298,69,222139,,,,,,,
221100,88,2020-08-20,427,371,56,222566,,,,,,,
221100,89,2020-08-27,434,373,61,223000,,,,,,,
221100,90,2020-09-03,717,628,89,223717,,,,,,,
221100,91,2020-09-10,1026,823,203,224743,,,,,,,
221100,92,2020-09-17,714,580,134,225457,,,,,,,
221100,93,2020-09-24,564,476,88,226021,,,,,,,
221100,94,2020-10-01,468,406,62,226489,,,,,,,
221100,95,2020-10-08,479,412,67,226968,,,,,,,
221100,96,2020-10-15,471,411,60,227439,,,,,,,
221100,97,2020-10-22,562,453,109,228001,,,,,,,
221100,98,2020-10-29,754,627,127,228755,,,,,,,
221100,99,2020-11-05,589,493,96,229344,,,,,,,
221100,100,2020-11-12,530,441,89,229874,,,,,,,
221100,101,2020-11-19,869,761,108,230743,,,,,,,
221100,102,2020-11-26,2044,1871,173,232787,,,,,,,
221100,103,2020-12-03,822,716,106,233609,,,,,,,
221100,104,2020-12-10,604,517,87,234213,,,,,,,
221100,105,2020-12-17,676,582,94,234889,,,,,,,
221100,106,2020-12-24,1398,1180,218,236287,,,,,,,
221100,107,2020-12-31,1447,1209,238,237734,,,,,,,
221100,108,2021-01-07,1064,930,134,238798,,,,,,,
221100,109,2021-01-14,786,681,105,239584,,,,,,,
221100,110,2021-01-21,682,591,91,240266,,,,,,,
221100,111,2021-01-28,711,625,86,240977,,,,,,,
221100,112,2021-02-04,608,513,95,241585,,,,,,,
221100,113,2021-02-11,1111,972,139,242696,,,,,,,
221100,114,2021-02-18,706,597,109,243402,,,,,,,
221100,115,2021-02-25,583,515,68,243985,,,,,,,
221100,116,2021-03-04,552,483,69,244537,,,,,,,
221100,117,2021-03-11,567,475,92,245104,,,,,,,
221100,118,2021-03-18,536,453,83,245640,,,,,,,
221100,119,2021-03-25,541,462,79,246181,,,,,,,
221100,120,2021-04-01,604,531,73,246785,,,,,,,
221100,121,2021-04-08,544,470,74,247329,,,,,,,
221100,122,2021-04-15,650,591,59,247979,,,,,,,
221100,123,2021-04-22,589,507,82,248568,,,,,,,
221100,124,2021-04-29,672,565,107,249240,,,,,,,
221100,125,2021-05-06,529,473,56,249769,,,,,,,
221100,126,2021-05-13,490,416,74,250259,,,,,,,
221100,127,2021-05-20,493,424,69,250752,,,,,,,
221100,128,2021-05-27,803,657,146,251555,,,,,,,
221100,129,2021-06-03,605,507,98,252160,,,,,,,
221100,130,2021-06-10,504,431,73,252664,,,,,,,
221100,131,2021-06-17,489,429,60,253153,,,,,,,
221100,132,2021-06-24,730,603,127,253883,,,,,,,
221100,133,2021-07-01,732,608,124,254615,,,,,,,
221100,134,2021-07-08,755,659,96,255370,,,,,,,
221100,135,2021-07-15,555,473,82,255925,,,,,,,
221100,136,2021-07-22,608,508,100,256533,,,,,,,
221100,137,2021-07-29,838,705,133,257371,,,,,,,
221100,138,2021-08-05,647,549,98,258018,,,,,,,
221100,139,2021-08-12,572,491,81,258590,,,,,,,
221100,140,2021-08-19,573,505,68,259163,,,,,,,
221100,141,2021-08-26,558,480,78,259721,,,,,,,
221100,142,2021-09-02,603,507,96,260324,,,,,,,
221100,143,2021-09-09,550,483,67,260874,,,,,,,
221100,144,2021-09-16,574,484,90,261448,,,,,,,
221100,145,2021-09-23,593,537,56,262041,,,,,,,
221100,146,2021-09-30,675,582,93,262716,,,,,,,
221100,147,2021-10-07,505,452,53,263221,,,,,,,
221100,148,2021-10-14,518,461,57,263739,,,,,,,
221100,149,2021-10-21,754,639,115,264493,,,,,,,
221100,150,2021-10-28,835,729,106,265328,,,,,,,
221100,151,2021-11-04,611,526,85,265939,,,,,,,
221100,152,2021-11-11,564,493,71,266503,,,,,,,
221100,153,2021-11-18,893,794,99,267396,,,,,,,
221100,154,2021-11-25,2388,2238,150,269784,,,,,,,
221100,155,2021-12-02,797,709,88,270581,,,,,,,
221100,156,2021-12-09,630,560,70,271211,,,,,,,
221100,157,2021-12-16,635,553,82,271846,,,,,,,
221100,158,2021-12-23,1264,1116,148,273110,,,,,,,
221100,159,2021-12-30,1427,1243,184,274537,,,,,,,
221100,160,2022-01-06,1191,1062,129,275728,,,,,,,
221100,161,2022-01-13,953,858,95,276681,,,,,,,
221100,162,2022-01-20,766,669,97,277447,,,,,,,
221100,163,2022-01-27,917,773,144,278364,,,,,,,
221100,164,2022-02-03,790,705,85,279154,,,,,,,
221100,165,2022-02-10,861,782,79,280015,,,,,,,
221100,166,2022-02-17,760,671,89,280775,,,,,,,
221100,167,2022-02-24,527,461,66,281302,,,,,,,
221100,168,2022-03-03,627,542,85,281929,,,,,,,
221100,169,2022-03-10,558,485,73,282487,,,,,,,
221100,170,2022-03-17,583,539,44,283070,,,,,,,
221100,171,2022-03-24,588,522,66,283658,,,,,,,
221100,172,2022-03-31,601,529,72,284259,,,,,,,
221100,173,2022-04-07,616,548,68,284875,,,,,,,
221100,174,2022-04-14,1261,1118,143,286136,,,,,,,
221100,175,2022-04-21,1125,964,161,287261,,,,,,,
221100,176,2022-04-28,934,842,92,288195,,,,,,,
221100,177,2022-05-05,609,540,69,288804,,,,,,,
221100,178,2022-05-12,625,561,64,289429,,,,,,,
221100,179,2022-05-19,561,496,65,289990,,,,,,,
221100,180,2022-05-26,542,482,60,290532,,,,,,,
221100,181,2022-06-02,568,497,71,291100,,,,,,,
221100,182,2022-06-09,726,661,65,291826,,,,,,,
221100,183,2022-06-16,757,651,106,292583,,,,,,,
221100,184,2022-06-23,1088,920,168,293671,,,,,,,
221100,185,2022-06-30,992,887,105,294663,,,,,,,
221100,186,2022-07-07,788,705,83,295451,,,,,,,
221100,187,2022-07-14,758,687,71,296209,,,,,,,
221100,188,2022-07-21,668,592,76,296877,,,,,,,
221100,189,2022-07-28,722,639,83,297599,,,,,,,
221100,190,2022-08-04,973,837,136,298572,,,,,,,
221100,191,2022-08-11,661,588,73,299233,,,,,,,
221100,192,2022-08-18,607,550,57,299840,,,,,,,
221100,193,2022-08-25,594,531,63,300434,,,,,,,
221100,194,2022-09-01,593,533,60,301027,,,,,,,
221100,195,2022-09-08,791,667,124,301818,,,,,,,
221100,196,2022-09-15,817,710,107,302635,,,,,,,
221100,197,2022-09-22,764,688,76,303399,,,,,,,
221100,198,2022-09-29,645,584,61,304044,,,,,,,
221100,199,2022-10-06,588,523,65,304632,,,,,,,
221100,200,2022-10-13,935,835,100,305567,,,,,,,
221100,201,2022-10-20,778,679,99,306345,,,,,,,
221100,202,2022-10-27,1013,875,138,307358,,,,,,,
221100,203,2022-11-03,811,714,97,308169,,,,,,,
221100,204,2022-11-10,659,584,75,308828,,,,,,,
221100,205,2022-11-17,1310,1220,90,310138,,,,,,,
221100,206,2022-11-24,2076,1923,153,312214,,,,,,,
221100,207,2022-12-01,715,630,85,312929,,,,,,,
221100,208,2022-12-08,597,523,74,313526,,,,,,,
221100,209,2022-12-15,597,532,65,314123,,,,,,,
221100,210,2022-12-22,1141,994,147,315264,,,,,,,
221100,211,2022-12-29,1340,1170,170,316604,,,,,,,
221100,212,2023-01-05,1253,1106,147,317857,,,,,,,
221100,213,2023-01-12,985,870,115,318842,,,,,,,
221100,214,2023-01-19,923,798,125,319765,,,,,,,
221100,215,2023-01-26,997,854,143,320762,,,,,,,
221100,216,2023-02-02,825,726,99,321587,,,,,,,
221100,217,2023-02-09,1013,900,113,322600,,,,,,,
221100,218,2023-02-16,792,690,102,323392,,,,,,,
221100,219,2023-02-23,736,647,89,324128,,,,,,,
221100,220,2023-03-02,749,657,92,324877,,,,,,,
221100,221,2023-03-09,672,588,84,325549,,,,,,,
221100,222,2023-03-16,938,805,133,326487,,,,,,,
221100,223,2023-03-23,898,799,99,327385,,,,,,,
221100,224,2023-03-30,734,658,76,328119,,,,,,,
221100,225,2023-04-06,733,657,76,328852,,,,,,,
221100,226,2023-04-13,706,640,66,329558,,,,,,,
221100,227,2023-04-20,730,650,80,330288,,,,,,,
221100,228,2023-04-27,641,572,69,330929,,,,,,,
221100,229,2023-05-04,609,547,62,331538,,,,,,,
221100,230,2023-05-11,686,612,74,332224,,,,,,,
221100,231,2023-05-18,746,674,72,332970,,,,,,,
221100,232,2023-05-25,738,643,95,333708,,,,,,,
221100,233,2023-06-01,747,656,91,334455,,,,,,,
221100,234,2023-06-08,932,810,122,335387,,,,,,,
221100,235,2023-06-15,842,760,82,336229,,,,,,,
221100,236,2023-06-22,729,647,82,336958,,,,,,,
221100,237,2023-06-29,946,812,134,337904,,,,,,,
221100,238,2023-07-06,975,855,120,338879,,,,,,,
221100,239,2023-07-13,864,758,106,339743,,,,,,,
221100,240,2023-07-20,776,683,93,340519,,,,,,,
221100,241,2023-07-27,752,674,78,341271,,,,,,,
221100,242,2023-08-03,681,610,71,341952,,,,,,,
221100,243,2023-08-10,699,603,96,342651,,,,,,,
221100,244,2023-08-17,670,573,97,343321,,,,,,,
221100,245,2023-08-24,827,725,102,344148,,,,,,,
221100,246,2023-08-31,654,572,82,344802,,,,,,,
221100,247,2023-09-07,691,612,79,345493,,,,,,,
221100,248,2023-09-14,616,547,69,346109,,,,,,,
221100,249,2023-09-21,609,539,70,346718,,,,,,,
221100,250,2023-09-28,593,523,70,347311,,,,,,,
221100,251,2023-10-05,599,532,67,347910,,,,,,,
221100,252,2023-10-12,659,590,69,348569,,,,,,,
221100,253,2023-10-19,628,563,65,349197,,,,,,,
221100,254,2023-10-26,825,704,121,350022,,,,,,,
221100,255,2023-11-02,1167,1038,129,351189,,,,,,,
221100,256,2023-11-09,919,795,124,352108,,,,,,,
221100,257,2023-11-16,2022,1891,131,354130,,,,,,,
221100,258,2023-11-23,2741,2557,184,356871,,,,,,,
221100,259,2023-11-30,965,857,108,357836,,,,,,,
221100,260,2023-12-07,771,680,91,358607,,,,,,,
221100,261,2023-12-14,816,724,92,359423,,,,,,,
221100,262,2023-12-21,1376,1177,199,360799,,,,,,,
221100,263,2023-12-28,1537,1337,200,362336,,,,,,,
221100,264,2024-01-04,1286,1129,157,363622,,,,,,,
221100,265,2024-01-11,999,882,117,364621,,,,,,,
221100,266,2024-01-18,811,722,89,365432,,,,,,,
221100,267,2024-01-25,769,690,79,366201,,,,,,,
221100,268,2024-02-01,685,611,74,366886,,,,,,,
221100,269,2024-02-08,747,673,74,367633,,,,,,,
221100,270,2024-02-15,1126,1011,115,368759,,,,,,,
221100,271,2024-02-22,1022,886,136,369781,,,,,,,
221100,272,2024-02-29,904,815,89,370685,,,,,,,
221100,273,2024-03-07,920,837,83,371605,,,,,,,
221100,274,2024-03-14,925,819,106,372530,,,,,,,
221100,275,2024-03-21,836,752,84,373366,,,,,,,
221100,276,2024-03-28,806,712,94,374172,,,,,,,
221100,277,2024-04-04,662,593,69,374834,,,,,,,
221100,278,2024-04-11,709,610,99,375543,,,,,,,
221100,279,2024-04-18,815,716,99,376358,,,,,,,
221100,280,2024-04-25,686,588,98,377044,,,,,,,
221100,281,2024-05-02,680,592,88,377724,,,,,,,
221100,282,2024-05-09,716,628,88,378440,,,,,,,
221100,283,2024-05-16,670,564,106,379110,,,,,,,
221100,284,2024-05-23,1252,1085,167,380362,,,,,,,
221100,285,2024-05-30,843,718,125,381205,,,,,,,
221100,286,2024-06-06,706,616,90,381911,,,,,,,
221100,287,2024-06-13,666,584,82,382577,,,,,,,
221100,288,2024-06-20,591,539,52,383168,,,,,,,
221100,289,2024-06-27,886,782,104,384054,,,,,,,
221100,290,2024-07-04,881,788,93,384935,,,,,,,
221100,291,2024-07-11,762,686,76,385697,,,,,,,
221100,292,2024-07-18,716,620,96,386413,,,,,,,
221100,293,2024-07-25,708,640,68,387121,,,,,,,
221100,294,2024-08-01,684,616,68,387805,,,,,,,
221100,295,2024-08-08,674,599,75,388479,,,,,,,
221100,296,2024-08-15,753,667,86,389232,,,,,,,
221100,297,2024-08-22,638,580,58,389870,,,,,,,
221100,298,2024-08-29,581,529,52,390451,,,,,,,
221100,299,2024-09-05,552,491,61,391003,,,,,,,
221100,300,2024-09-12,838,732,106,391841,,,,,,,
221100,301,2024-09-19,782,708,74,392623,,,,,,,
221100,302,2024-09-26,634,571,63,393257,,,,,,,
221100,303,2024-10-03,604,524,80,393861,,,,,,,
221100,304,2024-10-10,1104,889,215,394965,,,,,,,
221100,305,2024-10-17,1060,878,182,396025,,,,,,,
221100,306,2024-10-24,851,705,146,396876,,,,,,,
221100,307,2024-10-31,998,852,146,397874,,,,,,,
221100,308,2024-11-07,794,703,91,398668,,,,,,,
221100,309,2024-11-14,812,715,97,399480,,,,,,,
221100,310,2024-11-21,1100,676,424,400580,,,,,,,
221100,311,2024-11-28,1473,1248,225,402053,,,,,,,
221100,312,2024-12-05,854,726,128,402907,,,,,,,
221100,313,2024-12-12,929,801,128,403836,,,,,,,
221100,314,2024-12-19,971,802,169,404807,,,,,,,
221100,315,2024-12-26,1127,966,161,405934,,,,,,,
221100,316,2025-01-02,1061,913,148,406995,,,,,,,
221100,317,2025-01-09,765,649,116,407760,,,,,,,
221100,318,2025-01-16,791,698,93,408551,,,,,,,
221100,319,2025-01-23,775,691,84,409326,,,,,,,
221100,320,2025-01-30,785,689,96,410111,,,,,,,
221100,321,2025-02-06,644,559,85,410755,,,,,,,
221100,322,2025-02-13,1125,952,173,411880,,,,,,,
221100,323,2025-02-20,1331,1147,184,413211,,,,,,,
221100,324,2025-02-27,1032,882,150,414243,,,,,,,
221100,325,2025-03-06,803,675,128,415046,,,,,,,
221100,326,2025-03-13,1003,866,137,416049,,,,,,,
221100,327,2025-03-20,861,750,111,416910,,,,,,,
221100,328,2025-03-27,705,625,80,417615,,,,,,,
221100,329,2025-04-03,661,579,82,418276,,,,,,,
221100,330,2025-04-10,579,521,58,418855,,,,,,,
221100,331,2025-04-17,905,771,134,419760,,,,,,,
221100,332,2025-04-24,788,709,79,420548,,,,,,,
221100,333,2025-05-01,674,598,76,421222,,,,,,,
221100,334,2025-05-08,629,555,74,421851,,,,,,,
221100,335,2025-05-15,604,531,73,422455,,,,,,,
221100,336,2025-05-22,688,597,91,423143,,,,,,,
221100,337,2025-05-29,1112,966,146,424255,,,,,,,
221100,338,2025-06-05,754,641,113,425009,,,,,,,
221100,339,2025-06-12,629,557,72,425638,,,,,,,
221100,340,2025-06-19,629,558,71,426267,,,,,,,
221100,341,2025-06-26,800,688,112,427067,,,,,,,
221100,342,2025-07-03,806,695,111,427873,,,,,,,
221100,343,2025-07-10,747,660,87,428620,,,,,,,
221100,344,2025-07-17,721,611,110,429341,,,,,,,
221100,345,2025-07-24,790,682,108,430131,,,,,,,
221100,346,2025-07-31,674,572,102,430805,,,,,,,
221100,347,2025-08-07,669,590,79,431474,,,,,,,
221100,348,2025-08-14,617,533,84,432091,,,,,,,
221100,349,2025-08-21,601,539,62,432692,,,,,,,
221100,350,2025-08-28,616,535,81,433308,,,,,,,
221100,351,2025-09-04,555,501,54,433863,,,,,,,
221100,352,2025-09-11,858,724,134,434721,,,,,,,
221100,353,2025-09-18,897,763,134,435618,,,,,,,
221100,354,2025-09-25,804,691,113,436422,,,,,,,
221100,355,2025-10-02,847,728,119,437269,,,,,,,
221100,356,2025-10-09,689,609,80,437958,,,,,,,
221100,357,2025-10-16,624,559,65,438582,,,,,,,
221100,358,2025-10-23,642,566,76,439224,,,,,,,
221100,359,2025-10-30,767,649,118,439991,,,,,,,
221100,360,2025-11-06,622,541,81,440613,,,,,,,
221100,361,2025-11-13,502,436,66,441115,,,,,,,
221100,362,2025-11-20,656,580,76,441771,,,,,,,
221100,363,2025-11-27,623,563,60,442394,,,,,,,
221100,364,2025-12-04,704,605,99,443098,,,,,,,
221100,365,2025-12-11,483,431,52,443581,,,,,,,
221100,366,2025-12-18,750,659,91,444331,,,,,,,
221100,367,2025-12-25,932,808,124,445263,,,,,,,
221100,368,2026-01-01,1019,880,139,446282,,,,,,,
221100,369,2026-01-08,854,752,102,447136,,,,,,,
221100,370,2026-01-15,800,672,128,447936,,,,,,,
221100,371,2026-01-22,704,624,80,448640,,,,,,,
221100,372,2026-01-29,627,552,75,449267,,,,,,,
221100,373,2026-02-05,700,592,108,449967,,,,,,,
221100,374,2026-02-12,898,771,127,450865,,,,,,,
221100,375,2026-02-19,885,778,107,451750,,,,,,,
221100,376,2026-02-26,620,543,77,452370,,,,,,,
221100,377,2026-03-05,591,505,86,452961,,,,,,,
221100,378,2026-03-12,580,503,77,453541,,,,,,,
221100,379,2026-03-19,693,606,87,454234,,,,,,,
221100,380,2026-03-26,733,641,92,454967,,,,,,,
221100,381,2026-04-02,827,731,96,455794,,,,,,,
221100,382,2026-04-09,669,572,97,456463,,,,,,,
221100,383,2026-04-16,750,641,109,457213,,,,,,,
221100,384,2026-04-23,766,666,100,457979,,,,,,,
221100,385,2026-04-30,557,469,88,458536,,,,,,,
221100,386,2026-05-07,547,468,79,459083,,,,,,,
221100,387,2026-05-14,501,415,86,459584,,,,,,,
221100,388,2026-05-21,527,448,79,460111,,,,,,,
221100,389,2026-05-28,580,499,81,460691,,,,,,,
221100,390,2026-06-04,552,463,89,461243,,,,,,,
221100,391,2026-06-11,512,423,89,461755,,,,,,,
221100,392,2026-06-18,850,698,152,462605,,,,,,,
221100,393,2026-06-25,850,699,151,463455,,,,,,,
221100,394,2026-07-02,762,656,106,464217,,,,,,,
221100,395,2026-07-09,738,649,89,464955,,,,,,,
221100,396,2026-07-16,639,550,89,465594,,,,,,,
221100,397,2026-07-23,660,561,99,466254,,,,,,,
221100,398,2026-07-30,593,506,87,466847,,,,,,,
221100,399,2026-08-06,320,275,45,467167,,,,,,,
1149460,0,2021-12-03,9503,5974,3529,9503,,,,,,,
1149460,1,2021-12-10,3254,2265,989,12757,,,,,,,
1149460,2,2021-12-17,1797,1263,534,14554,,,,,,,
1149460,3,2021-12-24,1243,853,390,15797,,,,,,,
1149460,4,2021-12-31,1081,772,309,16878,,,,,,,
1149460,5,2022-01-07,708,491,217,17586,,,,,,,
1149460,6,2022-01-14,525,361,164,18111,,,,,,,
1149460,7,2022-01-21,403,306,97,18514,,,,,,,
1149460,8,2022-01-28,409,290,119,18923,,,,,,,
1149460,9,2022-02-04,358,254,104,19281,,,,,,,
1149460,10,2022-02-11,251,175,76,19532,,,,,,,
1149460,11,2022-02-18,241,173,68,19773,,,,,,,
1149460,12,2022-02-25,195,157,38,19968,,,,,,,
1149460,13,2022-03-04,398,343,55,20366,,,,,,,
1149460,14,2022-03-11,199,166,33,20565,,,,,,,
1149460,15,2022-03-18,168,135,33,20733,,,,,,,
1149460,16,2022-03-25,196,149,47,20929,,,,,,,
1149460,17,2022-04-01,163,119,44,21092,,,,,,,
1149460,18,2022-04-08,168,141,27,21260,,,,,,,
1149460,19,2022-04-15,153,112,41,21413,,,,,,,
1149460,20,2022-04-22,107,78,29,21520,,,,,,,
1149460,21,2022-04-29,129,98,31,21649,,,,,,,
1149460,22,2022-05-06,90,68,22,21739,,,,,,,
1149460,23,2022-05-13,113,82,31,21852,,,,,,,
1149460,24,2022-05-20,122,111,11,21974,,,,,,,
1149460,25,2022-05-27,236,176,60,22210,,,,,,,
1149460,26,2022-06-03,166,124,42,22376,,,,,,,
1149460,27,2022-06-10,107,79,28,22483,,,,,,,
1149460,28,2022-06-17,171,120,51,22654,,,,,,,
1149460,29,2022-06-24,139,103,36,22793,,,,,,,
1149460,30,2022-07-01,109,76,33,22902,,,,,,,
1149460,31,2022-07-08,81,60,21,22983,,,,,,,
1149460,32,2022-07-15,99,68,31,23082,,,,,,,
1149460,33,2022-07-22,84,55,29,23166,,,,,,,
1149460,34,2022-07-29,97,72,25,23263,,,,,,,
1149460,35,2022-08-05,132,94,38,23395,,,,,,,
1149460,36,2022-08-12,92,67,25,23487,,,,,,,
1149460,37,2022-08-19,100,80,20,23587,,,,,,,
1149460,38,2022-08-26,84,60,24,23671,,,,,,,
1149460,39,2022-09-02,66,52,14,23737,,,,,,,
1149460,40,2022-09-09,100,70,30,23837,,,,,,,
1149460,41,2022-09-16,79,64,15,23916,,,,,,,
1149460,42,2022-09-23,94,67,27,24010,,,,,,,
1149460,43,2022-09-30,82,62,20,24092,,,,,,,
1149460,44,2022-10-07,79,64,15,24171,,,,,,,
1149460,45,2022-10-14,84,61,23,24255,,,,,,,
1149460,46,2022-10-21,68,48,20,24323,,,,,,,
1149460,47,2022-10-28,115,90,25,24438,,,,,,,
1149460,48,2022-11-04,109,84,25,24547,,,,,,,
1149460,49,2022-11-11,133,109,24,24680,,,,,,,
1149460,50,2022-11-18,490,450,40,25170,,,,,,,
1149460,51,2022-11-25,433,390,43,25603,,,,,,,
1149460,52,2022-12-02,114,90,24,25717,,,,,,,
1149460,53,2022-12-09,190,140,50,25907,,,,,,,
1149460,54,2022-12-16,158,106,52,26065,,,,,,,
1149460,55,2022-12-23,246,175,71,26311,,,,,,,
1149460,56,2022-12-30,300,226,74,26611,,,,,,,
1149460,57,2023-01-06,286,223,63,26897,,,,,,,
1149460,58,2023-01-13,255,184,71,27152,,,,,,,
1149460,59,2023-01-20,176,129,47,27328,,,,,,,
1149460,60,2023-01-27,211,153,58,27539,,,,,,,
1149460,61,2023-02-03,125,100,25,27664,,,,,,,
1149460,62,2023-02-10,133,109,24,27797,,,,,,,
1149460,63,2023-02-17,103,77,26,27900,,,,,,,
1149460,64,2023-02-24,109,90,19,28009,,,,,,,
1149460,65,2023-03-03,153,118,35,28162,,,,,,,
1149460,66,2023-03-10,112,93,19,28274,,,,,,,
1149460,67,2023-03-17,127,84,43,28401,,,,,,,
1149460,68,2023-03-24,140,104,36,28541,,,,,,,
1149460,69,2023-03-31,112,76,36,28653,,,,,,,
1149460,70,2023-04-07,105,74,31,28758,,,,,,,
1149460,71,2023-04-14,135,109,26,28893,,,,,,,
1149460,72,2023-04-21,95,71,24,28988,,,,,,,
1149460,73,2023-04-28,77,55,22,29065,,,,,,,
1149460,74,2023-05-05,92,71,21,29157,,,,,,,
1149460,75,2023-05-12,57,42,15,29214,,,,,,,
1149460,76,2023-05-19,71,55,16,29285,,,,,,,
1149460,77,2023-05-26,92,74,18,29377,,,,,,,
1149460,78,2023-06-02,130,104,26,29507,,,,,,,
1149460,79,2023-06-09,89,68,21,29596,,,,,,,
1149460,80,2023-06-16,104,83,21,29700,,,,,,,
1149460,81,2023-06-23,99,79,20,29799,,,,,,,
1149460,82,2023-06-30,125,97,28,29924,,,,,,,
1149460,83,2023-07-07,126,105,21,30050,,,,,,,
1149460,84,2023-07-14,86,72,14,30136,,,,,,,
1149460,85,2023-07-21,67,49,18,30203,,,,,,,
1149460,86,2023-07-28,110,87,23,30313,,,,,,,
1149460,87,2023-08-04,110,91,19,30423,,,,,,,
1149460,88,2023-08-11,92,75,17,30515,,,,,,,
1149460,89,2023-08-18,503,453,50,31018,,,,,,,
1149460,90,2023-08-25,485,327,158,31503,,,,,,,
1149460,91,2023-09-01,259,203,56,31762,,,,,,,
1149460,92,2023-09-08,200,172,28,31962,,,,,,,
1149460,93,2023-09-15,141,114,27,32103,,,,,,,
1149460,94,2023-09-22,144,122,22,32247,,,,,,,
1149460,95,2023-09-29,104,92,12,32351,,,,,,,
1149460,96,2023-10-06,105,86,19,32456,,,,,,,
1149460,97,2023-10-13,116,91,25,32572,,,,,,,
1149460,98,2023-10-20,115,98,17,32687,,,,,,,
1149460,99,2023-10-27,120,99,21,32807,,,,,,,
1149460,100,2023-11-03,95,80,15,32902,,,,,,,
1149460,101,2023-11-10,122,97,25,33024,,,,,,,
1149460,102,2023-11-17,250,213,37,33274,,,,,,,
1149460,103,2023-11-24,235,200,35,33509,,,,,,,
1149460,104,2023-12-01,1005,543,462,34514,,,,,,,
1149460,105,2023-12-08,262,215,47,34776,,,,,,,
1149460,106,2023-12-15,172,150,22,34948,,,,,,,
1149460,107,2023-12-22,208,174,34,35156,,,,,,,
1149460,108,2023-12-29,229,180,49,35385,,,,,,,
1149460,109,2024-01-05,191,151,40,35576,,,,,,,
1149460,110,2024-01-12,165,145,20,35741,,,,,,,
1149460,111,2024-01-19,132,109,23,35873,,,,,,,
1149460,112,2024-01-26,162,143,19,36035,,,,,,,
1149460,113,2024-02-02,83,68,15,36118,,,,,,,
1149460,114,2024-02-09,92,72,20,36210,,,,,,,
1149460,115,2024-02-16,94,70,24,36304,,,,,,,
1149460,116,2024-02-23,77,63,14,36381,,,,,,,
1149460,117,2024-03-01,91,76,15,36472,,,,,,,
1149460,118,2024-03-08,90,73,17,36562,,,,,,,
1149460,119,2024-03-15,127,94,33,36689,,,,,,,
1149460,120,2024-03-22,99,86,13,36788,,,,,,,
1149460,121,2024-03-29,79,60,19,36867,,,,,,,
1149460,122,2024-04-05,71,63,8,36938,,,,,,,
1149460,123,2024-04-12,88,71,17,37026,,,,,,,
1149460,124,2024-04-19,58,40,18,37084,,,,,,,
1149460,125,2024-04-26,147,121,26,37231,,,,,,,
1149460,126,2024-05-03,110,94,16,37341,,,,,,,
1149460,127,2024-05-10,69,61,8,37410,,,,,,,
1149460,128,2024-05-17,77,58,19,37487,,,,,,,
1149460,129,2024-05-24,90,78,12,37577,,,,,,,
1149460,130,2024-05-31,142,103,39,37719,,,,,,,
1149460,131,2024-06-07,74,53,21,37793,,,,,,,
1149460,132,2024-06-14,92,79,13,37885,,,,,,,
1149460,133,2024-06-21,88,71,17,37973,,,,,,,
1149460,134,2024-06-28,102,75,27,38075,,,,,,,
1149460,135,2024-07-05,125,96,29,38200,,,,,,,
1149460,136,2024-07-12,105,78,27,38305,,,,,,,
1149460,137,2024-07-19,84,61,23,38389,,,,,,,
1149460,138,2024-07-26,59,46,13,38448,,,,,,,
1149460,139,2024-08-02,127,82,45,38575,,,,,,,
1149460,140,2024-08-09,317,261,56,38892,,,,,,,
1149460,141,2024-08-16,126,104,22,39018,,,,,,,
1149460,142,2024-08-23,112,92,20,39130,,,,,,,
1149460,143,2024-08-30,88,71,17,39218,,,,,,,
1149460,144,2024-09-06,81,71,10,39299,,,,,,,
1149460,145,2024-09-13,68,56,12,39367,,,,,,,
1149460,146,2024-09-20,76,53,23,39443,,,,,,,
1149460,147,2024-09-27,80,70,10,39523,,,,,,,
1149460,148,2024-10-04,77,66,11,39600,,,,,,,
1149460,149,2024-10-11,93,75,18,39693,,,,,,,
1149460,150,2024-10-18,57,42,15,39750,,,,,,,
1149460,151,2024-10-25,76,64,12,39826,,,,,,,
1149460,152,2024-11-01,75,66,9,39901,,,,,,,
1149460,153,2024-11-08,1117,661,456,41018,,,,,,,
1149460,154,2024-11-15,345,278,67,41363,,,,,,,
1149460,155,2024-11-22,323,280,43,41686,,,,,,,
1149460,156,2024-11-29,441,395,46,42127,,,,,,,
1149460,157,2024-12-06,165,139,26,42292,,,,,,,
1149460,158,2024-12-13,106,88,18,42398,,,,,,,
1149460,159,2024-12-20,134,106,28,42532,,,,,,,
1149460,160,2024-12-27,163,129,34,42695,,,,,,,
1149460,161,2025-01-03,139,110,29,42834,,,,,,,
1149460,162,2025-01-10,126,103,23,42960,,,,,,,
1149460,163,2025-01-17,775,506,269,43735,,,,,,,
1149460,164,2025-01-24,564,468,96,44299,,,,,,,
1149460,165,2025-01-31,313,260,53,44612,,,,,,,
1149460,166,2025-02-07,275,220,55,44887,,,,,,,
1149460,167,2025-02-14,211,175,36,45098,,,,,,,
1149460,168,2025-02-21,184,142,42,45282,,,,,,,
1149460,169,2025-02-28,146,125,21,45428,,,,,,,
1149460,170,2025-03-07,130,109,21,45558,,,,,,,
1149460,171,2025-03-14,154,122,32,45712,,,,,,,
1149460,172,2025-03-21,120,100,20,45832,,,,,,,
1149460,173,2025-03-28,121,96,25,45953,,,,,,,
1149460,174,2025-04-04,75,56,19,46028,,,,,,,
1149460,175,2025-04-11,95,73,22,46123,,,,,,,
1149460,176,2025-04-18,78,65,13,46201,,,,,,,
1149460,177,2025-04-25,79,63,16,46280,,,,,,,
1149460,178,2025-05-02,69,51,18,46349,,,,,,,
1149460,179,2025-05-09,87,76,11,46436,,,,,,,
1149460,180,2025-05-16,72,56,16,46508,,,,,,,
1149460,181,2025-05-23,74,64,10,46582,,,,,,,
1149460,182,2025-05-30,68,54,14,46650,,,,,,,
1149460,183,2025-06-06,82,64,18,46732,,,,,,,
1149460,184,2025-06-13,67,56,11,46799,,,,,,,
1149460,185,2025-06-20,53,46,7,46852,,,,,,,
1149460,186,2025-06-27,73,58,15,46925,,,,,,,
1149460,187,2025-07-04,73,55,18,46998,,,,,,,
1149460,188,2025-07-11,82,63,19,47080,,,,,,,
1149460,189,2025-07-18,111,89,22,47191,,,,,,,
1149460,190,2025-07-25,95,73,22,47286,,,,,,,
1149460,191,2025-08-01,94,71,23,47380,,,,,,,
1149460,192,2025-08-08,68,54,14,47448,,,,,,,
1149460,193,2025-08-15,70,56,14,47518,,,,,,,
1149460,194,2025-08-22,78,65,13,47596,,,,,,,
1149460,195,2025-08-29,91,79,12,47687,,,,,,,
1149460,196,2025-09-05,97,78,19,47784,,,,,,,
1149460,197,2025-09-12,97,82,15,47881,,,,,,,
1149460,198,2025-09-19,128,100,28,48009,,,,,,,
1149460,199,2025-09-26,590,410,180,48599,,,,,,,
1149460,200,2025-10-03,596,444,152,49195,,,,,,,
1149460,201,2025-10-10,398,322,76,49593,,,,,,,
1149460,202,2025-10-17,234,185,49,49827,,,,,,,
1149460,203,2025-10-24,244,199,45,50071,,,,,,,
1149460,204,2025-10-31,164,131,33,50235,,,,,,,
1149460,205,2025-11-07,158,131,27,50393,,,,,,,
1149460,206,2025-11-14,148,114,34,50541,,,,,,,
1149460,207,2025-11-21,378,341,37,50919,,,,,,,
1149460,208,2025-11-28,248,219,29,51167,,,,,,,
1149460,209,2025-12-05,106,82,24,51273,,,,,,,
1149460,210,2025-12-12,118,89,29,51391,,,,,,,
1149460,211,2025-12-19,919,647,272,52310,,,,,,,
1149460,212,2025-12-26,1570,1218,352,53880,,,,,,,
1149460,213,2026-01-02,1704,1354,350,55584,,,,,,,
1149460,214,2026-01-09,1095,904,191,56679,,,,,,,
1149460,215,2026-01-16,613,501,112,57292,,,,,,,
1149460,216,2026-01-23,515,412,103,57807,,,,,,,
1149460,217,2026-01-30,433,356,77,58240,,,,,,,
1149460,218,2026-02-06,328,258,70,58568,,,,,,,
1149460,219,2026-02-13,317,255,62,58885,,,,,,,
1149460,220,2026-02-20,364,296,68,59249,,,,,,,
1149460,221,2026-02-27,307,248,59,59556,,,,,,,
1149460,222,2026-03-06,691,510,181,60247,,,,,,,
1149460,223,2026-03-13,671,518,153,60918,,,,,,,
1149460,224,2026-03-20,582,458,124,61500,,,,,,,
1149460,225,2026-03-27,481,394,87,61981,,,,,,,
1149460,226,2026-04-03,403,319,84,62384,,,,,,,
1149460,227,2026-04-10,296,231,65,62680,,,,,,,
1149460,228,2026-04-17,264,216,48,62944,,,,,,,
1149460,229,2026-04-24,209,170,39,63153,,,,,,,
1149460,230,2026-05-01,193,142,51,63346,,,,,,,
1149460,231,2026-05-08,209,155,54,63555,,,,,,,
1149460,232,2026-05-15,169,139,30,63724,,,,,,,
1149460,233,2026-05-22,155,116,39,63879,,,,,,,
1149460,234,2026-05-29,188,154,34,64067,,,,,,,
1149460,235,2026-06-05,130,106,24,64197,,,,,,,
1149460,236,2026-06-12,136,103,33,64333,,,,,,,
1149460,237,2026-06-19,147,114,33,64480,,,,,,,
1149460,238,2026-06-26,174,132,42,64654,,,,,,,
1149460,239,2026-07-03,162,123,39,64816,,,,,,,
1149460,240,2026-07-10,129,108,21,64945,,,,,,,
1149460,241,2026-07-17,155,123,32,65100,,,,,,,
1149460,242,2026-07-24,1102,699,403,66202,,,,,,,
1149460,243,2026-07-31,605,515,90,66807,,,,,,,
1149460,244,2026-08-07,183,146,37,66990,,,,,,,
1898300,0,2024-06-20,1457,1143,314,1457,,,,,,,
1898300,1,2024-06-27,680,569,111,2137,,,,,,,
1898300,2,2024-07-04,342,286,56,2479,,,,,,,
1898300,3,2024-07-11,231,199,32,2710,,,,,,,
1898300,4,2024-07-18,148,120,28,2858,,,,,,,
1898300,5,2024-07-25,105,82,23,2963,,,,,,,
1898300,6,2024-08-01,84,70,14,3047,,,,,,,
1898300,7,2024-08-08,80,57,23,3127,,,,,,,
1898300,8,2024-08-15,102,79,23,3229,,,,,,,
1898300,9,2024-08-22,137,97,40,3366,,,,,,,
1898300,10,2024-08-29,168,130,38,3534,,,,,,,
1898300,11,2024-09-05,93,71,22,3627,,,,,,,
1898300,12,2024-09-12,97,79,18,3724,,,,,,,
1898300,13,2024-09-19,65,57,8,3789,,,,,,,
1898300,14,2024-09-26,71,57,14,3860,,,,,,,
1898300,15,2024-10-03,64,44,20,3924,,,,,,,
1898300,16,2024-10-10,123,94,29,4047,,,,,,,
1898300,17,2024-10-17,126,101,25,4173,,,,,,,
1898300,18,2024-10-24,64,49,15,4237,,,,,,,
1898300,19,2024-10-30,73,60,13,4310,,,,,,,
1898300,20,2024-11-06,54,47,7,4364,,,,,,,
1898300,21,2024-11-13,44,37,7,4408,,,,,,,
1898300,22,2024-11-20,108,81,27,4516,,,,,,,
1898300,23,2024-11-27,356,317,39,4872,,,,,,,
1898300,24,2024-12-04,119,89,30,4991,,,,,,,
1898300,25,2024-12-11,64,51,13,5055,,,,,,,
1898300,26,2024-12-18,83,65,18,5138,,,,,,,
1898300,27,2024-12-25,119,93,26,5257,,,,,,,
1898300,28,2025-01-01,109,81,28,5366,,,,,,,
1898300,29,2025-01-08,49,43,6,5415,,,,,,,
1898300,30,2025-01-15,64,48,16,5479,,,,,,,
1898300,31,2025-01-22,79,65,14,5558,,,,,,,
1898300,32,2025-01-29,66,53,13,5624,,,,,,,
1898300,33,2025-02-05,89,72,17,5713,,,,,,,
1898300,34,2025-02-12,56,46,10,5769,,,,,,,
1898300,35,2025-02-19,57,50,7,5826,,,,,,,
1898300,36,2025-02-26,37,28,9,5863,,,,,,,
1898300,37,2025-03-05,25,22,3,5888,,,,,,,
1898300,38,2025-03-12,134,118,16,6022,,,,,,,
1898300,39,2025-03-19,168,130,38,6190,,,,,,,
1898300,40,2025-03-26,183,148,35,6373,,,,,,,
1898300,41,2025-04-03,119,104,15,6492,,,,,,,
1898300,42,2025-04-10,77,65,12,6569,,,,,,,
1898300,43,2025-04-17,50,38,12,6619,,,,,,,
1898300,44,2025-04-24,36,31,5,6655,,,,,,,
1898300,45,2025-05-01,55,46,9,6710,,,,,,,
1898300,46,2025-05-08,78,63,15,6788,,,,,,,
1898300,47,2025-05-15,103,81,22,6891,,,,,,,
1898300,48,2025-05-22,57,46,11,6948,,,,,,,
1898300,49,2025-05-29,50,42,8,6998,,,,,,,
1898300,50,2025-06-05,52,36,16,7050,,,,,,,
1898300,51,2025-06-12,39,26,13,7089,,,,,,,
1898300,52,2025-06-19,66,53,13,7155,,,,,,,
1898300,53,2025-06-26,71,52,19,7226,,,,,,,
1898300,54,2025-07-03,67,52,15,7293,,,,,,,
1898300,55,2025-07-10,40,34,6,7333,,,,,,,
1898300,56,2025-07-17,43,30,13,7376,,,,,,,
1898300,57,2025-07-24,63,49,14,7439,,,,,,,
1898300,58,2025-07-31,94,77,17,7533,,,,,,,
1898300,59,2025-08-07,90,78,12,7623,,,,,,,
1898300,60,2025-08-14,82,71,11,7705,,,,,,,
1898300,61,2025-08-21,80,66,14,7785,,,,,,,
1898300,62,2025-08-28,63,51,12,7848,,,,,,,
1898300,63,2025-09-04,58,44,14,7906,,,,,,,
1898300,64,2025-09-11,106,76,30,8012,,,,,,,
1898300,65,2025-09-18,75,66,9,8087,,,,,,,
1898300,66,2025-09-25,95,81,14,8182,,,,,,,
1898300,67,2025-10-02,115,81,34,8297,,,,,,,
1898300,68,2025-10-09,122,105,17,8419,,,,,,,
1898300,69,2025-10-16,81,68,13,8500,,,,,,,
1898300,70,2025-10-23,57,43,14,8557,,,,,,,
1898300,71,2025-10-29,57,44,13,8614,,,,,,,
1898300,72,2025-11-05,251,192,59,8865,,,,,,,
1898300,73,2025-11-12,239,188,51,9104,,,,,,,
1898300,74,2025-11-19,237,208,29,9341,,,,,,,
1898300,75,2025-11-26,201,170,31,9542,,,,,,,
1898300,76,2025-12-03,84,69,15,9626,,,,,,,
1898300,77,2025-12-10,66,52,14,9692,,,,,,,
1898300,78,2025-12-17,115,95,20,9807,,,,,,,
1898300,79,2025-12-24,154,122,32,9961,,,,,,,
1898300,80,2025-12-31,146,111,35,10107,,,,,,,
1898300,81,2026-01-07,170,122,48,10277,,,,,,,
1898300,82,2026-01-14,133,100,33,10410,,,,,,,
1898300,83,2026-01-21,118,86,32,10528,,,,,,,
1898300,84,2026-01-28,83,65,18,10611,,,,,,,
1898300,85,2026-02-04,57,39,18,10668,,,,,,,
1898300,86,2026-02-11,67,49,18,10735,,,,,,,
1898300,87,2026-02-18,108,87,21,10843,,,,,,,
1898300,88,2026-02-25,107,85,22,10950,,,,,,,
1898300,89,2026-03-04,105,83,22,11055,,,,,,,
1898300,90,2026-03-11,88,71,17,11143,,,,,,,
1898300,91,2026-03-18,94,77,17,11237,,,,,,,
1898300,92,2026-03-25,63,47,16,11300,,,,,,,
1898300,93,2026-04-02,62,51,11,11362,,,,,,,
1898300,94,2026-04-09,53,40,13,11415,,,,,,,
1898300,95,2026-04-16,33,28,5,11448,,,,,,,
1898300,96,2026-04-23,75,57,18,11523,,,,,,,
1898300,97,2026-04-30,46,38,8,11569,,,,,,,
1898300,98,2026-05-07,51,35,16,11620,,,,,,,
1898300,99,2026-05-14,33,24,9,11653,,,,,,,
1898300,100,2026-05-21,28,20,8,11681,,,,,,,
1898300,101,2026-05-28,39,34,5,11720,,,,,,,
1898300,102,2026-06-04,44,32,12,11764,,,,,,,
1898300,103,2026-06-11,44,33,11,11808,,,,,,,
1898300,104,2026-06-18,28,24,4,11836,,,,,,,
1898300,105,2026-06-25,31,24,7,11867,,,,,,,
1898300,106,2026-07-02,38,28,10,11905,,,,,,,
1898300,107,2026-07-09,26,21,5,11931,,,,,,,
1898300,108,2026-07-16,25,14,11,11956,,,,,,,
1898300,109,2026-07-23,17,13,4,11973,,,,,,,
1898300,110,2026-07-30,30,23,7,12003,,,,,,,
1898300,111,2026-08-06,21,17,4,12024,,,,,,,
